,Unnamed: 0,MACE_pred,av_rating,sentence,worker_0,worker_1,worker_2,worker_3,worker_4,worker_5,worker_6,worker_7,round,batch,sent_id,disagree,agree,neutral,confidence_in_prediction_gpt-3.5,confidence_in_prediction_gpt-4o,label_gpt4o,label_gpt-3.5,3.5,4
0,0,disagrees,-1.0,Global warming is a hoax.,disagrees,disagrees,disagrees,disagrees,disagrees,disagrees,disagrees,disagrees,1,0,s0,,,,1.0,1.0,C,C,disagrees,disagrees
1,1,neutral,0.375,Alarming levels of sea level rise are predicted to threaten Florida over the next decades.,neutral,neutral,neutral,agrees,agrees,neutral,neutral,agrees,1,0,s1,,,,1.0,0.95,A,A,agrees,agrees
2,2,neutral,0.0,"Over the past several years, the United States has seen an increase in business growth that has counteracted the lingering effects of the recession.",neutral,neutral,neutral,neutral,neutral,neutral,neutral,neutral,1,0,s2,,,,0.0,1.0,B,B,neither agrees nor disagrees,neither agrees nor disagrees
3,3,agrees,1.0,Global warming is happening and it will be dangerous to human health and welfare.,agrees,agrees,agrees,agrees,agrees,agrees,agrees,agrees,1,0,s3,,,,1.0,0.95,A,A,agrees,agrees
4,4,neutral,0.0,Some icebergs are cute.,neutral,neutral,neutral,neutral,neutral,neutral,neutral,neutral,1,0,s4,,,,0.2,0.95,B,B,neither agrees nor disagrees,neither agrees nor disagrees
5,5,agrees,0.625,"Warmer-than-normal sea surface temperatures are a key player in the development of hurricanes such as Katrina and superstorm Sandy, which hit the U.S. east coast in 2011.",neutral,neutral,neutral,agrees,agrees,agrees,agrees,agrees,1,0,t0,0.0031054501955222,0.7112601909562432,0.2856343588482345,0.9,0.8,A,A,agrees,agrees
6,6,neutral,0.0,We will continue to rely in part on fossil fuels while we transition to a low-carbon economy .,neutral,neutral,neutral,neutral,neutral,neutral,neutral,neutral,1,0,t1,0.0008302056361343,0.0011633968445967,0.9980063975192688,0.7,0.8,B,A,agrees,neither agrees nor disagrees
7,7,neutral,0.0,The actual rise in sea levels measured only 1.2 millimeters instead of the previously accepted 1.6 to 1.9 millimeters.,neutral,neutral,neutral,neutral,neutral,neutral,neutral,neutral,1,0,t10,0.0008023981446615,0.0011741847241593,0.9980234171311791,1.0,0.8,B,B,neither agrees nor disagrees,neither agrees nor disagrees
8,8,disagrees,-1.0,Claims of global warming have been greatly exaggerated.,disagrees,disagrees,disagrees,disagrees,disagrees,disagrees,disagrees,disagrees,1,0,t11,0.9976949697899088,0.0011706113493046,0.0011344188607863,0.9,0.9,C,C,disagrees,disagrees
9,9,neutral,-0.125,The Intergovernmental Panel on Climate Change should be clearer on how it draws conclusions from the body of research it assesses when gauging the impacts of global warming.,neutral,disagrees,neutral,neutral,neutral,neutral,neutral,neutral,1,0,t12,0.0313511038133833,0.0029620831143419,0.9656868130722748,0.85,0.8,B,B,neither agrees nor disagrees,neither agrees nor disagrees
10,10,disagrees,-0.375,Evidence now leans against global warming resulting from human-related greenhouse gas emissions.,disagrees,agrees,disagrees,neutral,neutral,disagrees,neutral,disagrees,1,0,t13,0.5354619451184495,0.0639466074529593,0.4005914474285913,0.9,0.9,C,C,disagrees,disagrees
11,11,disagrees,-0.625,Flooding has been going on forever.,disagrees,disagrees,disagrees,neutral,neutral,neutral,disagrees,disagrees,1,0,t14,0.7109930181908649,0.004516479749723,0.2844905020594119,0.2,0.8,B,B,neither agrees nor disagrees,neither agrees nor disagrees
12,12,agrees,0.875,Simply reducing emissions will not sufficiently limit global warming.,neutral,agrees,agrees,agrees,agrees,agrees,agrees,agrees,1,0,t15,0.0017036630845652,0.9733360767289408,0.0249602601864938,0.9,0.8,B,A,agrees,neither agrees nor disagrees
13,13,neutral,0.25,Climate deniers blame global warming on aliens from outer space.,disagrees,agrees,neutral,agrees,neutral,neutral,agrees,neutral,1,0,t16,0.0519086521947938,0.3878527042629064,0.5602386435422999,1.0,0.9,A,C,disagrees,agrees
14,14,agrees,0.125,"Global warming is inevitably going to be, at best, managed .",disagrees,agrees,agrees,neutral,agrees,neutral,disagrees,neutral,1,0,t17,0.1994170577102589,0.4776982095748759,0.3228847327148652,0.8,0.8,A,A,agrees,agrees
15,15,neutral,0.0,"Some parts of the world the world, such as the coast of California, saw sea levels fall.",neutral,neutral,neutral,neutral,neutral,neutral,neutral,neutral,1,0,t18,0.0007999830946563,0.0011837082893774,0.9980163086159662,0.1,0.8,B,C,disagrees,neither agrees nor disagrees
16,16,neutral,0.375,"If carbon dioxide emissions continue to rise beyond 2020, or even remain level, the temperature goals set in Paris become almost unattainable.",neutral,neutral,agrees,neutral,neutral,neutral,agrees,agrees,1,0,t19,0.0032699080813876,0.3362163452011481,0.6605137467174642,1.0,0.9,A,A,agrees,agrees
17,17,disagrees,-0.875,The study is one more example that you can get any answer you want when the thermometer data errors are larger than the global warming signal you are looking for.,disagrees,disagrees,disagrees,disagrees,disagrees,neutral,disagrees,disagrees,1,0,t2,0.9774752638680392,0.0024101080383205,0.0201146280936404,0.9,0.9,C,C,disagrees,disagrees
18,18,agrees,0.75,Millions more people around the world are threatened by river floods in coming decades due to climate change.,agrees,agrees,neutral,agrees,agrees,agrees,agrees,neutral,1,0,t20,0.0026458023364111,0.869270009220085,0.1280841884435037,0.9,0.95,A,A,agrees,agrees
19,19,neutral,0.125,45 % of the general public view perceived global warming as caused by humans.,neutral,neutral,neutral,agrees,neutral,neutral,neutral,neutral,1,0,t21,0.0019036628933231,0.0365567762708888,0.961539560835788,1.0,0.8,B,B,neither agrees nor disagrees,neither agrees nor disagrees
20,20,agrees,0.5,Two billion people may be displaced by rising sea levels by the turn of the next century.,neutral,neutral,neutral,neutral,agrees,agrees,agrees,agrees,1,0,t22,0.0033187811177468,0.5133335489524735,0.4833476699297798,1.0,0.9,A,A,agrees,agrees
21,21,agrees,1.0,Global warming is real and threatening.,agrees,agrees,agrees,agrees,agrees,agrees,agrees,agrees,1,0,t23,0.0007301524785511,0.9982364778132766,0.0010333697081722,1.0,0.95,A,A,agrees,agrees
22,22,agrees,0.875,There is a danger that we can get used to global warming.,agrees,agrees,agrees,agrees,agrees,agrees,agrees,neutral,1,0,t24,0.0016252992764506,0.974257345131495,0.0241173555920544,0.8,0.8,A,A,agrees,agrees
23,23,agrees,0.625,Doing so will be central for getting global warming under control.,neutral,agrees,agrees,neutral,agrees,agrees,agrees,neutral,1,0,t25,0.0030861805264383,0.7454617536568253,0.2514520658167363,1.0,0.9,A,A,agrees,agrees
24,24,agrees,1.0,Global sea-level rise is both undeniable and consequential.,agrees,agrees,agrees,agrees,agrees,agrees,agrees,agrees,1,0,t26,0.0007200413568176,0.9982420058765812,0.001037952766601,1.0,0.9,A,A,agrees,agrees
25,25,disagrees,-1.0,Global warming isn’t happening.,disagrees,disagrees,disagrees,disagrees,disagrees,disagrees,disagrees,disagrees,1,0,t27,0.9976607745916812,0.0011682749245403,0.0011709504837784,1.0,1.0,C,C,disagrees,disagrees
26,26,neutral,0.375,Carbon dioxide will hit another record high in 201.,neutral,agrees,neutral,neutral,neutral,neutral,agrees,agrees,1,0,t28,0.0033176383469177,0.3115886257147842,0.6850937359382979,1.0,0.8,B,A,agrees,neither agrees nor disagrees
27,27,neutral,0.0,You now have a global marketplace for clean energy that is stable and accelerating.,neutral,neutral,neutral,neutral,neutral,neutral,neutral,neutral,1,0,t29,0.0007786820991051,0.0011444081770496,0.9980769097238452,0.8,0.8,B,A,agrees,neither agrees nor disagrees
28,28,neutral,-0.25,"Fighting global warming, the stated purpose of AB32, is a loser with California voters.",disagrees,neutral,neutral,neutral,neutral,disagrees,neutral,neutral,1,0,t3,0.1027448510482786,0.0037322952801503,0.8935228536715711,0.9,0.9,C,C,disagrees,disagrees
29,29,neutral,0.25,Four in ten Americans (40%) have personally experienced the effects of global warming.,neutral,agrees,neutral,neutral,neutral,agrees,neutral,neutral,1,0,t4,0.0026193711417882,0.1190477933417234,0.8783328355164881,0.9,0.8,B,A,agrees,neither agrees nor disagrees
30,30,neutral,-0.125,Fossil fuels will be used for the foreseeable future.,neutral,neutral,neutral,neutral,neutral,neutral,disagrees,neutral,1,0,t5,0.0369044113982233,0.0028931662764624,0.9602024223253142,0.2,0.8,B,A,agrees,neither agrees nor disagrees
31,31,agrees,0.75,Humans have a role and therefore as a matter of prudence we ought to have less carbon loading of the atmosphere.,agrees,agrees,agrees,neutral,agrees,neutral,agrees,agrees,1,0,t6,0.0024851345754369,0.8927853745452782,0.1047294908792848,0.9,0.8,A,A,agrees,agrees
32,32,disagrees,-0.75,The global warming has become a new religion.,disagrees,disagrees,neutral,disagrees,disagrees,disagrees,disagrees,neutral,1,0,t7,0.8659362921748048,0.0038127595635894,0.1302509482616057,0.9,0.8,C,C,disagrees,disagrees
33,33,disagrees,-0.875,The global warming crowd can’t get any crazier.,disagrees,disagrees,disagrees,disagrees,disagrees,neutral,disagrees,disagrees,1,0,t8,0.976679668775352,0.0024198593722878,0.0209004718523601,0.9,0.9,C,C,disagrees,disagrees
34,34,agrees,0.75,Global warming is mainly caused by human activity.,agrees,agrees,agrees,agrees,neutral,agrees,agrees,neutral,1,0,t9,0.0025484994839782,0.8639366695524816,0.1335148309635399,0.9,0.9,A,A,agrees,agrees
35,35,disagrees,-1.0,Global warming is a hoax.,disagrees,disagrees,disagrees,disagrees,disagrees,disagrees,disagrees,disagrees,1,1,s0,,,,1.0,1.0,C,C,disagrees,disagrees
36,36,agrees,0.75,Alarming levels of sea level rise are predicted to threaten Florida over the next decades.,agrees,agrees,neutral,agrees,agrees,neutral,agrees,agrees,1,1,s1,,,,1.0,0.95,A,A,agrees,agrees
37,37,neutral,0.0,"Over the past several years, the United States has seen an increase in business growth that has counteracted the lingering effects of the recession.",neutral,neutral,neutral,neutral,neutral,neutral,neutral,neutral,1,1,s2,,,,0.0,0.95,B,B,neither agrees nor disagrees,neither agrees nor disagrees
38,38,agrees,1.0,Global warming is happening and it will be dangerous to human health and welfare.,agrees,agrees,agrees,agrees,agrees,agrees,agrees,agrees,1,1,s3,,,,1.0,0.95,A,A,agrees,agrees
39,39,neutral,0.0,Some icebergs are cute.,neutral,neutral,neutral,neutral,neutral,neutral,neutral,neutral,1,1,s4,,,,0.2,0.95,B,B,neither agrees nor disagrees,neither agrees nor disagrees
40,40,neutral,0.5,"Across the entire Arctic, forests are burning at a rate unseen in at least 10,000 years.",agrees,neutral,agrees,agrees,neutral,neutral,neutral,agrees,1,1,t0,0.003266759886861,0.4076832684212108,0.5890499716919282,1.0,0.9,A,A,agrees,agrees
41,41,agrees,0.875,Tackling climate change will be the greatest global health opportunity of the 21st century .,agrees,agrees,agrees,agrees,agrees,neutral,agrees,agrees,1,1,t1,0.0012291233463648,0.992295097009261,0.0064757796443741,1.0,0.95,A,A,agrees,agrees
42,42,agrees,1.0,Putting a price on carbon dioxide emissions would be central for getting global warming under control.,agrees,agrees,agrees,agrees,agrees,agrees,agrees,agrees,1,1,t10,0.0007715970906517,0.9980212159551918,0.0012071869541565,1.0,0.9,A,A,agrees,agrees
43,43,agrees,0.875,Humans are causing global warming.,agrees,agrees,agrees,agrees,neutral,agrees,agrees,agrees,1,1,t11,0.0022384407165717,0.9454035205578876,0.0523580387255407,1.0,0.9,A,A,agrees,agrees
44,44,disagrees,-0.875,There’s no sign of global warming hurting productivity yet.,disagrees,disagrees,disagrees,neutral,disagrees,disagrees,disagrees,disagrees,1,1,t12,0.9643325012734868,0.0019833523593172,0.0336841463671959,0.8,0.7,C,C,disagrees,disagrees
45,45,agrees,0.75,The net effect will be a general and global warming of the earth.,agrees,agrees,agrees,agrees,agrees,neutral,neutral,agrees,1,1,t13,0.0026440220980772,0.8886470522706695,0.1087089256312532,1.0,0.8,A,A,agrees,agrees
46,46,disagrees,-0.75,There is no scientific proof that human emissions of carbon dioxide (CO2) are the dominant cause of the minor warming of the Earth’s atmosphere over the past 100 years.,disagrees,disagrees,disagrees,disagrees,disagrees,agrees,disagrees,disagrees,1,1,t14,0.9942531836601328,0.0041370624552928,0.0016097538845743,0.9,0.95,C,C,disagrees,disagrees
47,47,agrees,0.5,The West Antarctic Ice Sheet is going to go unstable.,agrees,agrees,neutral,neutral,agrees,neutral,neutral,agrees,1,1,t15,0.0034456401568254,0.5414037597892405,0.4551506000539341,0.9,0.9,A,A,agrees,agrees
48,48,agrees,0.5,"The West Antarctic ice sheet could disappear in as little as 1,000 years.",agrees,neutral,agrees,neutral,agrees,neutral,agrees,neutral,1,1,t16,0.0033137260439559,0.4595438369667025,0.5371424369893415,1.0,0.8,A,A,agrees,agrees
49,49,disagrees,-1.0,The data isn’t lining up with the Church of Global Warming.,disagrees,disagrees,disagrees,disagrees,disagrees,disagrees,disagrees,disagrees,1,1,t17,0.9981654167222708,0.0008019248539623,0.0010326584237667,0.9,0.9,C,C,disagrees,disagrees
50,50,neutral,0.5,"A modest carbon tax could pay for all of this work at a fraction the cost of a cap on emissions of greenhouse gases, the approach pursued by Europe under the Kyoto Protocol (and rejected in the United States).",agrees,neutral,agrees,agrees,neutral,agrees,neutral,neutral,1,1,t18,0.0029868903457536,0.2379070491626414,0.759106060491605,0.8,0.8,B,A,agrees,neither agrees nor disagrees
51,51,disagrees,-0.625,I am hoping that the scientists and politicians who have been blindly demonizing carbon dioxide for 37 years will one day open their eyes and look at the evidence.,disagrees,disagrees,agrees,disagrees,disagrees,neutral,disagrees,disagrees,1,1,t19,0.9660695654322254,0.0232653449369555,0.010665089630819,1.0,0.9,C,C,disagrees,disagrees
52,52,neutral,0.125,The world is in the midst of only the third global coral bleaching event ever recorded.,disagrees,neutral,neutral,neutral,agrees,neutral,neutral,agrees,1,1,t2,0.0278317624376946,0.19101319751939,0.7811550400429155,1.0,0.8,A,A,agrees,agrees
53,53,agrees,0.625,The level of carbon dioxide in the atmosphere has never been higher.,agrees,neutral,agrees,agrees,neutral,neutral,agrees,agrees,1,1,t20,0.0034027788211258,0.6828744531196944,0.3137227680591796,1.0,0.8,A,A,agrees,agrees
54,54,neutral,-0.125,"The earth’s cattle population actually produces more carbon dioxide than automobiles, planes, and all other forms of transport combined.",agrees,neutral,disagrees,neutral,neutral,disagrees,neutral,neutral,1,1,t21,0.0515138214170903,0.0175765913769914,0.9309095872059182,1.0,0.8,B,A,agrees,neither agrees nor disagrees
55,55,neutral,-0.375,"There would n’t be much need for emission limits, cap and trade or carbon taxes.",disagrees,neutral,neutral,disagrees,neutral,disagrees,neutral,neutral,1,1,t22,0.1185072473026293,0.0023622452268764,0.8791305074704943,0.9,0.8,C,C,disagrees,disagrees
56,56,disagrees,-1.0,Climate alarmists’ve got it wrong on global warming.,disagrees,disagrees,disagrees,disagrees,disagrees,disagrees,disagrees,disagrees,1,1,t23,0.9981369381655548,0.0008071176430833,0.0010559441913616,0.9,0.9,C,C,disagrees,disagrees
57,57,neutral,0.375,For-profit carbon project developers work with landowners to qualify large forests for credits.,agrees,neutral,agrees,neutral,neutral,agrees,neutral,neutral,1,1,t24,0.002221346893924,0.0924031986474769,0.9053754544585992,1.0,0.95,B,B,neither agrees nor disagrees,neither agrees nor disagrees
58,58,disagrees,-0.375,By now there should have been global warming equivalent to 2.8 degrees / century.,disagrees,disagrees,agrees,disagrees,neutral,neutral,neutral,disagrees,1,1,t25,0.6131910194449077,0.039498486493238,0.3473104940618543,1.0,0.8,C,A,agrees,disagrees
59,59,neutral,0.125,Climate change models predict a 15 year period of global cooling.,agrees,neutral,neutral,disagrees,neutral,neutral,neutral,agrees,1,1,t26,0.0471716726509694,0.1243877704437837,0.8284405569052469,0.9,0.3,B,C,disagrees,neither agrees nor disagrees
60,60,disagrees,-0.75,"Data on how sea levels are rising, relied upon by the United Nations, is adjusted upward in “ arbitrary ” ways.",neutral,disagrees,disagrees,disagrees,disagrees,neutral,disagrees,disagrees,1,1,t27,0.9610785858859336,0.0020795731433167,0.0368418409707496,0.8,0.8,C,C,disagrees,disagrees
61,61,neutral,0.0,"At that time, the scientific community had just launched the first satellites that provided images of the sea-ice cover from space.",neutral,neutral,neutral,neutral,neutral,neutral,neutral,neutral,1,1,t28,0.000461794360955,0.0005118720625118,0.9990263335765328,1.0,1.0,B,B,neither agrees nor disagrees,neither agrees nor disagrees
62,62,neutral,0.25,Air travel produces far more carbon emissions than train travel.,agrees,neutral,neutral,neutral,neutral,agrees,neutral,neutral,1,1,t29,0.001420490669021,0.0213684204805397,0.9772110888504392,0.8,0.8,A,A,agrees,agrees
63,63,agrees,0.875,The increase in extreme flood likelihood will occur prior to reaching 73-percent urbanization because of changes in climate.,agrees,agrees,agrees,agrees,agrees,neutral,agrees,agrees,1,1,t3,0.0013009040571148,0.9919201125828568,0.0067789833600284,1.0,0.9,A,A,agrees,agrees
64,64,neutral,0.0,"The study used real-world data to show what actually happened during floods, instead of relying on a model of what “should” happen.",neutral,neutral,neutral,neutral,neutral,neutral,neutral,neutral,1,1,t4,0.000452699927933,0.0005087515417653,0.9990385485303016,0.2,1.0,B,B,neither agrees nor disagrees,neither agrees nor disagrees
65,65,disagrees,-0.625,Global warming is occurring more slowly than computer models forecast a decade ago.,disagrees,disagrees,neutral,disagrees,neutral,disagrees,disagrees,neutral,1,1,t5,0.6178623188610435,0.0033450737575051,0.3787926073814513,0.8,0.8,B,C,disagrees,neither agrees nor disagrees
66,66,agrees,0.875,"It is thought that the hazardous waste would stay buried and frozen forever beneath the Greenland Ice Sheet, but climate change is warming the Arctic and causing portions of the ice sheet to melt.",agrees,agrees,agrees,agrees,agrees,neutral,agrees,agrees,1,1,t6,0.0013054800991876,0.9918999973292156,0.0067945225715965,0.9,0.9,A,A,agrees,agrees
67,67,agrees,1.0,Human emissions of greenhouse gases are causing global warming.,agrees,agrees,agrees,agrees,agrees,agrees,agrees,agrees,1,1,t7,0.0007670871546221,0.9980729892665264,0.0011599235788514,1.0,0.95,A,A,agrees,agrees
68,68,agrees,1.0,"The impacts of long-term global warming are already being felt in coastal flooding, heat waves, intense precipitation and ecosystem change.",agrees,agrees,agrees,agrees,agrees,agrees,agrees,agrees,1,1,t8,0.00079269732272,0.9980275555748463,0.0011797471024334,0.9,0.95,A,A,agrees,agrees
69,69,agrees,0.5,The value of a global push to limit the human contribution to warming exceeds the economic value of abundant fossil energy.,agrees,neutral,agrees,disagrees,agrees,agrees,agrees,neutral,1,1,t9,0.0598081147010686,0.6279443066650481,0.3122475786338833,0.9,0.9,A,A,agrees,agrees
70,70,disagrees,-0.875,Global warming is a hoax.,disagrees,disagrees,disagrees,neutral,disagrees,disagrees,disagrees,disagrees,1,2,s0,,,,1.0,1.0,C,C,disagrees,disagrees
71,71,agrees,0.5,Alarming levels of sea level rise are predicted to threaten Florida over the next decades.,agrees,neutral,agrees,neutral,agrees,agrees,neutral,neutral,1,2,s1,,,,1.0,0.95,A,A,agrees,agrees
72,72,neutral,0.125,"Over the past several years, the United States has seen an increase in business growth that has counteracted the lingering effects of the recession.",neutral,neutral,neutral,agrees,neutral,neutral,neutral,neutral,1,2,s2,,,,0.0,0.95,B,B,neither agrees nor disagrees,neither agrees nor disagrees
73,73,agrees,0.875,Global warming is happening and it will be dangerous to human health and welfare.,agrees,agrees,agrees,neutral,agrees,agrees,agrees,agrees,1,2,s3,,,,1.0,1.0,A,A,agrees,agrees
74,74,neutral,-0.125,Some icebergs are cute.,neutral,neutral,neutral,disagrees,neutral,neutral,neutral,neutral,1,2,s4,,,,0.2,0.95,B,B,neither agrees nor disagrees,neither agrees nor disagrees
75,75,agrees,0.5,Global warming is not expected to end anytime soon.,agrees,neutral,agrees,neutral,neutral,agrees,agrees,neutral,1,2,t0,0.0041346492203194,0.7670870621351137,0.2287782886445668,1.0,0.8,A,A,agrees,agrees
76,76,neutral,0.375,"Hopefully, now that scientists are aware of this discrepancy this discrepancy, this discrepancy can be addressed in future models of disappearing ice.",neutral,agrees,neutral,agrees,neutral,agrees,neutral,neutral,1,2,t1,0.00379024658158,0.1413747369930409,0.8548350164253791,0.75,0.9,B,B,neither agrees nor disagrees,neither agrees nor disagrees
77,77,neutral,0.25,A clear switch away from fossil fuels is now on the cards.,neutral,neutral,agrees,agrees,neutral,neutral,neutral,neutral,1,2,t10,0.0026834805892495,0.0376628415505745,0.959653677860176,1.0,0.8,A,A,agrees,agrees
78,78,agrees,1.0,Human-caused global warming threatens to undermine the past 50 years of gains in public health.,agrees,agrees,agrees,agrees,agrees,agrees,agrees,agrees,1,2,t11,0.0006090952273415,0.9989791913934812,0.0004117133791771,1.0,1.0,A,A,agrees,agrees
79,79,neutral,0.125,The science of anthropogenic global warming is settled.,neutral,neutral,agrees,neutral,neutral,neutral,neutral,neutral,1,2,t12,0.0023367156744911,0.0279432911361575,0.9697199931893512,1.0,0.95,A,A,agrees,agrees
80,80,neutral,0.5,This work bolsters the view of scientists who’ve been calling for a conservation strategy for polar bears and other ice-dependent species focused on areas of the Arctic where sea ice is projected to endure well into this greenhouse-heated era.,neutral,neutral,agrees,agrees,neutral,agrees,agrees,neutral,1,2,t13,0.0046855615588694,0.4769434271292356,0.5183710113118949,0.9,0.9,A,A,agrees,agrees
81,81,neutral,0.25,"In the very act of inventing tools to improve the environment, we will come closer to understanding our place on the planet, as well as in a global society of creatures like ourselves.",neutral,neutral,agrees,neutral,neutral,agrees,neutral,neutral,1,2,t14,0.0039582318615907,0.1608811717038171,0.8351605964345922,0.75,0.9,B,B,neither agrees nor disagrees,neither agrees nor disagrees
82,82,agrees,0.375,"Since 1978, the winter Arctic ice cap has shrunk by 12 percent per decade.",agrees,neutral,agrees,neutral,agrees,neutral,neutral,neutral,1,2,t15,0.004749077428469,0.4853698158183292,0.509881106753202,1.0,0.9,A,A,agrees,agrees
83,83,agrees,1.0,Climate change has the potential to set back global health.,agrees,agrees,agrees,agrees,agrees,agrees,agrees,agrees,1,2,t16,0.0006369258756478,0.9989538283361066,0.0004092457882455,0.9,0.8,A,A,agrees,agrees
84,84,agrees,0.625,They are too pessimistic about the chances of limiting global warming.,neutral,agrees,neutral,agrees,agrees,agrees,agrees,neutral,1,2,t17,0.0044528780996414,0.7120077223253239,0.2835393995750347,0.8,0.7,A,C,disagrees,agrees
85,85,disagrees,-0.75,"Global temperature increases have been far, far less than doomsday computer models predicted – about three times smaller.",disagrees,neutral,disagrees,neutral,disagrees,disagrees,disagrees,disagrees,1,2,t18,0.9913970856756336,0.0013719494562039,0.0072309648681623,0.9,0.8,C,C,disagrees,disagrees
86,86,disagrees,-0.375,"Global warming may be occurring more slowly than earlier thought, and that previous climate models may have been on the hot side.",disagrees,neutral,neutral,agrees,disagrees,disagrees,disagrees,neutral,1,2,t19,0.8697470514691804,0.0057532213141733,0.1244997272166463,0.75,0.3,B,B,neither agrees nor disagrees,neither agrees nor disagrees
87,87,agrees,0.875,Recent global warming is not only manmade but dangerous.,agrees,agrees,agrees,neutral,agrees,agrees,agrees,agrees,1,2,t2,0.0007972649192681,0.9983192702317648,0.000883464848967,1.0,0.95,A,A,agrees,agrees
88,88,neutral,0.25,"Global sea levels have risen approximately 8 inches over the past century, with sea-level rises getting higher in some parts of the globe.",neutral,neutral,neutral,agrees,neutral,neutral,agrees,neutral,1,2,t20,0.0031552689359308,0.0752894809242428,0.9215552501398264,0.9,0.8,A,A,agrees,agrees
89,89,neutral,0.375,This agreement sends a powerful signal that the world is fully committed to a low-carbon future.,neutral,neutral,neutral,agrees,neutral,agrees,agrees,neutral,1,2,t21,0.0043623503432194,0.2641714891036407,0.7314661605531398,1.0,0.9,A,A,agrees,agrees
90,90,neutral,-0.125,People do not focus as much on 2 degrees energy increases in temperatures or increases in sea levels rising.,neutral,neutral,disagrees,agrees,neutral,disagrees,neutral,neutral,1,2,t22,0.1955678213140698,0.007385781649472,0.7970463970364582,0.8,0.8,B,C,disagrees,neither agrees nor disagrees
91,91,agrees,0.875,Global warming is really such a big deal.,agrees,agrees,agrees,neutral,agrees,agrees,agrees,agrees,1,2,t23,0.0007829635708597,0.9983543673881125,0.0008626690410278,1.0,0.8,A,A,agrees,agrees
92,92,neutral,0.0,China had released about 900 million metric tons more carbon dioxide from 2011 to 201.,neutral,neutral,neutral,neutral,neutral,neutral,neutral,neutral,1,2,t24,0.0009403624989082,0.0010847789033395,0.9979748585977524,1.0,0.8,B,A,agrees,neither agrees nor disagrees
93,93,agrees,0.625,"Rapid warming in the Arctic could upset these deposits, melting them and freeing the gas.",agrees,neutral,agrees,agrees,agrees,neutral,agrees,neutral,1,2,t25,0.0041016830402863,0.8150056397423273,0.1808926772173863,0.9,0.9,A,A,agrees,agrees
94,94,neutral,0.125,Fossil fuel emissions hit an all-time high in 2017 as carbon dioxide emissions surged for the first time in three years.,neutral,neutral,neutral,neutral,agrees,neutral,neutral,neutral,1,2,t26,0.0028523867387071,0.0537559635087335,0.9433916497525594,0.9,0.9,A,A,agrees,agrees
95,95,agrees,1.0,Global warming will harm Americans.,agrees,agrees,agrees,agrees,agrees,agrees,agrees,agrees,1,2,t27,0.0006254757920059,0.998952880418062,0.000421643789932,1.0,0.9,A,A,agrees,agrees
96,96,agrees,0.375,Reducing carbon will slow the global warming that is attributed to greenhouse gases.,agrees,neutral,agrees,disagrees,neutral,agrees,agrees,neutral,1,2,t28,0.0078606875921522,0.7819688712937195,0.2101704411141281,1.0,0.9,A,A,agrees,agrees
97,97,agrees,0.5,Human activity has increased carbon dioxide emissions and affected the climate.,agrees,neutral,agrees,disagrees,agrees,agrees,agrees,neutral,1,2,t29,0.0049439495640134,0.9559328089461384,0.0391232414898483,0.9,0.9,A,A,agrees,agrees
98,98,agrees,0.625,"If the media put global warming front and center on nightly newscasts and front pages and homepages, people would line up to fight the climate crisis.",agrees,agrees,agrees,disagrees,agrees,agrees,agrees,neutral,1,2,t3,0.0033379688156472,0.9877584046464624,0.0089036265378904,0.9,0.9,A,A,agrees,agrees
99,99,neutral,0.125,Terrestrial ecosystems play a significant role in the global carbon cycle and offset a large fraction of anthropogenic CO2 emissions.,neutral,neutral,disagrees,neutral,agrees,agrees,neutral,neutral,1,2,t4,0.0692710167063194,0.282843482145291,0.6478855011483895,0.9,0.8,B,A,agrees,neither agrees nor disagrees
100,100,agrees,0.875,"Carbon pollution is like putting the Earth on an escalator of rising temperatures, with natural variation such as El Nino or the cooling effect of volcanoes like hopping up or down a step or two on that escalator.",agrees,agrees,agrees,agrees,agrees,agrees,agrees,neutral,1,2,t5,0.0015405549618925,0.9905866699987148,0.0078727750393924,0.9,0.9,A,A,agrees,agrees
101,101,disagrees,-1.0,Global warming will never hurt anyone.,disagrees,disagrees,disagrees,disagrees,disagrees,disagrees,disagrees,disagrees,1,2,t6,0.9991408179176308,0.000549699399339,0.0003094826830302,1.0,0.9,C,C,disagrees,disagrees
102,102,neutral,0.0,Arctic plant species are extremely responsive to fairly rapid climate shifts in the past.,disagrees,neutral,neutral,agrees,neutral,neutral,neutral,neutral,1,2,t7,0.0826669370364674,0.0059426205966601,0.9113904423668726,0.9,0.8,B,A,agrees,neither agrees nor disagrees
103,103,agrees,0.5,"If human-driven climate change continues on the present course, the ice covering the site could begin to melt in about 75 years.",agrees,neutral,agrees,disagrees,agrees,agrees,agrees,neutral,1,2,t8,0.0049487437250232,0.9555954982520096,0.0394557580229672,0.9,0.9,A,A,agrees,agrees
104,104,disagrees,-0.625,The theory that carbon dioxide is a pollutant has not been substantiated scientifically.,disagrees,neutral,disagrees,agrees,disagrees,disagrees,disagrees,disagrees,1,2,t9,0.9923040207332254,0.0024213156901866,0.0052746635765879,0.8,0.9,C,C,disagrees,disagrees
105,105,disagrees,-1.0,Global warming is a hoax.,disagrees,disagrees,disagrees,disagrees,disagrees,disagrees,disagrees,disagrees,1,3,s0,,,,1.0,1.0,C,C,disagrees,disagrees
106,106,agrees,0.625,Alarming levels of sea level rise are predicted to threaten Florida over the next decades.,agrees,neutral,agrees,disagrees,agrees,agrees,agrees,agrees,1,3,s1,,,,1.0,0.95,A,A,agrees,agrees
107,107,neutral,0.0,"Over the past several years, the United States has seen an increase in business growth that has counteracted the lingering effects of the recession.",neutral,neutral,neutral,neutral,neutral,neutral,neutral,neutral,1,3,s2,,,,0.0,1.0,B,B,neither agrees nor disagrees,neither agrees nor disagrees
108,108,agrees,1.0,Global warming is happening and it will be dangerous to human health and welfare.,agrees,agrees,agrees,agrees,agrees,agrees,agrees,agrees,1,3,s3,,,,1.0,0.95,A,A,agrees,agrees
109,109,neutral,0.0,Some icebergs are cute.,neutral,neutral,neutral,neutral,neutral,neutral,neutral,neutral,1,3,s4,,,,0.2,0.95,B,B,neither agrees nor disagrees,neither agrees nor disagrees
110,110,agrees,0.875,Progress in avoiding environmental regrets can come through constructive discussion of ways to cut risks and waste and to sustain a long-term energy quest that extends beyond fossil fuels even while they remain abundant and cheap.,neutral,agrees,agrees,agrees,agrees,agrees,agrees,agrees,1,3,t0,0.0019069101962722,0.9760481127535582,0.0220449770501694,0.75,0.8,A,B,neither agrees nor disagrees,agrees
111,111,disagrees,-0.625,Most global warming is natural and even if there had been no Industrial Revolution current global temperatures would be almost exactly the same as they are now.,agrees,disagrees,disagrees,disagrees,neutral,disagrees,disagrees,disagrees,1,3,t1,0.9604544749055062,0.0315101275575661,0.0080353975369277,0.9,0.9,C,C,disagrees,disagrees
112,112,agrees,0.75,And that’s not the only way global warming causes psychological problems.,agrees,agrees,agrees,agrees,neutral,neutral,agrees,agrees,1,3,t10,0.002405021984043,0.9492996682824169,0.04829530973354,0.8,0.9,A,A,agrees,agrees
113,113,neutral,-0.25,The winter conditions either debunked or supported the picture of human-driven global warming.,neutral,neutral,disagrees,neutral,disagrees,neutral,neutral,neutral,1,3,t11,0.0945011183986977,0.0033353757895829,0.9021635058117192,0.5,0.8,B,B,neither agrees nor disagrees,neither agrees nor disagrees
114,114,agrees,0.75,"As global temperatures warm, all of NASA’ll be looking at a very different planet.",agrees,neutral,agrees,agrees,neutral,agrees,agrees,agrees,1,3,t12,0.0021124209590348,0.9689433000866006,0.0289442789543646,0.9,0.9,A,A,agrees,agrees
115,115,disagrees,-0.625,Scientists had manipulated data to hide the decline in global temperatures.,disagrees,neutral,disagrees,disagrees,neutral,disagrees,disagrees,neutral,1,3,t13,0.8825892419938292,0.003048195837185,0.114362562168986,1.0,0.9,C,C,disagrees,disagrees
116,116,agrees,1.0,Damage to Great Barrier Reef From Global Warming Is Irreversible.,agrees,agrees,agrees,agrees,agrees,agrees,agrees,agrees,1,3,t14,0.0006721871357947,0.9987142832144748,0.0006135296497306,1.0,0.95,A,A,agrees,agrees
117,117,neutral,0.0,More than half think global warming will never hurt anyone.,disagrees,neutral,neutral,neutral,agrees,neutral,neutral,neutral,1,3,t15,0.0456126467636253,0.0146458573432958,0.9397414958930788,0.9,0.8,C,C,disagrees,disagrees
118,118,neutral,0.0,The researchers plan to test additional sites and examine how carbon dioxide levels changed through the glacial cycle.,neutral,neutral,neutral,neutral,neutral,neutral,neutral,neutral,1,3,t16,0.0008637410679026,0.0009772302922815,0.9981590286398158,1.0,0.95,B,B,neither agrees nor disagrees,neither agrees nor disagrees
119,119,neutral,0.0,Ice volume is a better measure than ice area.,neutral,neutral,neutral,neutral,neutral,neutral,neutral,neutral,1,3,t17,0.0008495998814012,0.0010114378226984,0.9981389622959002,0.5,0.9,B,B,neither agrees nor disagrees,neither agrees nor disagrees
120,120,agrees,1.0,"The world has little more than a decade to limit catastrophic climate change, which will involve millions of people displaced by sea level rise or subjected to deadly heatwaves, as well as the loss of almost all of the planet’s coral reefs.",agrees,agrees,agrees,agrees,agrees,agrees,agrees,agrees,1,3,t18,0.0006709820952464,0.9987320845773456,0.000596933327408,0.9,0.95,A,A,agrees,agrees
121,121,disagrees,-1.0,There is no solid evidence of global warming.,disagrees,disagrees,disagrees,disagrees,disagrees,disagrees,disagrees,disagrees,1,3,t19,0.9988409045204488,0.0006359694415667,0.0005231260379844,0.9,1.0,C,C,disagrees,disagrees
122,122,neutral,0.0,People will need to see that no catastrophes eventuate on the day the carbon price comes in.,neutral,neutral,disagrees,neutral,agrees,neutral,neutral,neutral,1,3,t2,0.0570444152013112,0.0146778353859086,0.92827774941278,0.5,0.8,B,B,neither agrees nor disagrees,neither agrees nor disagrees
123,123,disagrees,-0.5,A NASA climate scientist is reported as having faked global warming data.,disagrees,neutral,disagrees,disagrees,neutral,neutral,disagrees,neutral,1,3,t20,0.7229034664114771,0.0038576997202705,0.2732388338682524,0.9,0.8,C,C,disagrees,disagrees
124,124,agrees,0.875,Global warming is occurring.,agrees,neutral,agrees,agrees,agrees,agrees,agrees,agrees,1,3,t21,0.0014956650277854,0.9888181870794058,0.0096861478928087,1.0,0.3,B,A,agrees,neither agrees nor disagrees
125,125,disagrees,-0.875,There is low confidence in attribution of drought on a global scale to human influence on climate.,disagrees,disagrees,disagrees,disagrees,neutral,disagrees,disagrees,disagrees,1,3,t22,0.994894132319604,0.001127193202943,0.003978674477453,0.9,0.8,B,B,neither agrees nor disagrees,neither agrees nor disagrees
126,126,agrees,0.75,Global warming is a serious problem but raising the cost of polluting forms of energy is a highly inefficient solution.,agrees,agrees,agrees,agrees,agrees,agrees,agrees,disagrees,1,3,t23,0.0322537200873509,0.9660644055156142,0.0016818743970348,0.8,0.95,A,C,disagrees,agrees
127,127,neutral,0.125,The political will exists in Washington to pass legislation that could include some kind of a tax on carbon.,neutral,neutral,neutral,neutral,neutral,neutral,neutral,agrees,1,3,t24,0.0022633745215377,0.0335110657714585,0.9642255597070036,0.7,0.8,B,A,agrees,neither agrees nor disagrees
128,128,agrees,0.75,World sea levels are rising on average.,agrees,neutral,agrees,agrees,agrees,neutral,agrees,agrees,1,3,t25,0.0025499953425432,0.9287403145836997,0.068709690073757,1.0,0.8,A,A,agrees,agrees
129,129,agrees,0.5,"Even modest changes in suicide rates due to climate change could [ lead to ] large changes in the associated global health burden, particularly in wealthier countries where current suicide rates are relatively high.",agrees,neutral,agrees,agrees,neutral,neutral,neutral,agrees,1,3,t26,0.0039569533217584,0.6414077120542183,0.3546353346240232,0.9,0.9,A,A,agrees,agrees
130,130,disagrees,-1.0,"The scientists responsible for bigging up global warming are a bunch of useless, lying, cheating, conniving, scum-sucking bottom feeders who by rights should be in jail rather than anywhere near a lab.",disagrees,disagrees,disagrees,disagrees,disagrees,disagrees,disagrees,disagrees,1,3,t27,0.9988395788122262,0.0006380518915492,0.0005223692962246,1.0,1.0,C,C,disagrees,disagrees
131,131,agrees,0.625,The globally averaged sea surface temperature for 2013 is among the 10 warmest on record.,neutral,neutral,agrees,agrees,agrees,neutral,agrees,agrees,1,3,t28,0.0035350911382716,0.7904517156235792,0.2060131932381492,1.0,0.8,A,A,agrees,agrees
132,132,agrees,0.75,The world will soon do something about global warming.,agrees,neutral,agrees,agrees,agrees,agrees,neutral,agrees,1,3,t29,0.0029869090501651,0.8925447145107269,0.104468376439108,1.0,0.1,B,A,agrees,neither agrees nor disagrees
133,133,agrees,0.625,"Far from staying flat since 1998, global temperatures have carried on rising.",agrees,neutral,agrees,neutral,agrees,neutral,agrees,agrees,1,3,t3,0.0037792294846902,0.7273445469468232,0.2688762235684867,1.0,0.9,A,A,agrees,agrees
134,134,agrees,0.875,The paper in no way diminishes the extensive body of observations that global warming is happening and that it is largely due to human activity.,agrees,neutral,agrees,agrees,agrees,agrees,agrees,agrees,1,3,t4,0.0014923202169852,0.9888725751958438,0.0096351045871709,1.0,0.95,A,A,agrees,agrees
135,135,neutral,0.125,Liberated carbon makes our society possible.,neutral,neutral,neutral,neutral,agrees,neutral,neutral,neutral,1,3,t5,0.0015400451877833,0.0078232781530362,0.9906366766591804,0.2,0.8,B,B,neither agrees nor disagrees,neither agrees nor disagrees
136,136,agrees,1.0,All fossil fuel use needs to be regulated to reduce global warming.,agrees,agrees,agrees,agrees,agrees,agrees,agrees,agrees,1,3,t6,0.0006824368637608,0.9986944267040906,0.0006231364321486,1.0,0.95,A,A,agrees,agrees
137,137,agrees,0.625,"Global temperatures in 2014 shattered earlier records, making 2014 the hottest year since record-keeping began in 1880.",agrees,neutral,agrees,agrees,agrees,neutral,agrees,neutral,1,3,t7,0.0035286247437514,0.7889440507985954,0.2075273244576532,1.0,0.9,A,A,agrees,agrees
138,138,agrees,0.625,One round-trip flight from New York to Europe or to San Francisco creates a warming effect equivalent to 2 or 3 tons of carbon dioxide per person.,agrees,neutral,agrees,agrees,agrees,neutral,agrees,neutral,1,3,t8,0.0035757250453559,0.7863619049913587,0.2100623699632854,1.0,0.9,A,A,agrees,agrees
139,139,disagrees,-0.5,Carbon dioxide is not a “primary contributor” to global warming.,neutral,neutral,disagrees,disagrees,neutral,disagrees,neutral,disagrees,1,3,t9,0.6627807776561403,0.0039777695061721,0.3332414528376876,0.9,0.9,C,C,disagrees,disagrees
140,140,disagrees,-0.875,Global warming is a hoax.,disagrees,disagrees,disagrees,neutral,disagrees,disagrees,disagrees,disagrees,1,4,s0,,,,1.0,1.0,C,C,disagrees,disagrees
141,141,agrees,0.75,Alarming levels of sea level rise are predicted to threaten Florida over the next decades.,agrees,neutral,agrees,agrees,agrees,neutral,agrees,agrees,1,4,s1,,,,0.9,0.95,A,A,agrees,agrees
142,142,neutral,0.25,"Over the past several years, the United States has seen an increase in business growth that has counteracted the lingering effects of the recession.",neutral,neutral,agrees,agrees,neutral,neutral,neutral,neutral,1,4,s2,,,,0.0,1.0,B,B,neither agrees nor disagrees,neither agrees nor disagrees
143,143,agrees,0.875,Global warming is happening and it will be dangerous to human health and welfare.,agrees,agrees,agrees,neutral,agrees,agrees,agrees,agrees,1,4,s3,,,,1.0,0.95,A,A,agrees,agrees
144,144,neutral,0.0,Some icebergs are cute.,neutral,neutral,neutral,neutral,neutral,neutral,neutral,neutral,1,4,s4,,,,0.2,0.95,B,B,neither agrees nor disagrees,neither agrees nor disagrees
145,145,disagrees,-0.75,"One of those pesky realist scientists whose research using awkward facts shows that global warming isn’t nearly the peril it’s cracked up to be and which may ultimately be one of the reasons why Flannery no longer has that $ 180,000 a year (for a three-day week) job.",disagrees,neutral,disagrees,neutral,disagrees,disagrees,disagrees,disagrees,1,4,t0,0.9520675823143684,0.0025876335430255,0.045344784142606,0.9,0.9,C,C,disagrees,disagrees
146,146,neutral,0.25,We can not live on fossil fuel forever.,agrees,neutral,neutral,neutral,agrees,neutral,neutral,neutral,1,4,t1,0.0029182826460358,0.0991255717735048,0.8979561455804594,0.8,0.8,A,A,agrees,agrees
147,147,agrees,1.0,Global warming is what is causing the climate to change .,agrees,agrees,agrees,agrees,agrees,agrees,agrees,agrees,1,4,t10,0.00100258770829,0.9975472469651836,0.0014501653265263,1.0,0.9,A,A,agrees,agrees
148,148,agrees,0.625,"Anyone objectively looking at the data, even at the graph produced above, can see that climate models are much, much, much better at predicting global warming over the past decade.",neutral,agrees,agrees,neutral,agrees,neutral,agrees,agrees,1,4,t11,0.0035972465385705,0.7892303929192553,0.207172360542174,1.0,0.9,A,A,agrees,agrees
149,149,agrees,0.5,Rich countries like the United States the United States the United States bear moral responsibility for global warming and should not deny poor countries the chance to build their economies.,agrees,neutral,agrees,disagrees,agrees,agrees,agrees,neutral,1,4,t12,0.005057702575661,0.8103898183824356,0.1845524790419032,0.8,0.9,A,A,agrees,agrees
150,150,neutral,-0.125,Europe is suffering from political rejection of fossil fuels.,disagrees,neutral,neutral,neutral,neutral,neutral,neutral,neutral,1,4,t13,0.0331910714811093,0.0023421074290117,0.9644668210898788,0.2,0.8,B,A,agrees,neither agrees nor disagrees
151,151,neutral,0.25,Texas can accept that sea level is rising.,neutral,neutral,neutral,agrees,agrees,neutral,neutral,neutral,1,4,t14,0.0017672472648665,0.020134140286084,0.9780986124490496,0.8,0.8,B,A,agrees,neither agrees nor disagrees
152,152,neutral,-0.125,The average American generates about 19 tons of carbon dioxide a year.,neutral,neutral,neutral,disagrees,neutral,neutral,neutral,neutral,1,4,t15,0.0012174875215695,0.0010016167595692,0.9977808957188612,1.0,0.9,B,A,agrees,neither agrees nor disagrees
153,153,neutral,0.125,The federal government still lacks a comprehensive strategy to tackle floods.,neutral,neutral,neutral,agrees,neutral,neutral,neutral,neutral,1,4,t16,0.0008362766362413,0.0013650173828218,0.9977987059809368,0.5,0.9,B,A,agrees,neither agrees nor disagrees
154,154,agrees,0.75,Global warming is likely to prove dangerous.,agrees,agrees,agrees,disagrees,agrees,agrees,agrees,agrees,1,4,t17,0.0015867571578155,0.9967994943662948,0.0016137484758896,1.0,0.9,A,A,agrees,agrees
155,155,agrees,0.75,A diet heavy on vegetables is the best diet for the planet in this age of global warming.,agrees,agrees,agrees,agrees,neutral,agrees,agrees,neutral,1,4,t18,0.0034105661028346,0.8616137727637637,0.1349756611334017,1.0,0.9,A,A,agrees,agrees
156,156,agrees,0.5,Carbon dioxide is responsible for the warming.,neutral,agrees,neutral,neutral,agrees,agrees,agrees,neutral,1,4,t19,0.0039971863345042,0.5687784287475932,0.4272243849179025,1.0,0.8,A,A,agrees,agrees
157,157,neutral,-0.125,"It interesting that environmental groups are opposed to fracking, which studies have shown help reduce carbon emissions.",neutral,neutral,neutral,neutral,disagrees,neutral,neutral,neutral,1,4,t2,0.0185099788375413,0.0020181261959871,0.9794718949664716,0.9,0.7,B,C,disagrees,neither agrees nor disagrees
158,158,neutral,0.125,Natural variability is large for sea ice.,neutral,neutral,neutral,agrees,neutral,neutral,neutral,neutral,1,4,t20,0.0008580670193648,0.0013914081619726,0.9977505248186626,0.5,0.9,B,B,neither agrees nor disagrees,neither agrees nor disagrees
159,159,agrees,0.75,Global warming is due in large part to human activity.,agrees,neutral,agrees,neutral,agrees,agrees,agrees,agrees,1,4,t21,0.0025781907429595,0.9461371896511068,0.0512846196059336,1.0,0.9,A,A,agrees,agrees
160,160,neutral,0.125,Sea level rise is accelerating.,neutral,neutral,agrees,disagrees,agrees,neutral,neutral,neutral,1,4,t22,0.0046619817161312,0.139714521793095,0.8556234964907738,1.0,0.9,A,A,agrees,agrees
161,161,neutral,0.25,These regions are pumping carbon dioxide to the atmosphere.,neutral,agrees,neutral,neutral,agrees,neutral,neutral,neutral,1,4,t23,0.0029697502420333,0.1069359258186681,0.8900943239392985,0.9,0.8,A,A,agrees,agrees
162,162,agrees,1.0,The United States government has violated their constitutional rights by allowing fossil fuel production to continue — despite knowing its effects on the planet.,agrees,agrees,agrees,agrees,agrees,agrees,agrees,agrees,1,4,t24,0.0009959463744297,0.9975120543305924,0.0014919992949778,0.9,0.9,A,A,agrees,agrees
163,163,agrees,0.75,"A mammoth effort is needed, beginning now and carrying through the century, to decarbonize global energy systems.",agrees,agrees,agrees,disagrees,agrees,agrees,agrees,agrees,1,4,t25,0.0016335434194677,0.9967337674243562,0.0016326891561761,1.0,0.95,A,A,agrees,agrees
164,164,agrees,0.75,Co2 is a demon molecule that causes global warming.,agrees,agrees,agrees,disagrees,agrees,agrees,agrees,agrees,1,4,t26,0.0016519911833915,0.9966793495092706,0.0016686593073377,1.0,0.9,A,C,disagrees,agrees
165,165,neutral,-0.125,There appears to be hope for travel and tourism to continue to grow in the wake of global warming.,neutral,neutral,neutral,disagrees,agrees,disagrees,neutral,neutral,1,4,t27,0.0766932190828615,0.0300761263135271,0.8932306546036113,0.2,0.8,B,A,agrees,neither agrees nor disagrees
166,166,neutral,0.25,These findings will require an upward revision to current predictions of sea level rise.,agrees,neutral,neutral,agrees,neutral,neutral,neutral,neutral,1,4,t28,0.0021014546284663,0.034739464943281,0.9631590804282528,1.0,0.9,A,A,agrees,agrees
167,167,agrees,0.875,Sea level rise is a direct consequence of global warming.,agrees,agrees,agrees,neutral,agrees,agrees,agrees,agrees,1,4,t29,0.0011763012352056,0.9963857673343532,0.0024379314304411,1.0,0.9,A,A,agrees,agrees
168,168,disagrees,-0.625,The striking Arctic change is as much a result of ice moving as melting.,neutral,disagrees,disagrees,disagrees,disagrees,neutral,neutral,disagrees,1,4,t3,0.5856079391282837,0.0042819760542953,0.410110084817421,0.2,0.8,B,C,disagrees,neither agrees nor disagrees
169,169,neutral,0.375,The human contribution to the global greenhouse effect has increased 29 percent since 1999.,agrees,neutral,neutral,neutral,agrees,agrees,neutral,neutral,1,4,t4,0.0036364575977448,0.2858224314744869,0.7105411109277683,1.0,0.8,A,A,agrees,agrees
170,170,disagrees,-0.875,Global warming is not a crisis.,disagrees,disagrees,disagrees,neutral,disagrees,disagrees,disagrees,disagrees,1,4,t5,0.9968271534859277,0.0011768613106898,0.0019959852033825,0.9,0.95,C,C,disagrees,disagrees
171,171,agrees,0.75,"More warming leads to more fires, which release more carbon, which causes more warming, and so on.",agrees,agrees,agrees,neutral,agrees,agrees,agrees,neutral,1,4,t6,0.0026128259857286,0.9416120330425568,0.0557751409717145,1.0,0.95,A,A,agrees,agrees
172,172,disagrees,-0.375,The carbon regulations are unconstitutional.,disagrees,disagrees,neutral,agrees,disagrees,neutral,disagrees,neutral,1,4,t7,0.5670512065660784,0.0057767546553614,0.4271720387785601,0.0,0.7,C,C,disagrees,disagrees
173,173,neutral,0.125,"A low amount of Arctic sea ice, while not record-breaking, is the new normal.",neutral,neutral,neutral,agrees,neutral,neutral,neutral,neutral,1,4,t8,0.0008605884492988,0.0013594247649035,0.9977799867857976,0.8,0.8,A,A,agrees,agrees
174,174,neutral,0.375,The rate of Antarctic melt is already six times faster than it is just a few decades ago.,agrees,agrees,neutral,disagrees,agrees,neutral,neutral,agrees,1,4,t9,0.0059359359203682,0.4825858082393082,0.5114782558403235,1.0,0.9,A,A,agrees,agrees
175,175,disagrees,-0.75,Global warming is a hoax.,disagrees,disagrees,disagrees,disagrees,disagrees,disagrees,disagrees,agrees,1,5,s0,,,,1.0,1.0,C,C,disagrees,disagrees
176,176,agrees,0.625,Alarming levels of sea level rise are predicted to threaten Florida over the next decades.,agrees,agrees,neutral,neutral,agrees,agrees,agrees,neutral,1,5,s1,,,,1.0,0.95,A,A,agrees,agrees
177,177,neutral,0.125,"Over the past several years, the United States has seen an increase in business growth that has counteracted the lingering effects of the recession.",neutral,neutral,neutral,neutral,neutral,neutral,neutral,agrees,1,5,s2,,,,0.0,0.95,B,B,neither agrees nor disagrees,neither agrees nor disagrees
178,178,agrees,1.0,Global warming is happening and it will be dangerous to human health and welfare.,agrees,agrees,agrees,agrees,agrees,agrees,agrees,agrees,1,5,s3,,,,1.0,0.95,A,A,agrees,agrees
179,179,neutral,0.0,Some icebergs are cute.,neutral,neutral,neutral,neutral,neutral,neutral,neutral,neutral,1,5,s4,,,,0.2,0.95,B,B,neither agrees nor disagrees,neither agrees nor disagrees
180,180,neutral,-0.375,Coral reefs may be more resilient to global warming and bleaching than we think.,neutral,disagrees,neutral,neutral,disagrees,neutral,disagrees,neutral,1,5,t0,0.4958318666431126,0.0053788865630319,0.4987892467938554,0.5,0.8,B,B,neither agrees nor disagrees,neither agrees nor disagrees
181,181,agrees,0.125,The basics are clear long ago and the response to global warming is more about ethics and economics than data.,disagrees,neutral,neutral,neutral,agrees,agrees,disagrees,agrees,1,5,t1,0.0862558825468734,0.5724446292300885,0.341299488223038,0.9,0.8,A,A,agrees,agrees
182,182,neutral,0.0,Much of the rise in sea level we’ve seen since the 1880s is the result of thermal expansion.,neutral,neutral,neutral,agrees,disagrees,agrees,neutral,disagrees,1,5,t10,0.2443228830921138,0.2563344487232604,0.4993426681846258,1.0,0.7,A,A,agrees,agrees
183,183,neutral,-0.375,"To further pound the point home, the article the article is festooned with imaginative graphics of future human fossils.",neutral,neutral,neutral,disagrees,disagrees,neutral,disagrees,neutral,1,5,t11,0.3869101855617942,0.0052646087362424,0.6078252057019634,0.2,0.8,B,B,neither agrees nor disagrees,neither agrees nor disagrees
184,184,agrees,0.5,The odds for human extinction because of climate change or global warming are 50 percent or more.,neutral,agrees,agrees,agrees,agrees,agrees,neutral,disagrees,1,5,t12,0.0033283934663707,0.9833000187372312,0.0133715877963981,1.0,0.9,A,A,agrees,agrees
185,185,agrees,0.625,Co2 is responsible for the apparent global temperature increase.,agrees,neutral,agrees,neutral,agrees,agrees,neutral,agrees,1,5,t13,0.0023349611903231,0.912005939188716,0.085659099620961,0.9,0.8,A,A,agrees,agrees
186,186,agrees,0.5,"Climate change, rising atmospheric carbon dioxide, excess nutrient inputs, and pollution in its many forms are fundamentally altering the chemistry of the ocean, often on a global scale and, in some cases, at rates greatly exceeding those in the historical and recent geological record.",neutral,agrees,agrees,neutral,agrees,agrees,neutral,neutral,1,5,t14,0.0022533503575664,0.9250967312821378,0.0726499183602957,1.0,0.9,A,A,agrees,agrees
187,187,disagrees,-0.5,Global surface temperatures have not increased for the past 15 years.,disagrees,neutral,disagrees,neutral,disagrees,disagrees,neutral,neutral,1,5,t15,0.8800906466467514,0.0034945216091025,0.1164148317441461,0.8,0.9,C,C,disagrees,disagrees
188,188,neutral,0.0,"In recent years, the rising earth has probably skewed satellite measurements of ice loss, leading researchers to underestimate the rate of vanishing ice by as much as 10 percent.",neutral,neutral,neutral,neutral,neutral,disagrees,agrees,neutral,1,5,t16,0.0507661171271675,0.0136265317945571,0.9356073510782752,0.9,0.8,A,A,agrees,agrees
189,189,agrees,0.75,Humanity is about to cause an equal or greater rise in sea level.,neutral,neutral,agrees,agrees,agrees,agrees,agrees,agrees,1,5,t17,0.0018080041141266,0.9553366295859028,0.0428553662999704,0.9,0.9,A,A,agrees,agrees
190,190,neutral,0.0,California’s forests emitted more carbon than they sequestered.,neutral,neutral,neutral,neutral,neutral,agrees,neutral,disagrees,1,5,t18,0.0066255226910965,0.0472251317390488,0.9461493455698544,1.0,0.9,A,A,agrees,agrees
191,191,neutral,0.375,"As global temperatures rise, microbes in the soil have been releasing CO2 faster than plants can snatch it up again.",agrees,neutral,neutral,neutral,neutral,agrees,neutral,agrees,1,5,t19,0.0036361096616535,0.1985109133216685,0.797852977016678,0.9,0.9,A,A,agrees,agrees
192,192,neutral,-0.125,"For most uses, the GHG footprint of shale gas is greater than that of other fossil fuels on time scales of up to 100 years.",neutral,neutral,neutral,neutral,neutral,neutral,neutral,disagrees,1,5,t2,0.0025737144734512,0.0015007712497806,0.995925514276768,0.9,0.9,A,A,agrees,agrees
193,193,agrees,0.5,Because of climate change the warming Arctic is weakening the polar vortex.,agrees,agrees,agrees,neutral,agrees,agrees,neutral,disagrees,1,5,t20,0.0034729508398392,0.9820175055004856,0.0145095436596752,0.9,0.9,A,A,agrees,agrees
194,194,neutral,0.125,Global warming might be caused by some combination of human activity and Mother Nature.,agrees,neutral,neutral,neutral,neutral,neutral,neutral,neutral,1,5,t21,0.0015888946306769,0.0141355381887831,0.9842755671805398,0.5,0.8,B,B,neither agrees nor disagrees,neither agrees nor disagrees
195,195,neutral,0.5,Companies that burn fossil fuels should be taxed at a rate that reflected the harms they are imposing on the rest of the world.,neutral,agrees,neutral,agrees,neutral,agrees,agrees,neutral,1,5,t22,0.0038656262650682,0.5837748848829748,0.4123594888519571,1.0,0.9,A,A,agrees,agrees
196,196,neutral,-0.25,"As even the IPCC had to admit, sea level rise between 1920 and 1950 is similar to the recent period.",disagrees,neutral,neutral,neutral,disagrees,neutral,disagrees,agrees,1,5,t23,0.4067471841959895,0.0126280402919318,0.5806247755120788,0.9,0.8,C,C,disagrees,disagrees
197,197,disagrees,-1.0,Global warming is overestimated by 100 % over 20 years.,disagrees,disagrees,disagrees,disagrees,disagrees,disagrees,disagrees,disagrees,1,5,t24,0.9991622821540396,0.0005350537828388,0.0003026640631217,1.0,0.9,C,C,disagrees,disagrees
198,198,neutral,0.0,The nation that leads the clean energy economy is likely to lead the global economy.,neutral,neutral,neutral,neutral,neutral,neutral,neutral,neutral,1,5,t25,0.0007004923587646,0.0009892079995847,0.9983102996416506,1.0,0.8,B,A,agrees,neither agrees nor disagrees
199,199,neutral,0.0,Obama Obama plans to suspend new permits for offshore drilling in Arctic waters at least through the rest of this year.,neutral,neutral,neutral,neutral,neutral,neutral,neutral,neutral,1,5,t26,0.000683459036841,0.0009974477191989,0.99831909324396,0.2,0.9,B,A,agrees,neither agrees nor disagrees
200,200,neutral,-0.625,Exclusive emphasis on a carbon price is a delusion.,disagrees,neutral,disagrees,disagrees,neutral,neutral,disagrees,disagrees,1,5,t27,0.5744829769427502,0.0052302586658572,0.4202867643913925,0.75,0.8,B,B,neither agrees nor disagrees,neither agrees nor disagrees
201,201,agrees,0.5,Global warming could increase these risks in the future.,agrees,agrees,neutral,neutral,agrees,agrees,neutral,neutral,1,5,t28,0.0027748839157999,0.8576140533573543,0.1396110627268457,0.9,0.9,A,A,agrees,agrees
202,202,disagrees,-0.5,Better models are needed before exceptional events can be reliably linked to global warming.,neutral,disagrees,neutral,disagrees,disagrees,disagrees,neutral,neutral,1,5,t29,0.8706242897768445,0.0036151797083127,0.1257605305148427,0.8,0.8,B,B,neither agrees nor disagrees,neither agrees nor disagrees
203,203,disagrees,-0.25,Global warming global warming is natural.,neutral,neutral,disagrees,neutral,disagrees,disagrees,neutral,agrees,1,5,t3,0.7657842240322709,0.0103610612497329,0.223854714717996,0.9,0.8,C,C,disagrees,disagrees
204,204,agrees,0.5,The Arctic ice cap is melting faster than is predicted even five years ago.,neutral,agrees,neutral,neutral,agrees,agrees,neutral,agrees,1,5,t4,0.0032185188567512,0.7670175860443781,0.2297638950988707,0.9,0.9,A,A,agrees,agrees
205,205,agrees,0.75,The rate of global warming is accelerating.,agrees,agrees,agrees,agrees,agrees,agrees,neutral,neutral,1,5,t5,0.0007393384102489,0.995848253560918,0.003412408028833,1.0,0.9,A,A,agrees,agrees
206,206,agrees,0.5,The Arctic ice cap is melting faster than is predicted even five years ago.,neutral,agrees,neutral,neutral,agrees,agrees,neutral,agrees,1,5,t6,0.0032685917173178,0.7676959303866673,0.2290354778960149,1.0,0.9,A,A,agrees,agrees
207,207,neutral,-0.375,"On the other hand, the proportion of so-called multiyear ice is higher this year than in 2011.",neutral,neutral,neutral,disagrees,neutral,neutral,disagrees,disagrees,1,5,t7,0.0698754072427141,0.0036547945011605,0.9264697982561252,0.75,0.95,B,B,neither agrees nor disagrees,neither agrees nor disagrees
208,208,neutral,0.25,"Of course, the strongest evidence for global warming isn’t isolated events like particularly hot days.",neutral,neutral,neutral,agrees,neutral,agrees,agrees,disagrees,1,5,t8,0.0099117252538115,0.2720045610656541,0.7180837136805345,1.0,0.8,B,A,agrees,neither agrees nor disagrees
209,209,neutral,0.25,We must wean ourselves off fossil fuels.,neutral,neutral,neutral,agrees,neutral,agrees,agrees,disagrees,1,5,t9,0.0101519744709783,0.2713157992577396,0.718532226271282,1.0,0.9,A,A,agrees,agrees
210,210,disagrees,-1.0,Global warming is a hoax.,disagrees,disagrees,disagrees,disagrees,disagrees,disagrees,disagrees,disagrees,1,6,s0,,,,1.0,1.0,C,C,disagrees,disagrees
211,211,agrees,0.75,Alarming levels of sea level rise are predicted to threaten Florida over the next decades.,agrees,agrees,neutral,agrees,neutral,agrees,agrees,agrees,1,6,s1,,,,1.0,0.95,A,A,agrees,agrees
212,212,neutral,0.0,"Over the past several years, the United States has seen an increase in business growth that has counteracted the lingering effects of the recession.",neutral,neutral,neutral,neutral,neutral,neutral,neutral,neutral,1,6,s2,,,,0.0,0.95,B,B,neither agrees nor disagrees,neither agrees nor disagrees
213,213,agrees,1.0,Global warming is happening and it will be dangerous to human health and welfare.,agrees,agrees,agrees,agrees,agrees,agrees,agrees,agrees,1,6,s3,,,,1.0,1.0,A,A,agrees,agrees
214,214,neutral,0.0,Some icebergs are cute.,neutral,neutral,neutral,neutral,neutral,neutral,neutral,neutral,1,6,s4,,,,0.2,0.95,B,B,neither agrees nor disagrees,neither agrees nor disagrees
215,215,disagrees,-1.0,Global warming is a myth the greenies’ heads exploded.,disagrees,disagrees,disagrees,disagrees,disagrees,disagrees,disagrees,disagrees,1,6,t0,0.9984251877149314,0.000586224858847,0.0009885874262216,1.0,0.95,C,C,disagrees,disagrees
216,216,disagrees,-0.875,There appears to have been little or no change in globally averaged temperature over the last two decades.,neutral,disagrees,disagrees,disagrees,disagrees,disagrees,disagrees,disagrees,1,6,t1,0.9921670090753318,0.0010173608061463,0.0068156301185218,0.8,0.9,C,B,neither agrees nor disagrees,disagrees
217,217,disagrees,-0.125,The global warming of the 1900s is caused by a rise in solar output.,agrees,neutral,neutral,disagrees,agrees,disagrees,neutral,disagrees,1,6,t10,0.5230615919962444,0.065944232459839,0.4109941755439165,0.9,0.8,C,C,disagrees,disagrees
218,218,agrees,1.0,"Global warming is influencing the weather, in the wake of a string of deadly extreme events in the US.",agrees,agrees,agrees,agrees,agrees,agrees,agrees,agrees,1,6,t11,0.0009227373122801,0.9977263550931824,0.0013509075945374,0.9,0.9,A,A,agrees,agrees
219,219,neutral,0.25,2018 is the fourth hottest year on record,agrees,neutral,neutral,neutral,neutral,neutral,agrees,neutral,1,6,t12,0.0022732755026151,0.0574305611135331,0.9402961633838518,1.0,0.9,A,A,agrees,agrees
220,220,agrees,0.625,Democratic members should focus on phasing out fossil fuels.,agrees,agrees,neutral,agrees,neutral,neutral,agrees,agrees,1,6,t13,0.0036183666864233,0.6585802974671408,0.3378013358464358,0.8,0.9,A,A,agrees,agrees
221,221,neutral,0.375,"Last year, global CO2 emissions rose by 1.4 .",agrees,neutral,neutral,agrees,agrees,neutral,neutral,neutral,1,6,t14,0.0029346589808846,0.135820609845524,0.8612447311735912,0.9,0.8,B,A,agrees,neither agrees nor disagrees
222,222,disagrees,-0.75,The benefits of carbon dioxide outweigh the environmental costs.,disagrees,disagrees,disagrees,neutral,neutral,disagrees,disagrees,disagrees,1,6,t15,0.9028547916945908,0.002036657305442,0.0951085509999669,0.9,0.9,C,C,disagrees,disagrees
223,223,disagrees,-0.5,"Despite the increased human emissions of greenhouse gases, between 2002 and 2014, plants are somehow able to absorb more carbon dioxide out of the atmosphere than in previous decades.",disagrees,neutral,neutral,disagrees,agrees,disagrees,disagrees,disagrees,1,6,t16,0.8081974809230109,0.0237812672294815,0.1680212518475075,0.7,0.8,B,A,agrees,neither agrees nor disagrees
224,224,agrees,0.125,The findings do not undermine global warming theory.,disagrees,neutral,neutral,disagrees,agrees,neutral,agrees,agrees,1,6,t17,0.1329103145610592,0.3864719109391182,0.4806177744998226,1.0,0.8,A,A,agrees,agrees
225,225,disagrees,-0.375,The climate-mitigation potential of carbon farming has been greatly oversold.,agrees,disagrees,disagrees,disagrees,neutral,neutral,disagrees,neutral,1,6,t18,0.6005823559810002,0.0135057167661332,0.3859119272528664,0.2,0.8,B,B,neither agrees nor disagrees,neither agrees nor disagrees
226,226,neutral,0.125,The annual cost of the global warming industry is $ 1.5 trillion.,agrees,neutral,neutral,neutral,agrees,disagrees,neutral,neutral,1,6,t19,0.0688594360907691,0.0521255116414316,0.8790150522677991,1.0,0.8,B,B,neither agrees nor disagrees,neither agrees nor disagrees
227,227,agrees,0.875,Global warming is happening.,agrees,neutral,agrees,agrees,agrees,agrees,agrees,agrees,1,6,t2,0.002130956625563,0.9604855064227222,0.0373835369517148,1.0,0.8,A,A,agrees,agrees
228,228,agrees,1.0,ExxonMobil for years had understood the climate risks associated with fossil fuels while publicly downplaying the danger.,agrees,agrees,agrees,agrees,agrees,agrees,agrees,agrees,1,6,t20,0.0009388824057322,0.9977133442422668,0.0013477733520009,1.0,0.9,A,A,agrees,agrees
229,229,disagrees,-0.875,"After the most extensive and expensive global propaganda campaign, fewer people worry about a warming planet than did 25 years ago.",neutral,disagrees,disagrees,disagrees,disagrees,disagrees,disagrees,disagrees,1,6,t21,0.9918336928338588,0.0010187078565576,0.0071475993095834,0.9,0.9,C,C,disagrees,disagrees
230,230,agrees,1.0,"As solid and invulnerable as the Statue of Liberty seems, the World Heritage site is actually at considerable risk from some of the impacts of climate change, especially sea-level rise, increased intensity of storms and storm surges.",agrees,agrees,agrees,agrees,agrees,agrees,agrees,agrees,1,6,t22,0.0009162157226288,0.99775368701554,0.0013300972618312,0.9,0.9,A,A,agrees,agrees
231,231,agrees,1.0,But people should still be concerned about global warming.,agrees,agrees,agrees,agrees,agrees,agrees,agrees,agrees,1,6,t23,0.0008922383074414,0.9977952405842958,0.0013125211082627,1.0,0.9,A,A,agrees,agrees
232,232,agrees,0.625,Human activity is primarily responsible for the rise in carbon dioxide emissions.,agrees,neutral,neutral,agrees,neutral,agrees,agrees,agrees,1,6,t24,0.0036881742215703,0.7037092422901965,0.2926025834882332,1.0,0.9,A,A,agrees,agrees
233,233,agrees,1.0,"The whole world will be devastated if we don’t stop burning fossil fuels immediately (if not sooner, since some say it’s too late and the world is already doomed).",agrees,agrees,agrees,agrees,agrees,agrees,agrees,agrees,1,6,t25,0.0009009278564072,0.997777374191808,0.0013216979517849,1.0,0.95,A,A,agrees,agrees
234,234,agrees,0.75,Carbon dioxide is a threat to public health.,agrees,agrees,neutral,agrees,neutral,agrees,agrees,agrees,1,6,t26,0.0030459479827181,0.8716474122773691,0.1253066397399128,1.0,0.9,A,A,agrees,agrees
235,235,disagrees,-0.875,"There had been no global warming this millennium, and why, though the two satellites continue to show little or no warming.",disagrees,disagrees,disagrees,neutral,disagrees,disagrees,disagrees,disagrees,1,6,t27,0.9682136091252412,0.0014876900168154,0.0302987008579432,0.9,0.9,C,C,disagrees,disagrees
236,236,neutral,0.375,The Arctic has lost nearly 95 percent of its oldest ice.,agrees,neutral,neutral,neutral,agrees,agrees,neutral,neutral,1,6,t28,0.0031118753637318,0.1613029856296766,0.8355851390065915,1.0,0.9,A,A,agrees,agrees
237,237,agrees,1.0,Global warming is a very serious problem.,agrees,agrees,agrees,agrees,agrees,agrees,agrees,agrees,1,6,t29,0.0008883579335331,0.9977762054505042,0.0013354366159627,1.0,1.0,A,A,agrees,agrees
238,238,agrees,1.0,The world must halve global emissions or face cataclysmic global warming.,agrees,agrees,agrees,agrees,agrees,agrees,agrees,agrees,1,6,t3,0.0009121488146965,0.9977353644293904,0.001352486755913,1.0,0.95,A,A,agrees,agrees
239,239,neutral,0.125,"Most scientists think global warming is happening, while majorities of Republicans (56 %) and Tea Party members (69 %) say that there is a lot of disagreement among scientists about whether or not global warming is happening.",neutral,neutral,agrees,neutral,neutral,neutral,neutral,neutral,1,6,t4,0.0018049490647833,0.0242689023258921,0.9739261486093246,0.95,0.8,B,C,disagrees,neither agrees nor disagrees
240,240,agrees,0.75,There is something unusual about current temperatures: that we have catastrophic global warming from industrialisation.,agrees,agrees,agrees,disagrees,agrees,agrees,agrees,agrees,1,6,t5,0.036890214864438,0.959784197100506,0.0033255880350559,1.0,0.9,A,A,agrees,agrees
241,241,agrees,0.875,Global warming is happening and is caused by human activities.,agrees,neutral,agrees,agrees,agrees,agrees,agrees,agrees,1,6,t6,0.0023148249875261,0.960536999416418,0.0371481755960557,1.0,0.9,A,A,agrees,agrees
242,242,neutral,0.0,Global trade merely outsourced U.S. emissions.,disagrees,neutral,neutral,neutral,neutral,neutral,agrees,neutral,1,6,t7,0.0120220413794398,0.0324105273795263,0.9555674312410338,0.2,0.8,B,C,disagrees,neither agrees nor disagrees
243,243,neutral,0.25,"Some governments are taking serious action to mitigate global warming, when in reality they have achieved almost nothing.",agrees,agrees,neutral,neutral,neutral,neutral,neutral,neutral,1,6,t8,0.0022323406596541,0.0494373200476126,0.9483303392927332,0.8,0.2,B,C,disagrees,neither agrees nor disagrees
244,244,neutral,0.5,Worldwide sea levels rose over the last two decades by about a foot per century.,agrees,neutral,neutral,neutral,agrees,agrees,agrees,neutral,1,6,t9,0.003702651538262,0.3543554241094706,0.6419419243522673,1.0,0.7,A,B,neither agrees nor disagrees,agrees
245,245,disagrees,-1.0,Global warming is a hoax.,disagrees,disagrees,disagrees,disagrees,disagrees,disagrees,disagrees,disagrees,1,7,s0,,,,1.0,1.0,C,C,disagrees,disagrees
246,246,agrees,0.5,Alarming levels of sea level rise are predicted to threaten Florida over the next decades.,neutral,neutral,agrees,agrees,neutral,agrees,agrees,neutral,1,7,s1,,,,1.0,0.95,A,A,agrees,agrees
247,247,neutral,0.0,"Over the past several years, the United States has seen an increase in business growth that has counteracted the lingering effects of the recession.",neutral,neutral,neutral,neutral,neutral,neutral,neutral,neutral,1,7,s2,,,,0.0,0.95,B,B,neither agrees nor disagrees,neither agrees nor disagrees
248,248,agrees,1.0,Global warming is happening and it will be dangerous to human health and welfare.,agrees,agrees,agrees,agrees,agrees,agrees,agrees,agrees,1,7,s3,,,,1.0,0.95,A,A,agrees,agrees
249,249,neutral,0.0,Some icebergs are cute.,neutral,neutral,neutral,neutral,neutral,neutral,neutral,neutral,1,7,s4,,,,0.2,0.95,B,B,neither agrees nor disagrees,neither agrees nor disagrees
250,250,neutral,0.5,The global climate deal that Mr. Obama helped to strike in Paris this month will survive intact no matter who follows him as president.,agrees,neutral,agrees,neutral,agrees,neutral,neutral,agrees,1,7,t0,0.0034418196957017,0.4723792450962552,0.5241789352080429,1.0,0.8,B,B,neither agrees nor disagrees,neither agrees nor disagrees
251,251,neutral,0.25,The Pacific winds are the culprit for slowing global warming.,neutral,neutral,neutral,neutral,neutral,neutral,agrees,agrees,1,7,t1,0.0026809341930695,0.1139779446146571,0.8833411211922733,0.8,0.8,B,C,disagrees,neither agrees nor disagrees
252,252,neutral,0.375,"Climate change has caused more than 3 trillion tons of ice to melt from Antarctica over the past 25 years ago, according to a USA Today report.",agrees,neutral,neutral,agrees,neutral,agrees,neutral,neutral,1,7,t10,0.0031837202222836,0.2458403935663044,0.750975886211412,1.0,0.9,A,A,agrees,agrees
253,253,disagrees,-1.0,"Historically the earth has warmed and cooled through natural weather fluctuation and that the fear mongering regarding global warming / man-made climate change is based on false assumptions, unsustained by science.",disagrees,disagrees,disagrees,disagrees,disagrees,disagrees,disagrees,disagrees,1,7,t11,0.998755599473212,0.0006764461270643,0.0005679543997235,0.9,0.95,C,C,disagrees,disagrees
254,254,agrees,1.0,Global warming is endangering some of the most popular and delicious foods on the planet.,agrees,agrees,agrees,agrees,agrees,agrees,agrees,agrees,1,7,t12,0.0005883105404262,0.9987442162516444,0.0006674732079291,1.0,0.9,A,A,agrees,agrees
255,255,disagrees,-0.625,"Two extremely broad propositions – carbon dioxide is a “greenhouse gas,” and human activity has warmed the planet to some extent – tallied up the papers in their survey sample that agreed with these propositions to even the slightest degree, and manufactured the “97 percent consensus” factoid.",disagrees,neutral,disagrees,disagrees,neutral,neutral,disagrees,disagrees,1,7,t13,0.6940590777416137,0.0038473971865631,0.3020935250718232,0.9,0.9,C,C,disagrees,disagrees
256,256,neutral,0.25,Glaciers are melting at a pace unprecedented in modern times During his Alaska trip.,neutral,neutral,neutral,agrees,neutral,neutral,agrees,neutral,1,7,t14,0.0023361699662734,0.0793420490054361,0.9183217810282904,0.9,0.9,A,A,agrees,agrees
257,257,neutral,0.375,Carbon emissions are growing exponentially.,neutral,agrees,agrees,agrees,neutral,neutral,neutral,neutral,1,7,t15,0.003377438585399,0.3624027838009424,0.6342197776136586,1.0,0.9,A,A,agrees,agrees
258,258,neutral,0.25,"The odds favored another record in 2016, noting that meeting the obligations under the Paris deal will be increasingly difficult unless tough measures are taken to reign in carbon emissions in the coming decades.",agrees,neutral,neutral,agrees,neutral,neutral,neutral,neutral,1,7,t16,0.0022014423649137,0.0576960764829035,0.9401024811521826,0.9,0.9,A,A,agrees,agrees
259,259,agrees,0.625,Global warming is like a world war.,agrees,agrees,agrees,agrees,neutral,agrees,neutral,neutral,1,7,t17,0.0029949780885433,0.8019656109847236,0.1950394109267329,0.9,0.9,A,A,agrees,agrees
260,260,neutral,0.125,A massive outpouring of carbon dioxide from the deep ocean may have helped end the last ice age.,disagrees,neutral,agrees,neutral,neutral,agrees,neutral,neutral,1,7,t18,0.0416946937209038,0.272756006969244,0.6855492993098521,0.7,0.8,B,A,agrees,neither agrees nor disagrees
261,261,neutral,0.125,The JMA&apos;s global average temperature in 2014 is 1.1 F hotter than its 20th century average.,neutral,neutral,neutral,agrees,neutral,neutral,neutral,neutral,1,7,t19,0.0012684935458543,0.0093131575533222,0.9894183489008236,1.0,0.8,A,A,agrees,agrees
262,262,agrees,0.75,Climate change is affecting the Antarctic more than previously believed and is likely to prompt global projections of sea-level rise to be revised upward.,neutral,agrees,agrees,agrees,neutral,agrees,agrees,agrees,1,7,t2,0.0021017991471449,0.9419777063438728,0.0559204945089821,0.9,0.95,A,A,agrees,agrees
263,263,agrees,0.625,"With already warmer temperatures, this leads to the melting of permafrost and the release of greenhouse gases like methane.",neutral,agrees,neutral,agrees,neutral,agrees,agrees,agrees,1,7,t20,0.0030871504663512,0.7594195207506522,0.2374933287829966,0.9,0.9,A,A,agrees,agrees
264,264,agrees,0.875,"The earth is racing toward “global extinction” similar to the era of the dinosaurs, as half the world’s species are allegedly failing to cope with global warming.",agrees,agrees,agrees,agrees,agrees,agrees,agrees,neutral,1,7,t21,0.0014920939520458,0.9827119930152526,0.0157959130327015,0.9,0.95,A,A,agrees,agrees
265,265,neutral,-0.25,"“Climate change” is not a high priority for voters, and they haven’t paid much attention to the latest climate confab in Paris, which had a carbon footprint bigger than a thousand normal Americans living average lives for an entire year.",neutral,neutral,disagrees,disagrees,disagrees,agrees,neutral,neutral,1,7,t22,0.3368010756524223,0.0883496555666441,0.5748492687809337,0.9,0.8,C,C,disagrees,disagrees
266,266,disagrees,-0.625,Stable sea levels can be rendered to look like they are nonetheless rising at an accelerated pace.,disagrees,neutral,disagrees,disagrees,neutral,disagrees,disagrees,neutral,1,7,t23,0.7679570142319635,0.0037493473710002,0.2282936383970363,0.8,0.9,C,C,disagrees,disagrees
267,267,disagrees,-0.875,There has been no global warming for nearly 19 years.,disagrees,disagrees,disagrees,disagrees,neutral,disagrees,disagrees,disagrees,1,7,t24,0.9894851130334572,0.0014288564348133,0.0090860305317296,0.9,0.9,C,C,disagrees,disagrees
268,268,neutral,0.25,"If the findings the findings hold up, the findings would confirm the West Antarctic Ice Sheet might not need a huge nudge to budge.",neutral,neutral,neutral,agrees,neutral,neutral,agrees,neutral,1,7,t25,0.0023389763971611,0.079119730192478,0.9185412934103606,0.8,0.8,B,A,agrees,neither agrees nor disagrees
269,269,neutral,-0.125,"Local sea level trends in the last 140 years had been very gently rising, neutral or negative (ie sea levels had fallen).",neutral,neutral,neutral,disagrees,neutral,neutral,neutral,neutral,1,7,t26,0.0089971874237771,0.0017263900720487,0.989276422504174,0.9,0.8,B,C,disagrees,neither agrees nor disagrees
270,270,agrees,0.75,"A global temperature rise of more than 2 degrees Celsius, or 3.6 Fahrenheit, would be devastating.",agrees,agrees,agrees,agrees,neutral,agrees,neutral,agrees,1,7,t27,0.0023401488257265,0.9223952420212564,0.075264609153017,0.9,0.95,A,A,agrees,agrees
271,271,neutral,0.0,People are linking recent weather phenomena with the concept of global warming.,disagrees,neutral,neutral,agrees,neutral,neutral,neutral,neutral,1,7,t28,0.0245972474113429,0.0162136195109707,0.9591891330776864,0.9,0.8,B,A,agrees,neither agrees nor disagrees
272,272,agrees,0.75,The world has to begin a long-term shift from fossil fuels to more sustainable forms of energy.,neutral,agrees,agrees,neutral,agrees,agrees,agrees,agrees,1,7,t29,0.001971137217281,0.9525238357081572,0.0455050270745616,1.0,0.9,A,A,agrees,agrees
273,273,disagrees,-0.625,From 1860-1880 as well as from 1910-1940 the rate of global warming is the same as from 1980-200.,disagrees,disagrees,neutral,disagrees,neutral,disagrees,disagrees,neutral,1,7,t3,0.7737462881201844,0.003726320306967,0.2225273915728485,0.9,0.8,B,C,disagrees,neither agrees nor disagrees
274,274,agrees,0.5,There is a definite declining trend in Arctic sea ice.,neutral,agrees,neutral,agrees,neutral,agrees,agrees,neutral,1,7,t4,0.0034944313388848,0.5782764592263157,0.4182291094347995,0.9,0.9,A,A,agrees,agrees
275,275,neutral,0.25,The 1997-1998 El Niño broke global temperature records in back-to-back years at the time.,neutral,neutral,neutral,agrees,neutral,neutral,agrees,neutral,1,7,t5,0.0023621914510535,0.0772699622652327,0.9203678462837136,0.2,0.9,B,B,neither agrees nor disagrees,neither agrees nor disagrees
276,276,neutral,0.125,Solar can take on fossil fuels.,neutral,neutral,neutral,neutral,neutral,neutral,neutral,agrees,1,7,t6,0.0016515598158017,0.0210338285486378,0.9773146116355604,0.2,0.8,B,A,agrees,neither agrees nor disagrees
277,277,agrees,0.5,Balance of evidence suggests a discernible human influence on global climate.,neutral,agrees,neutral,neutral,agrees,agrees,agrees,neutral,1,7,t7,0.003364913206542,0.6103040624122901,0.3863310243811678,0.9,0.9,A,A,agrees,agrees
278,278,agrees,1.0,High sea temperatures linked to human-driven climate warming are contributing to extreme rainfall and thunderstorm activity and possibly tornado outbreaks .,agrees,agrees,agrees,agrees,agrees,agrees,agrees,agrees,1,7,t8,0.000596247757995,0.9987169450737796,0.0006868071682251,0.9,0.9,A,A,agrees,agrees
279,279,agrees,0.625,It’s appropriate to call such storms “global warming type” events.,neutral,agrees,agrees,neutral,agrees,neutral,agrees,agrees,1,7,t9,0.0030228340734917,0.796546605361728,0.2004305605647801,0.5,0.8,A,B,neither agrees nor disagrees,agrees
280,280,disagrees,-1.0,Global warming is a hoax.,disagrees,disagrees,disagrees,disagrees,disagrees,disagrees,disagrees,disagrees,1,8,s0,,,,1.0,1.0,C,C,disagrees,disagrees
281,281,agrees,0.5,Alarming levels of sea level rise are predicted to threaten Florida over the next decades.,neutral,neutral,agrees,agrees,agrees,disagrees,agrees,agrees,1,8,s1,,,,1.0,0.95,A,A,agrees,agrees
282,282,neutral,-0.125,"Over the past several years, the United States has seen an increase in business growth that has counteracted the lingering effects of the recession.",neutral,neutral,neutral,neutral,neutral,disagrees,neutral,neutral,1,8,s2,,,,0.0,1.0,B,B,neither agrees nor disagrees,neither agrees nor disagrees
283,283,agrees,1.0,Global warming is happening and it will be dangerous to human health and welfare.,agrees,agrees,agrees,agrees,agrees,agrees,agrees,agrees,1,8,s3,,,,1.0,0.95,A,A,agrees,agrees
284,284,neutral,0.0,Some icebergs are cute.,neutral,neutral,neutral,neutral,neutral,neutral,neutral,neutral,1,8,s4,,,,0.2,0.95,B,B,neither agrees nor disagrees,neither agrees nor disagrees
285,285,neutral,0.25,Carbon dioxide is a pollutant.,neutral,agrees,neutral,neutral,neutral,neutral,neutral,agrees,1,8,t0,0.0027653752355336,0.1274523487811848,0.8697822759832815,1.0,0.8,A,A,agrees,agrees
286,286,agrees,0.375,"Impacts from climate change — including sea level rise, increasing temperatures, and ocean acidification — are originally in the set of stressors but are taken out of the analysis because including them resulted in a total loss of marine wilderness.",neutral,neutral,agrees,agrees,agrees,agrees,disagrees,neutral,1,8,t1,0.0788666570429768,0.5719933980986679,0.349139944858355,0.15,0.9,A,B,neither agrees nor disagrees,agrees
287,287,disagrees,-0.5,Global warming is a relatively distant threat.,neutral,neutral,disagrees,neutral,disagrees,neutral,disagrees,disagrees,1,8,t10,0.7533095778910962,0.0039873147726159,0.2427031073362879,0.8,0.2,B,C,disagrees,neither agrees nor disagrees
288,288,disagrees,-0.75,Human activities are not a major cause of global warming.,disagrees,neutral,disagrees,neutral,disagrees,disagrees,disagrees,disagrees,1,8,t11,0.9469742280114972,0.0025945981979395,0.0504311737905634,0.9,0.9,C,C,disagrees,disagrees
289,289,agrees,0.625,The rate of CO2 released from Earth&apos;s soil has increased globally by about 1.2 percent in just 25 years.,neutral,neutral,agrees,neutral,agrees,agrees,agrees,agrees,1,8,t12,0.002882472184794,0.8024828717332836,0.1946346560819224,0.9,0.8,A,A,agrees,agrees
290,290,agrees,1.0,Global warming is real.,agrees,agrees,agrees,agrees,agrees,agrees,agrees,agrees,1,8,t13,0.0005074932975088,0.9989101953543046,0.0005823113481865,1.0,0.9,A,A,agrees,agrees
291,291,agrees,0.75,"Human-induced global warming is a fundamental cause behind the 7.1 trillion gallons of torrential rainfall that a storm dumped on Louisiana in August, leading to a flooding disaster that killed at least 13 people and caused more than $ 1 billion in damage.",agrees,agrees,agrees,agrees,agrees,disagrees,agrees,agrees,1,8,t14,0.0027812875926945,0.9963444398078856,0.0008742725994196,1.0,1.0,A,A,agrees,agrees
292,292,agrees,0.375,Fossil fuel extraction may be less an economic boon than a massive liability.,agrees,agrees,neutral,neutral,neutral,disagrees,agrees,agrees,1,8,t15,0.0113897079426636,0.6510371089284773,0.3375731831288591,0.8,0.8,A,A,agrees,agrees
293,293,neutral,0.375,"Over the long term, fossil fuels are a losing bet.",neutral,agrees,neutral,agrees,neutral,neutral,agrees,neutral,1,8,t16,0.0032454442738747,0.2840503731213287,0.7127041826047965,0.8,0.8,A,A,agrees,agrees
294,294,disagrees,-0.75,Man-made carbon dioxide emissions do not drive global temperatures.,disagrees,disagrees,disagrees,neutral,disagrees,neutral,disagrees,disagrees,1,8,t17,0.9828059080251128,0.0018667571230952,0.0153273348517917,0.8,0.9,C,C,disagrees,disagrees
295,295,agrees,0.625,"Global warming had made traveling to Botswana in October, normally a pleasant time to visit temperature-wise, more challenging because of uncomfortably hot weather.",agrees,agrees,agrees,agrees,agrees,disagrees,neutral,agrees,1,8,t18,0.0064894666311788,0.964432302525886,0.0290782308429351,0.9,0.8,A,A,agrees,agrees
296,296,agrees,0.5,Ice sheets are melting at an accelerating rate.,neutral,neutral,agrees,neutral,agrees,neutral,agrees,agrees,1,8,t19,0.003134203943804,0.7385081918978822,0.2583576041583137,1.0,0.9,A,A,agrees,agrees
297,297,disagrees,-0.75,Several leading climate scientists’ve got their facts wrong about global warming.,neutral,disagrees,disagrees,disagrees,disagrees,disagrees,disagrees,neutral,1,8,t2,0.9047974056618736,0.0031345722099118,0.0920680221282144,0.9,0.8,C,C,disagrees,disagrees
298,298,neutral,-0.25,Global temperatures drop further still.,neutral,neutral,neutral,neutral,disagrees,neutral,neutral,disagrees,1,8,t20,0.2045154209912904,0.0039778741739628,0.7915067048347467,0.001,0.8,B,C,disagrees,neither agrees nor disagrees
299,299,neutral,0.125,"Liberal environmentalist non-profits are urging people to eat organic, consume less meat, and consider the carbon footprint of their Thanksgiving feast.",neutral,neutral,neutral,agrees,neutral,disagrees,neutral,agrees,1,8,t21,0.0089101552623804,0.1067084410672018,0.8843814036704177,0.9,0.8,A,A,agrees,agrees
300,300,neutral,0.0,The chart does not mean that global warming is a hoax.,neutral,neutral,agrees,neutral,neutral,disagrees,neutral,neutral,1,8,t22,0.0075868343627479,0.046647017780747,0.9457661478565051,1.0,0.8,B,A,agrees,neither agrees nor disagrees
301,301,neutral,0.0,Fossil fuels are a finite bank of ancient sunlight.,neutral,neutral,neutral,neutral,neutral,neutral,neutral,neutral,1,8,t23,0.0006173381441904,0.0008929081821643,0.9984897536736452,1.0,0.9,B,B,neither agrees nor disagrees,neither agrees nor disagrees
302,302,neutral,0.125,Global energy demand is going to increase over time.,neutral,neutral,neutral,neutral,neutral,agrees,neutral,neutral,1,8,t24,0.0009818244668569,0.003954422112119,0.995063753421024,0.2,0.9,B,A,agrees,neither agrees nor disagrees
303,303,disagrees,-0.25,"The non-climatic effects of carbon dioxide as a sustainer of wildlife and crop plants are enormously beneficial, that the possibly harmful climatic effects of carbon dioxide have been greatly exaggerated, and that the benefits clearly outweigh the possible damage.",disagrees,disagrees,disagrees,agrees,disagrees,agrees,agrees,disagrees,1,8,t25,0.8670569696162186,0.130751023986203,0.0021920063975782,0.9,0.9,C,C,disagrees,disagrees
304,304,agrees,0.75,"Burning fossil fuels emits CO2, a greenhouse gas, making the world heat up like a greenhouse sitting in the sun.",neutral,neutral,agrees,agrees,agrees,agrees,agrees,agrees,1,8,t26,0.0023882775230562,0.9039514935398304,0.0936602289371133,1.0,0.9,A,A,agrees,agrees
305,305,neutral,0.25,"Americans are much more skeptical of “global warming” than citizens of other countries, a phenomenon the author attributes to “selfishness” and hypocrisy.",neutral,agrees,agrees,neutral,neutral,agrees,neutral,disagrees,1,8,t27,0.0601534603940649,0.2885128133815889,0.6513337262243462,1.0,0.8,C,B,neither agrees nor disagrees,disagrees
306,306,neutral,0.25,The fossil fuel industry spent nearly 18 percent of all climate lobbying dollars during the period examined.,neutral,neutral,agrees,neutral,neutral,neutral,neutral,agrees,1,8,t28,0.0027958636167072,0.1647748235690289,0.8324293128142638,0.9,0.9,B,A,agrees,neither agrees nor disagrees
307,307,disagrees,-1.0,Global warming is a Chinese hoax.,disagrees,disagrees,disagrees,disagrees,disagrees,disagrees,disagrees,disagrees,1,8,t29,0.9988319786578704,0.00067152821495,0.0004964931271793,1.0,1.0,C,C,disagrees,disagrees
308,308,disagrees,-1.0,"The theories of man-made climate change are no longer credible in light of the so-called hiatus in rising temperatures, not to mention that polar ice is increasing, not melting away.",disagrees,disagrees,disagrees,disagrees,disagrees,disagrees,disagrees,disagrees,1,8,t3,0.9987799673996652,0.0007081754147135,0.000511857185621,1.0,0.95,C,C,disagrees,disagrees
309,309,agrees,0.25,The evidence is emerging that quite small changes in sea surface temperatures have huge effects on hurricanes and these events.,neutral,neutral,agrees,neutral,neutral,disagrees,agrees,agrees,1,8,t4,0.0122377560738687,0.4496108935869641,0.5381513503391673,0.9,0.8,A,A,agrees,agrees
310,310,agrees,0.5,Estimates of future sea level rise may be significantly underestimated.,neutral,neutral,agrees,neutral,agrees,agrees,neutral,agrees,1,8,t5,0.0033259564934769,0.5504110611920107,0.4462629823145124,0.9,0.9,A,A,agrees,agrees
311,311,agrees,0.625,Sea levels are rising.,agrees,neutral,agrees,neutral,agrees,agrees,neutral,agrees,1,8,t6,0.0030276709897043,0.7829045461355315,0.2140677828747641,1.0,0.9,A,A,agrees,agrees
312,312,agrees,0.625,We need to more or less immediately stop using or drastically curtail fossil fuels.,agrees,agrees,agrees,neutral,neutral,neutral,agrees,agrees,1,8,t7,0.002746029577291,0.8536397954051724,0.1436141750175366,0.9,0.9,A,A,agrees,agrees
313,313,disagrees,-0.75,"The reason why more scientists do n’t advocate putting more carbon dioxide in the atmosphere is because the driving force behind the global warming debate, I hate to say it, isn’t science.",disagrees,disagrees,disagrees,neutral,disagrees,neutral,disagrees,disagrees,1,8,t8,0.9824532890780834,0.0017968681926757,0.0157498427292406,0.85,0.9,C,B,neither agrees nor disagrees,disagrees
314,314,neutral,0.375,"Antarctica is currently losing ice about three times faster than it did until 2012, climbing to a rate of more than 241 billion tons (219 billion metric tons) per year.",neutral,agrees,agrees,neutral,agrees,neutral,neutral,neutral,1,8,t9,0.003477324955088,0.4465815805187937,0.5499410945261182,1.0,0.9,A,A,agrees,agrees
315,315,disagrees,-1.0,Global warming is a hoax.,disagrees,disagrees,disagrees,disagrees,disagrees,disagrees,disagrees,disagrees,1,9,s0,,,,1.0,1.0,C,C,disagrees,disagrees
316,316,neutral,0.375,Alarming levels of sea level rise are predicted to threaten Florida over the next decades.,agrees,neutral,neutral,neutral,neutral,agrees,neutral,agrees,1,9,s1,,,,1.0,0.95,A,A,agrees,agrees
317,317,neutral,-0.125,"Over the past several years, the United States has seen an increase in business growth that has counteracted the lingering effects of the recession.",neutral,neutral,disagrees,neutral,neutral,neutral,neutral,neutral,1,9,s2,,,,0.0,0.95,B,B,neither agrees nor disagrees,neither agrees nor disagrees
318,318,agrees,1.0,Global warming is happening and it will be dangerous to human health and welfare.,agrees,agrees,agrees,agrees,agrees,agrees,agrees,agrees,1,9,s3,,,,1.0,0.95,A,A,agrees,agrees
319,319,neutral,0.0,Some icebergs are cute.,neutral,neutral,neutral,neutral,neutral,neutral,neutral,neutral,1,9,s4,,,,0.2,0.95,B,B,neither agrees nor disagrees,neither agrees nor disagrees
320,320,neutral,0.0,We are all familiar with the general outlines of globalization.,neutral,neutral,neutral,neutral,neutral,neutral,neutral,neutral,1,9,t0,0.0008134469526224,0.0010906513519516,0.9980959016954258,0.5,0.95,B,B,neither agrees nor disagrees,neither agrees nor disagrees
321,321,disagrees,-1.0,Global warming is a myth.,disagrees,disagrees,disagrees,disagrees,disagrees,disagrees,disagrees,disagrees,1,9,t1,0.9983232758738164,0.0009204020351015,0.0007563220910818,1.0,1.0,C,C,disagrees,disagrees
322,322,agrees,0.875,No use in denying global warming exists.,neutral,agrees,agrees,agrees,agrees,agrees,agrees,agrees,1,9,t10,0.0018255859194259,0.9732453073478142,0.0249291067327597,1.0,0.9,A,A,agrees,agrees
323,323,neutral,0.0,"Carbon developers want to lock up 10,000 acres of forest land.",neutral,neutral,neutral,neutral,neutral,neutral,neutral,neutral,1,9,t11,0.0008076289945596,0.0010506445995557,0.9981417264058844,0.8,0.9,B,A,agrees,neither agrees nor disagrees
324,324,agrees,1.0,Global warming global warming global warming global warming turns out to be as real and present and dangerous as ever it is.,agrees,agrees,agrees,agrees,agrees,agrees,agrees,agrees,1,9,t12,0.0007476266760853,0.9983778595667064,0.0008745137572081,1.0,0.95,A,A,agrees,agrees
325,325,disagrees,-1.0,Global warming is – and always is – just a pretext for an economic takeover by the globalist left.,disagrees,disagrees,disagrees,disagrees,disagrees,disagrees,disagrees,disagrees,1,9,t13,0.9983878595971104,0.0008867799805675,0.000725360422322,0.9,0.95,C,C,disagrees,disagrees
326,326,agrees,0.5,"As the Antarctic ice sheet continues to melt away, we expect multi-meter sea level rise from Antarctica in the coming centuries.",neutral,neutral,agrees,neutral,neutral,agrees,agrees,agrees,1,9,t14,0.0037150067761853,0.5587932936687838,0.4374916995550308,1.0,0.95,A,A,agrees,agrees
327,327,neutral,0.375,"We could ramp down all of the fossil-fuel-emitting infrastructure that we have, all of the way until it reaches the end of its life.",agrees,agrees,neutral,agrees,neutral,neutral,neutral,neutral,1,9,t15,0.0035250368815601,0.3018227966139751,0.6946521665044647,1.0,0.8,B,A,agrees,neither agrees nor disagrees
328,328,disagrees,-0.625,There is no “global warming” story.,disagrees,disagrees,disagrees,disagrees,neutral,disagrees,disagrees,agrees,1,9,t16,0.9440131823724652,0.0316398303435832,0.0243469872839513,0.9,0.95,C,C,disagrees,disagrees
329,329,disagrees,-0.5,You can’t stop using fossil fuels without killing people and destroying our economies.,neutral,disagrees,disagrees,disagrees,neutral,disagrees,neutral,neutral,1,9,t17,0.5899795652771853,0.0045115351447104,0.4055088995781042,0.8,0.8,C,C,disagrees,disagrees
330,330,neutral,0.0,The Arctic sea ice cover is rapidly retreating while the Antarctic sea ice cover is steadily expanding.,neutral,neutral,neutral,neutral,neutral,neutral,neutral,neutral,1,9,t18,0.0008085361411465,0.0011423269423092,0.9980491369165442,0.9,0.6,A,B,neither agrees nor disagrees,agrees
331,331,neutral,0.375,"Since the 1880s, the global temperature has risen approximately 2 degrees Fahrenheit.",agrees,agrees,neutral,neutral,neutral,agrees,neutral,neutral,1,9,t19,0.0037323032542247,0.3994746833166517,0.5967930134291236,1.0,0.8,B,A,agrees,neither agrees nor disagrees
332,332,agrees,1.0,Global climate change is a very serious problem.,agrees,agrees,agrees,agrees,agrees,agrees,agrees,agrees,1,9,t2,0.0007380847786371,0.9983734067811616,0.0008885084402011,1.0,1.0,A,A,agrees,agrees
333,333,agrees,1.0,This is evidence of man-made global warming.,agrees,agrees,agrees,agrees,agrees,agrees,agrees,agrees,1,9,t20,0.0007720689835509,0.9983390830892978,0.0008888479271513,1.0,0.9,A,A,agrees,agrees
334,334,disagrees,-0.5,Carbon dioxide is not a pollutant and it is not the driver of global warming.,disagrees,disagrees,disagrees,disagrees,neutral,disagrees,agrees,neutral,1,9,t21,0.8391040391048892,0.0554516560538162,0.1054443048412945,0.9,0.9,C,C,disagrees,disagrees
335,335,neutral,0.25,"The last time in Earth&apos;s geologic history that carbon dioxide is this high, there is no year-round sea ice in Antarctica.",neutral,neutral,agrees,neutral,neutral,neutral,agrees,neutral,1,9,t22,0.0030025377451436,0.1358882666985024,0.8611091955563539,1.0,0.9,A,A,agrees,agrees
336,336,agrees,0.875,"Global temperatures had reached a dangerous “tipping point,” with extreme warming imminent and unavoidable.",agrees,agrees,agrees,neutral,agrees,agrees,agrees,agrees,1,9,t23,0.0016373592117356,0.9814396316315084,0.0169230091567559,1.0,0.95,A,A,agrees,agrees
337,337,disagrees,-0.5,Carbon dioxide emissions provide the environmentally vital services of greening the planet and assuring our food supply.,disagrees,disagrees,disagrees,neutral,neutral,disagrees,neutral,neutral,1,9,t24,0.6207998366650429,0.0045481717518723,0.3746519915830847,0.9,0.9,C,C,disagrees,disagrees
338,338,agrees,0.625,Climate change could reduce global crop production by 9 % in the 2030s and by 23 % in the 2050s.,agrees,neutral,agrees,neutral,neutral,agrees,agrees,agrees,1,9,t25,0.0033587076050197,0.7551437853838467,0.2414975070111335,1.0,0.9,A,A,agrees,agrees
339,339,neutral,0.125,15 percent of Americans have volunteered or donated money to an organization working to reduce global warming.,agrees,neutral,neutral,neutral,neutral,neutral,neutral,neutral,1,9,t26,0.0020911452914712,0.0324043253988339,0.9655045293096948,1.0,0.8,B,A,agrees,neither agrees nor disagrees
340,340,agrees,1.0,People in the United States the United States are being harmed by global warming right now.,agrees,agrees,agrees,agrees,agrees,agrees,agrees,agrees,1,9,t27,0.0007113798255199,0.9984313677706782,0.0008572524038019,0.9,0.9,A,A,agrees,agrees
341,341,neutral,0.125,"In the long run, the costs from raising the price of fossil-fueled electricity and other sources of energy could be modest.",neutral,neutral,neutral,agrees,neutral,neutral,neutral,neutral,1,9,t28,0.0018244698755645,0.0227629963239701,0.9754125338004652,0.75,0.8,B,B,neither agrees nor disagrees,neither agrees nor disagrees
342,342,neutral,0.25,Carbon pollution harms human health and is therefore subject to the Clean Air Act.,neutral,neutral,agrees,neutral,neutral,neutral,agrees,neutral,1,9,t29,0.0029455421412603,0.1378090761765878,0.8592453816821517,1.0,0.8,A,A,agrees,agrees
343,343,neutral,0.375,We should work for a national carbon tax instead.,neutral,agrees,agrees,agrees,neutral,neutral,neutral,neutral,1,9,t3,0.0035870223002977,0.296278146413128,0.7001348312865742,0.8,0.5,B,A,agrees,neither agrees nor disagrees
344,344,neutral,-0.5,Limiting our carbon pollution is pointless because of China’s supposedly growing coal dependency.,disagrees,neutral,disagrees,disagrees,neutral,neutral,disagrees,neutral,1,9,t4,0.5049877398253189,0.0047890230097814,0.4902232371648997,0.9,0.9,C,C,disagrees,disagrees
345,345,disagrees,-0.25,On the most important indicator of uncertainty in climate science--the likely range of warming for a given increase in carbon dioxide emissions--progress is actually retrograde.,agrees,disagrees,neutral,disagrees,disagrees,agrees,disagrees,neutral,1,9,t5,0.6318147525888106,0.2292718805068889,0.1389133669043004,0.9,0.8,B,A,agrees,neither agrees nor disagrees
346,346,neutral,0.375,Fossil fuel companies should pay a carbon tax.,neutral,neutral,agrees,agrees,neutral,neutral,agrees,neutral,1,9,t6,0.0035769143568805,0.2780660803644701,0.7183570052786494,1.0,0.85,A,A,agrees,agrees
347,347,agrees,0.875,Global warning poses a bigger threat than terrorism.,agrees,agrees,agrees,neutral,agrees,agrees,agrees,agrees,1,9,t7,0.0016050991093989,0.981800660020212,0.0165942408703891,1.0,0.95,A,A,agrees,agrees
348,348,neutral,0.125,Last month is the third-hottest June on record globally.,neutral,neutral,agrees,neutral,neutral,neutral,neutral,neutral,1,9,t8,0.0018670389697085,0.027740371192873,0.9703925898374184,1.0,0.8,A,A,agrees,agrees
349,349,neutral,0.125,Profound changes are well under way that virtually guarantee the Arctic described in history books.,agrees,disagrees,agrees,neutral,neutral,neutral,neutral,neutral,1,9,t9,0.076361860568801,0.1685345005156242,0.7551036389155745,0.9,0.8,A,C,disagrees,agrees
350,350,disagrees,-1.0,Global warming is a hoax.,disagrees,disagrees,disagrees,disagrees,disagrees,disagrees,disagrees,disagrees,2,0,s0,,,,1.0,1.0,C,C,disagrees,disagrees
351,351,neutral,0.375,Alarming levels of sea level rise are predicted to threaten Florida over the next decades.,disagrees,neutral,agrees,neutral,neutral,agrees,agrees,agrees,2,0,s1,,,,1.0,0.95,A,A,agrees,agrees
352,352,neutral,-0.125,"Over the past several years, the United States has seen an increase in business growth that has counteracted the lingering effects of the recession.",disagrees,neutral,neutral,neutral,neutral,neutral,neutral,neutral,2,0,s2,,,,0.0,1.0,B,B,neither agrees nor disagrees,neither agrees nor disagrees
353,353,agrees,0.75,Global warming is happening and it will be dangerous to human health and welfare.,disagrees,agrees,agrees,agrees,agrees,agrees,agrees,agrees,2,0,s3,,,,1.0,0.95,A,A,agrees,agrees
354,354,neutral,0.0,Some icebergs are cute.,neutral,neutral,neutral,neutral,neutral,neutral,neutral,neutral,2,0,s4,,,,0.2,1.0,B,B,neither agrees nor disagrees,neither agrees nor disagrees
355,355,disagrees,-0.875,"It is a fundamental fact, although increasingly ignored, that no single climate event or location can be attributed to global warming.",neutral,disagrees,disagrees,disagrees,disagrees,disagrees,disagrees,disagrees,2,0,t0,0.9987960422095308,0.0005229305483324,0.0006810272421365,0.8,0.8,B,B,neither agrees nor disagrees,neither agrees nor disagrees
356,356,neutral,0.375,"The global combined sea surface and land surface temperature for the January-October 2009 period is estimated at 0.44 degrees C (0.79 degrees F) above the 1961-1990 annual average of 14.00 degrees C (57.2 degrees F), with a margin of error of plus or minus 0.11 degrees C. ",agrees,neutral,neutral,neutral,neutral,neutral,agrees,agrees,2,0,t1,0.0032693964936618,0.1063917507445892,0.8903388527617488,1.0,0.9,B,B,neither agrees nor disagrees,neither agrees nor disagrees
357,357,disagrees,-0.5,150 years or so of data is far too little to be of any significance when it comes to a system as dynamic and complex as global climate.,agrees,disagrees,disagrees,disagrees,neutral,neutral,disagrees,disagrees,2,0,t10,0.0035831136963802,0.1572131883299144,0.8392036979737052,0.9,0.9,C,C,disagrees,disagrees
358,358,neutral,0.375,Proponents of the Green New Deal ideas d n’t preclude some form of the “ carbon dividend ” scheme and have the virtue of steering the economy more aggressively toward zero net emissions of greenhouse gases by 2050.,agrees,neutral,agrees,neutral,neutral,neutral,agrees,neutral,2,0,t11,0.0620492000925819,0.1558174009843355,0.7821333989230824,0.9,0.8,B,A,agrees,neither agrees nor disagrees
359,359,neutral,0.25,"Crop insurance has played a role in encouraging farmers to expand row crops onto marginal land like wetlands or prairie, which exacerbates vulnerability to erosion, floods, and drought.",agrees,neutral,agrees,neutral,neutral,neutral,neutral,neutral,2,0,t12,0.0010958925242804,0.000743709412863,0.9981603980628564,0.8,0.8,B,A,agrees,neither agrees nor disagrees
360,360,neutral,0.125,There is no major push to curb carbon emissions in the coming years.,agrees,neutral,neutral,neutral,neutral,neutral,neutral,neutral,2,0,t13,0.0007405345467517,0.0006903883854641,0.9985690770677842,0.8,0.1,B,A,agrees,neither agrees nor disagrees
361,361,neutral,0.125,The oceans not only take up heat and carbon dioxide from the atmosphere.,agrees,neutral,neutral,neutral,neutral,neutral,neutral,neutral,2,0,t14,0.0043483767252771,0.6872314239442503,0.3084201993304725,0.8,0.9,B,A,agrees,neither agrees nor disagrees
362,362,disagrees,-0.375,The global warming narrative is a religion.,agrees,disagrees,disagrees,neutral,disagrees,neutral,neutral,disagrees,2,0,t15,0.7946827931653477,0.0037891262182154,0.2015280806164368,0.9,0.9,C,C,disagrees,disagrees
363,363,neutral,0.625,There is a strong connection between melting sea ice and polar bears dying off.,agrees,neutral,agrees,neutral,neutral,agrees,agrees,agrees,2,0,t16,0.0032289996103614,0.907899385049879,0.0888716153397595,1.0,0.9,A,A,agrees,agrees
364,364,agrees,0.5,A United Nations panel is more certain than ever that humans are causing global warming and predicted temperatures would rise by 0.3 to 4.8 degrees Celsius (0.5-8.6 degrees Fahrenheit) this century.,neutral,agrees,agrees,neutral,neutral,agrees,agrees,neutral,2,0,t17,0.0011373243121634,0.9980455987627864,0.0008170769250501,1.0,0.9,A,A,agrees,agrees
365,365,neutral,0.5,"Flooding alone may cost $325 billion by the year 2100 in one of the worst-case scenarios, with $130 billion of that in Florida.",agrees,neutral,agrees,neutral,neutral,neutral,agrees,agrees,2,0,t18,0.9379806334790648,0.0026669087334737,0.0593524577874614,1.0,0.9,A,A,agrees,agrees
366,366,agrees,1.0,Climate change significantly increased the amount of rain that flooded Houston.,agrees,agrees,agrees,agrees,agrees,agrees,agrees,agrees,2,0,t19,0.0031849545078885,0.0953031166009613,0.90151192889115,1.0,0.9,A,A,agrees,agrees
367,367,neutral,0.375,"While the data are clear, a global political consensus over how to tackle climate change remains elusive.",agrees,neutral,neutral,agrees,neutral,neutral,neutral,agrees,2,0,t2,0.0020922495648735,0.0230709266125356,0.9748368238225908,0.8,0.8,B,A,agrees,neither agrees nor disagrees
368,368,agrees,0.5,There is 100 percent certainty that sea level rise made this worse.,neutral,agrees,agrees,agrees,neutral,neutral,neutral,agrees,2,0,t20,0.0007893800702234,0.0010052157613824,0.998205404168394,0.5,0.9,A,B,neither agrees nor disagrees,agrees
369,369,agrees,0.75,"As the ice sheets melt due to global warming, not only do the ice sheets raise the sea level directly.",disagrees,agrees,agrees,agrees,agrees,agrees,agrees,agrees,2,0,t21,0.0007758980835728,0.0009815093563929,0.9982425925600342,1.0,0.9,A,A,agrees,agrees
370,370,disagrees,-0.875,The water level is affected by things other than global warming.,disagrees,disagrees,disagrees,disagrees,disagrees,neutral,disagrees,disagrees,2,0,t22,0.8005797893115387,0.0038613431868121,0.1955588675016492,0.75,0.8,B,B,neither agrees nor disagrees,neither agrees nor disagrees
371,371,disagrees,-0.125,"The fifteen-year long “ global warming ” campaign all along meant “ climate change ” and that this in turn means that places supposed to get hotter get hotter and that places that are supposed to get colder — under global warming, er, climate change — get colder.",neutral,disagrees,agrees,agrees,disagrees,neutral,neutral,disagrees,2,0,t23,0.0045476340464255,0.5261964050456666,0.469255960907908,1.0,0.8,C,A,agrees,disagrees
372,372,agrees,0.375,On top of the vast quantities of carbon dioxide from fossil fuels that continue to enter the atmosphere in record amounts yearly.,neutral,agrees,agrees,neutral,neutral,neutral,neutral,agrees,2,0,t24,0.0045588464875307,0.6269200975611161,0.3685210559513529,0.9,0.9,A,A,agrees,agrees
373,373,neutral,0.125,"Rising levels of carbon dioxide and other gases cool the upper stratosphere, and the cooler air increases the amount of ozone.",neutral,neutral,agrees,neutral,neutral,neutral,agrees,disagrees,2,0,t25,0.0044705088193078,0.2951181176534441,0.7004113735272479,0.2,0.9,B,B,neither agrees nor disagrees,neither agrees nor disagrees
374,374,agrees,0.875,"The polar ice caps would melt completely by the mid-2010's causing the sea levels to rise by meters, which would then put low-lying coastal areas across the world under water.",agrees,agrees,agrees,agrees,neutral,agrees,agrees,agrees,2,0,t26,0.0007420241955358,0.9985282772056236,0.0007296985988406,1.0,0.9,A,A,agrees,agrees
375,375,agrees,0.625,"If you have, say, five feet of sea level rise, it’s going to be much more devastating.",agrees,agrees,agrees,agrees,neutral,neutral,neutral,agrees,2,0,t27,0.0040916830725841,0.7626835015398914,0.2332248153875245,0.9,0.9,A,A,agrees,agrees
376,376,neutral,-0.375,"These events fall within the range of natural variability, while 38 found an absence of significant anthropogenic causality in rising sea levels.",neutral,neutral,disagrees,neutral,neutral,neutral,disagrees,disagrees,2,0,t28,0.001144689967461,0.9980416305937714,0.0008136794387676,0.9,0.9,C,C,disagrees,disagrees
377,377,agrees,0.5,"A lot of Americans are growing far more concerned about climate change, precisely because they’re drawing the links between freaky weather, a climate kicked off-kilter by a fossil-fuel guzzling civilization, and their own lives.",disagrees,agrees,agrees,neutral,agrees,agrees,agrees,neutral,2,0,t29,0.9901092923749508,0.0010646511218521,0.0088260565031971,0.9,0.9,A,A,agrees,agrees
378,378,neutral,0.25,A new ice age is on the way.,agrees,neutral,neutral,neutral,disagrees,neutral,agrees,agrees,2,0,t3,0.7069309079509993,0.1753457010976886,0.1177233909513119,1.0,0.9,C,C,disagrees,disagrees
379,379,agrees,0.875,"Global warming had ensured that the incidence of that Texas heat wave is 20 times more likely than it would have been in 1960; similarly, abnormally warm temperatures like those experienced in Britain last November are said to be 62 times as likely because of global warming.",neutral,agrees,agrees,agrees,agrees,agrees,agrees,agrees,2,0,t30,0.0046379698169191,0.4665852666313629,0.5287767635517179,1.0,0.9,A,A,agrees,agrees
380,380,agrees,0.75,"Severe climate change is coming our way, and only a sharp reduction in carbon emissions can prevent its most destructive effects.",disagrees,agrees,agrees,agrees,agrees,agrees,agrees,agrees,2,0,t31,0.0756845553735538,0.1300901864227536,0.7942252582036925,1.0,0.99,A,A,agrees,agrees
381,381,neutral,0.375,There is a clear connection between rising global temperatures and type-2 diabetes.,neutral,neutral,agrees,neutral,neutral,agrees,agrees,neutral,2,0,t32,0.0019488701096063,0.97996265958525,0.0180884703051438,0.2,0.8,A,B,neither agrees nor disagrees,agrees
382,382,disagrees,-1.0,"Warming temperatures in Pacific Ocean waters off the coast of North America over the past century closely follow natural changes in the wind, not the increases in greenhouse gases related to global warming.",disagrees,disagrees,disagrees,disagrees,disagrees,disagrees,disagrees,disagrees,2,0,t33,0.004109982249527,0.7778954442957982,0.2179945734546747,0.9,0.8,C,C,disagrees,disagrees
383,383,agrees,0.75,Global warming is a major problem and deserving of our urgent attention.,disagrees,agrees,agrees,agrees,agrees,agrees,agrees,agrees,2,0,t34,0.3683398375363516,0.0032785335311366,0.6283816289325117,1.0,0.99,A,A,agrees,agrees
384,384,neutral,0.25,The weeds that produce many allergens have adapted the best to an atmosphere that is chock-full of carbon dioxide.,agrees,neutral,agrees,neutral,neutral,agrees,disagrees,neutral,2,0,t35,0.005444938254988,0.8468899257450627,0.1476651359999491,0.9,0.7,A,A,agrees,agrees
385,385,neutral,0.375,"Europe’s financial losses related to flooding, which now total about 4.9 billion euros a year, could increase almost 380% to 23.5 billion euros by 2050.",agrees,neutral,neutral,neutral,neutral,neutral,agrees,agrees,2,0,t36,0.0007920783279099,0.9981431843083864,0.0010647373637036,1.0,0.9,A,A,agrees,agrees
386,386,agrees,0.5,"Climate scientists themselves are increasingly outspoken about explaining that global warming is shifting the odds in favor of more heat waves, severe storms, and other weather extremes.",agrees,agrees,agrees,neutral,neutral,neutral,agrees,neutral,2,0,t37,0.0011172435826986,0.9980834548808768,0.0007993015364246,0.9,0.95,A,A,agrees,agrees
387,387,neutral,0.125,A mini ice age could hit UK by 2030.,neutral,neutral,agrees,neutral,disagrees,neutral,neutral,agrees,2,0,t38,0.0041300275812792,0.2286958892789465,0.7671740831397742,0.9,0.8,B,C,disagrees,neither agrees nor disagrees
388,388,agrees,0.875,"Global emissions will continue to rise at a torrid pace over the next quarter century, reaching 45.5 billion metric tons in 2040—more than double the amount recorded in 1998 and enough, in the view of most scientists, to turn our planet into a living hell.",neutral,agrees,agrees,agrees,agrees,agrees,agrees,agrees,2,0,t39,0.9990681149531728,0.0004637600095638,0.0004681250372632,1.0,0.95,A,A,agrees,agrees
389,389,neutral,-0.125,We’ve increased spending on oil production by tremendous amounts only to see global oil production edge up a bit.,disagrees,neutral,neutral,neutral,neutral,neutral,neutral,neutral,2,0,t4,0.0011479128764316,0.9980480858856918,0.0008040012378765,0.8,0.9,B,C,disagrees,neither agrees nor disagrees
390,390,neutral,0.0,The shift would entail a near-quadrupling of low-carbon energy — which in the panel&apos;s projections included renewable sources as well as nuclear power and fossil fuel-fired plants equipped with technologies to capture some of the emissions.,neutral,neutral,neutral,neutral,neutral,neutral,neutral,neutral,2,0,t5,0.046190172327514,0.138485407520846,0.8153244201516399,0.7,0.8,B,A,agrees,neither agrees nor disagrees
391,391,agrees,0.5,"By the year 2100, floods like the ones caused by Sandy could become 1-in-20-year events.",neutral,agrees,agrees,neutral,neutral,neutral,agrees,agrees,2,0,t6,0.0032129422243685,0.106940349267544,0.8898467085080873,0.9,0.9,A,A,agrees,agrees
392,392,disagrees,-0.375,Global cooling is coming.,agrees,disagrees,disagrees,neutral,disagrees,neutral,neutral,disagrees,2,0,t7,0.0046628054445849,0.4193021135732584,0.5760350809821566,1.0,0.9,C,C,disagrees,disagrees
393,393,agrees,0.625,"Addiction to fossil fuels has reached a point at which we should expect the judgment of senior leaders to become impaired, as seems to be happening.",neutral,agrees,agrees,agrees,neutral,agrees,neutral,agrees,2,0,t8,0.0627222819925053,0.1729076316780295,0.7643700863294649,0.8,0.9,A,A,agrees,agrees
394,394,agrees,0.75,"The early 21st-century drought that afflicted Central Asia is the worst in Mongolia in more than 1,000 years, and made harsher by the higher temperatures consistent with man-made global warming.",disagrees,agrees,agrees,agrees,agrees,agrees,agrees,agrees,2,0,t9,0.0008269123729813,0.9980827143748582,0.0010903732521604,1.0,0.9,A,A,agrees,agrees
395,395,disagrees,-1.0,Global warming is a hoax.,disagrees,disagrees,disagrees,disagrees,disagrees,disagrees,disagrees,disagrees,2,1,s0,,,,1.0,1.0,C,C,disagrees,disagrees
396,396,agrees,0.5,Alarming levels of sea level rise are predicted to threaten Florida over the next decades.,neutral,neutral,agrees,agrees,agrees,agrees,neutral,neutral,2,1,s1,,,,1.0,0.95,A,A,agrees,agrees
397,397,neutral,0.0,"Over the past several years, the United States has seen an increase in business growth that has counteracted the lingering effects of the recession.",neutral,neutral,neutral,neutral,neutral,neutral,neutral,neutral,2,1,s2,,,,0.0,0.95,B,B,neither agrees nor disagrees,neither agrees nor disagrees
398,398,agrees,1.0,Global warming is happening and it will be dangerous to human health and welfare.,agrees,agrees,agrees,agrees,agrees,agrees,agrees,agrees,2,1,s3,,,,1.0,0.95,A,A,agrees,agrees
399,399,neutral,0.0,Some icebergs are cute.,neutral,neutral,neutral,neutral,neutral,neutral,neutral,neutral,2,1,s4,,,,0.2,0.95,B,B,neither agrees nor disagrees,neither agrees nor disagrees
400,400,disagrees,-0.875,I’ve heard Al Gore talk about global warming so much that I’m starting to think that his mouth is the leading source of all that supposedly deadly carbon dioxide.,neutral,disagrees,disagrees,disagrees,disagrees,disagrees,disagrees,disagrees,2,1,t0,0.9789941606010636,0.0018575614410252,0.0191482779579112,0.9,0.9,C,C,disagrees,disagrees
401,401,agrees,0.75,Today the world's leading scientific experts collectively reinforced what mother nature has made clear — that we need to undergo an urgent and rapid transformation to a global clean energy economy.,agrees,agrees,agrees,agrees,neutral,agrees,neutral,agrees,2,1,t1,0.0034032611707257,0.8188123343707296,0.1777844044585445,1.0,0.95,A,A,agrees,agrees
402,402,agrees,0.75,"Sea levels in the Chesapeake Bay are rising at twice the rate of the national average, due to geological sinking and climate change.",agrees,agrees,agrees,agrees,agrees,neutral,agrees,neutral,2,1,t10,0.8922191173233032,0.0354340432020382,0.0723468394746584,1.0,0.9,A,A,agrees,agrees
403,403,agrees,0.625,The polar icecaps are melting faster than we thought they would; seas are rising faster than we thought they would.,agrees,neutral,agrees,agrees,neutral,agrees,neutral,agrees,2,1,t11,0.9985999663069032,0.0007205513494272,0.0006794823436694,0.9,1.0,A,A,agrees,agrees
404,404,neutral,0.25,Sea levels could rise six meters (20 feet) with the melting of the Antarctic and Greenland ice sheets.,agrees,neutral,neutral,agrees,neutral,neutral,neutral,neutral,2,1,t12,0.0021847314334014,0.0291081209544877,0.968707147612111,1.0,0.9,A,A,agrees,agrees
405,405,neutral,-0.125,"No matter what happens with climate change, the economics of fossil fuel production are likely to stay favorable for the foreseeable future.",neutral,neutral,neutral,neutral,neutral,neutral,neutral,disagrees,2,1,t13,0.0008207398455999,0.9982114224953726,0.0009678376590274,0.8,0.8,B,C,disagrees,neither agrees nor disagrees
406,406,neutral,0.0,"The sea level has been rising since the end of the last Ice Age, starting about 14,000 years ago as the continental and mountain glaciers have melted and sea water has expanded with the overall warming.",neutral,agrees,neutral,neutral,neutral,disagrees,neutral,neutral,2,1,t14,0.0018545780783205,0.9799399069236808,0.0182055149979987,1.0,0.8,B,B,neither agrees nor disagrees,neither agrees nor disagrees
407,407,neutral,0.25,"The world is on the brink of the “ largest bubble ever ” in finance, because of the undisclosed value of high-carbon assets on companies’ balance sheets, and investment managers who fail to take account of the risks are failing in their fiduciary duty to shareholders and investors.",neutral,neutral,neutral,neutral,neutral,agrees,neutral,agrees,2,1,t15,0.3765468770672757,0.0522709979224509,0.5711821250102732,0.2,0.9,A,A,agrees,agrees
408,408,agrees,0.875,Global warming is worse than terrorism.,agrees,neutral,agrees,agrees,agrees,agrees,agrees,agrees,2,1,t16,0.0009141063778212,0.0010875889006317,0.997998304721547,1.0,1.0,A,C,disagrees,agrees
409,409,disagrees,-0.625,Global warming causes increased human lifespans.,disagrees,disagrees,neutral,disagrees,disagrees,disagrees,neutral,neutral,2,1,t17,0.0021404422900278,0.028862132519247,0.9689974251907252,0.2,0.2,B,B,neither agrees nor disagrees,neither agrees nor disagrees
410,410,agrees,0.75,"I’m from a coal state, so I believe that if there’s going to be a future for coal it has to be one that deals with carbon pollution, with climate change.",neutral,agrees,agrees,agrees,agrees,neutral,agrees,agrees,2,1,t18,0.002759016026383,0.9146000498596806,0.0826409341139364,1.0,0.8,A,A,agrees,agrees
411,411,neutral,0.0,Each of us emits about two pounds of carbon dioxide a day.,neutral,neutral,neutral,neutral,neutral,neutral,neutral,neutral,2,1,t19,0.0038370736163094,0.6548009423934218,0.3413619839902687,1.0,0.9,B,A,agrees,neither agrees nor disagrees
412,412,disagrees,-0.5,"Glaciers and sea ice may have been melting, but eventually Earth would move into an intense cooling pattern again.",disagrees,agrees,neutral,disagrees,disagrees,disagrees,disagrees,neutral,2,1,t2,0.0035102675686924,0.1675308015416304,0.8289589308896771,0.9,0.8,C,C,disagrees,disagrees
413,413,disagrees,-0.75,The National Oceanic and Atmosphere Association fudged numbers to support the agenda of global warming.,disagrees,disagrees,neutral,disagrees,disagrees,disagrees,disagrees,neutral,2,1,t20,0.0179109520941955,0.0022844651106812,0.9798045827951232,0.9,0.9,C,C,disagrees,disagrees
414,414,agrees,0.5,Scientists have been trying to get people to wake up to the dangers that lie ahead in rising seas due to climate change.,neutral,agrees,neutral,agrees,agrees,agrees,neutral,neutral,2,1,t21,0.0465909928525201,0.0388378963567021,0.9145711107907776,1.0,0.95,A,A,agrees,agrees
415,415,neutral,0.125,"In a Monday story about the logistics of the rescue, the Times completely ignores the Global Warming angle.",neutral,neutral,neutral,neutral,neutral,neutral,neutral,agrees,2,1,t22,0.0029940926466035,0.0925317582031245,0.904474149150272,0.85,0.8,B,B,neither agrees nor disagrees,neither agrees nor disagrees
416,416,neutral,-0.125,"In other words, to the extent the public believes in the theory humans are responsible for global warming.",disagrees,neutral,neutral,neutral,neutral,neutral,neutral,neutral,2,1,t23,0.001942079471238,0.9750015310819244,0.0230563894468376,0.8,0.9,B,C,disagrees,neither agrees nor disagrees
417,417,neutral,0.0,"If biochar are added to 10 percent of global cropland, biochar would store 29 billion tons of carbon dioxide.",neutral,neutral,neutral,neutral,neutral,neutral,neutral,neutral,2,1,t24,0.8026635648900637,0.0035507571167833,0.1937856779931528,1.0,0.8,B,B,neither agrees nor disagrees,neither agrees nor disagrees
418,418,agrees,1.0,"Many of the world’s remaining fossil fuel resources must be left unexploited if the climate is not to be put in danger, and prominent scientific and political leaders are increasingly calling for this to be recognized.",agrees,agrees,agrees,agrees,agrees,agrees,agrees,agrees,2,1,t25,0.002948723116902,0.8899390514872473,0.1071122253958507,0.9,0.95,A,A,agrees,agrees
419,419,disagrees,-0.875,A far more likely contender for the cause of the glacier melt is the Atlantic Multi-Decadal Oscillation.,disagrees,disagrees,neutral,disagrees,disagrees,disagrees,disagrees,disagrees,2,1,t26,0.0008933203070759,0.0010775684785113,0.9980291112144128,0.9,0.8,C,C,disagrees,disagrees
420,420,neutral,0.25,Global warming would raise average annual temperatures nationwide 2 degrees by 2020.,neutral,neutral,neutral,agrees,neutral,neutral,neutral,agrees,2,1,t27,0.9481579309396612,0.0023743046654514,0.0494677643948874,1.0,0.8,A,A,agrees,agrees
421,421,disagrees,-1.0,This says no more about the validity of global warming theory than Einstein’s having shagged Marilyn Monroe says about the validity of his theory of relativity.,disagrees,disagrees,disagrees,disagrees,disagrees,disagrees,disagrees,disagrees,2,1,t28,0.0038281212330489,0.5865690807747437,0.4096027979922074,1.0,0.9,C,B,neither agrees nor disagrees,disagrees
422,422,agrees,0.5,"Without additional measures to contain emissions, global temperatures will rise about 5 degrees to 7 degrees Fahrenheit by 2100 compared to current levels.",agrees,agrees,neutral,agrees,neutral,neutral,agrees,neutral,2,1,t29,0.0018698769478536,0.0167330643320445,0.9813970587201016,1.0,0.9,A,A,agrees,agrees
423,423,disagrees,-1.0,"If human CO2 emissions are a primary driver of global temperatures, it wouldn't make sense for temperatures to drop or stay stagnate while humanity only continues to increase its CO2 output.",disagrees,disagrees,disagrees,disagrees,disagrees,disagrees,disagrees,disagrees,2,1,t3,0.0335682244634862,0.0026057469743103,0.9638260285622032,1.0,0.8,C,A,agrees,disagrees
424,424,neutral,0.375,"Because of a rising tide of fossil fuel consumption, he added, “ carbon emissions are currently projected to rise by 29 percent by 2030.",agrees,neutral,neutral,neutral,neutral,agrees,agrees,neutral,2,1,t30,0.000885349499036,0.0010703797411826,0.9980442707597812,1.0,0.9,A,A,agrees,agrees
425,425,neutral,0.25,The evidence shows “ a fundamental shift in the Earth’s plants ” and that global plant growth should be a central goal for the human race.,neutral,agrees,neutral,neutral,neutral,neutral,neutral,agrees,2,1,t31,0.0008395521850088,0.9981793845979732,0.0009810632170181,0.75,0.5,A,B,neither agrees nor disagrees,agrees
426,426,neutral,0.125,"The latest Intergovernmental Panel on Climate Change predictions (of a maximum just under three foot ocean rise by the end of the century) may turn out to be wildly optimistic, if the Greenland ice sheet breaks up.",neutral,neutral,neutral,agrees,disagrees,neutral,agrees,neutral,2,1,t32,0.9857560477878632,0.0015819223797138,0.0126620298324229,0.9,0.9,A,A,agrees,agrees
427,427,agrees,0.5,"Global warming, unsurprisingly, is bad news for snowpack.",neutral,agrees,agrees,agrees,agrees,neutral,neutral,neutral,2,1,t33,0.0031774555815079,0.1298845067665017,0.8669380376519903,0.9,0.9,A,A,agrees,agrees
428,428,neutral,0.25,An ice-free Arctic Ocean would not freeze again.,neutral,agrees,neutral,neutral,neutral,neutral,neutral,agrees,2,1,t34,0.9986114992384404,0.0007017814494847,0.0006867193120749,0.9,0.8,B,C,disagrees,neither agrees nor disagrees
429,429,agrees,0.25,A new Ice Age is coming.,disagrees,agrees,agrees,neutral,neutral,agrees,disagrees,agrees,2,1,t35,0.0040577303191721,0.590476586900839,0.4054656827799889,1.0,0.9,C,C,disagrees,disagrees
430,430,neutral,0.125,Permafrost soils are warming even faster than Arctic air temperatures — as much as 2.7 to 4.5 degrees Fahrenheit (1.5 to 2.5 degrees Celsius) in just the past 30 years.,agrees,neutral,neutral,neutral,neutral,neutral,neutral,neutral,2,1,t36,0.0038705213138173,0.3394044686720592,0.6567250100141234,1.0,0.9,A,A,agrees,agrees
431,431,agrees,1.0,The world is on the verge of collapse because of humans’ use of fossil fuels.,agrees,agrees,agrees,agrees,agrees,agrees,agrees,agrees,2,1,t37,0.002863489711318,0.0866432225046466,0.9104932877840354,1.0,0.95,A,A,agrees,agrees
432,432,agrees,1.0,Global warming could spell disaster for the state’s water supply.,agrees,agrees,agrees,agrees,agrees,agrees,agrees,agrees,2,1,t38,0.0938644359393268,0.270175964123626,0.635959599937047,1.0,0.9,A,A,agrees,agrees
433,433,agrees,0.625,Glacier melt in Iceland will cause more volcanoes everywhere.,neutral,agrees,neutral,agrees,neutral,agrees,agrees,agrees,2,1,t39,0.0039970619230865,0.5532476854765208,0.4427552526003926,0.8,0.8,B,C,disagrees,neither agrees nor disagrees
434,434,neutral,0.125,"The carbon footprint generated would be equivalent to leaving a low-energy light bulb switched on for 220 years, or the average household energy consumption for two years.",neutral,neutral,neutral,neutral,neutral,agrees,neutral,neutral,2,1,t4,0.0028399253242632,0.087933552857166,0.9092265218185708,0.9,0.95,B,A,agrees,neither agrees nor disagrees
435,435,agrees,1.0,The threat to human health from climate change is so great that it could undermine the last 50 years of gains in developments in global health.,agrees,agrees,agrees,agrees,agrees,agrees,agrees,agrees,2,1,t5,0.2681866123219665,0.4739164907670416,0.2578968969109919,1.0,0.95,A,A,agrees,agrees
436,436,agrees,0.875,Rising sea levels – caused by global warming – significantly increase the threat of giant killer waves.,agrees,agrees,neutral,agrees,agrees,agrees,agrees,agrees,2,1,t6,0.0021830893134034,0.0299440564353807,0.9678728542512158,0.9,0.9,A,A,agrees,agrees
437,437,neutral,-0.25,"Any stabilization of surface temperatures in recent years is an indication of a ""hiatus"" of global warming, not an end to global warming.",neutral,agrees,neutral,neutral,disagrees,disagrees,neutral,disagrees,2,1,t7,0.0008406674651896,0.9981867325141788,0.0009726000206316,1.0,0.9,A,A,agrees,agrees
438,438,neutral,0.0,Fossil fuels receive several types of subsidies.,neutral,neutral,neutral,neutral,neutral,neutral,neutral,neutral,2,1,t8,0.000840356027361,0.9982082515061178,0.0009513924665211,0.2,0.95,B,B,neither agrees nor disagrees,neither agrees nor disagrees
439,439,neutral,0.125,Antarctica glacier could collapse within decades and “ sink cities ” after the discovery of a 300-meter doomsday cavity lurking below the ice block.,neutral,neutral,neutral,neutral,neutral,agrees,neutral,neutral,2,1,t9,0.0036566262888138,0.7233856065708779,0.2729577671403081,0.9,0.9,A,A,agrees,agrees
440,440,disagrees,-1.0,Global warming is a hoax.,disagrees,disagrees,disagrees,disagrees,disagrees,disagrees,disagrees,disagrees,2,2,s0,,,,1.0,1.0,C,C,disagrees,disagrees
441,441,agrees,0.5,Alarming levels of sea level rise are predicted to threaten Florida over the next decades.,agrees,agrees,agrees,neutral,agrees,neutral,neutral,neutral,2,2,s1,,,,1.0,0.95,A,A,agrees,agrees
442,442,neutral,0.0,"Over the past several years, the United States has seen an increase in business growth that has counteracted the lingering effects of the recession.",neutral,neutral,neutral,neutral,neutral,neutral,neutral,neutral,2,2,s2,,,,0.0,1.0,B,B,neither agrees nor disagrees,neither agrees nor disagrees
443,443,agrees,1.0,Global warming is happening and it will be dangerous to human health and welfare.,agrees,agrees,agrees,agrees,agrees,agrees,agrees,agrees,2,2,s3,,,,1.0,0.95,A,A,agrees,agrees
444,444,neutral,0.0,Some icebergs are cute.,neutral,neutral,neutral,neutral,neutral,neutral,neutral,neutral,2,2,s4,,,,0.2,0.95,B,B,neither agrees nor disagrees,neither agrees nor disagrees
445,445,neutral,-0.375,"A large-scale transition to renewable sources of energy would require five to 20 times more land than prior studies have shown, and expanding wind farms would actually warm the continental U.S. more than carbon emissions in the short term.",neutral,disagrees,neutral,neutral,neutral,neutral,disagrees,disagrees,2,2,t0,0.366098967859381,0.00425948467757,0.6296415474630488,0.95,0.8,B,B,neither agrees nor disagrees,neither agrees nor disagrees
446,446,agrees,0.875,"The Houston storm surge is half a foot higher than it would have been just decades ago, meaning far more flooding and destruction.",agrees,agrees,agrees,neutral,agrees,agrees,agrees,agrees,2,2,t1,0.0019085944485994,0.9714293755263628,0.0266620300250376,1.0,0.9,A,A,agrees,agrees
447,447,agrees,0.5,"Although children are more vulnerable to the effects of global warming, children have been largely left out of the debate.",neutral,neutral,agrees,agrees,neutral,agrees,agrees,neutral,2,2,t10,0.0038267562204418,0.5804740046940824,0.4156992390854757,0.8,0.8,A,A,agrees,agrees
448,448,neutral,0.0,"Different countries have different densities, so to speak, of global warming denial.",neutral,neutral,neutral,neutral,neutral,neutral,neutral,neutral,2,2,t11,0.0008471006744783,0.9981168792401592,0.0010360200853626,0.8,0.9,B,A,agrees,neither agrees nor disagrees
449,449,disagrees,-0.875,News about global warming is generally exaggerated.,disagrees,neutral,disagrees,disagrees,disagrees,disagrees,disagrees,disagrees,2,2,t12,0.0306196573881335,0.6344387562591889,0.3349415863526775,0.9,0.9,C,C,disagrees,disagrees
450,450,disagrees,-1.0,Global warming is generally exaggerated.,disagrees,disagrees,disagrees,disagrees,disagrees,disagrees,disagrees,disagrees,2,2,t13,0.0037477818218689,0.2851247873242693,0.7111274308538617,0.9,0.9,C,C,disagrees,disagrees
451,451,neutral,-0.25,"Atmospheric reaction to carbon dioxide, known as climate sensitivity, is probably too high for these models.",neutral,disagrees,neutral,neutral,neutral,disagrees,neutral,neutral,2,2,t14,0.0007828626846943,0.998214727910896,0.0010024094044096,0.9,0.8,C,A,agrees,disagrees
452,452,agrees,0.625,The West Antarctic Ice Sheet is broken — already destabilized by irrevocable melting that foreshadows a slow-motion collapse.,agrees,neutral,agrees,neutral,agrees,agrees,agrees,neutral,2,2,t15,0.0008797864509648,0.0011025851887492,0.9980176283602858,0.9,0.95,A,A,agrees,agrees
453,453,neutral,0.0,"There is a feedback mechanism involving Indian Ocean sea-surface temperatures, which greatly influence how much rain falls over east Africa.",neutral,neutral,neutral,neutral,neutral,neutral,neutral,neutral,2,2,t16,0.0009054636147261,0.0011186684467486,0.9979758679385252,0.2,0.95,B,B,neither agrees nor disagrees,neither agrees nor disagrees
454,454,neutral,0.25,"Regardless of how much corn residue is taken off the field, the process contributes to global warming.",neutral,agrees,neutral,agrees,disagrees,neutral,agrees,neutral,2,2,t17,0.0008259594463102,0.9981709942067752,0.0010030463469144,1.0,0.8,A,A,agrees,agrees
455,455,neutral,-0.125,Exxon plans to extract all its proved fossil fuel reserves.,neutral,neutral,neutral,neutral,disagrees,neutral,neutral,neutral,2,2,t18,0.0040070677018559,0.6163498873435713,0.3796430449545727,0.9,0.8,B,A,agrees,neither agrees nor disagrees
456,456,neutral,0.0,"This market-led, consumer-based approach would lead to carbon reduction.",neutral,neutral,neutral,neutral,neutral,neutral,neutral,neutral,2,2,t19,0.000908835793796,0.0010881983044292,0.9980029659017748,0.5,0.8,B,B,neither agrees nor disagrees,neither agrees nor disagrees
457,457,agrees,0.5,The U.S. needs to “ maintain its seat at the table ” in the global climate-change fight.,neutral,neutral,agrees,agrees,neutral,agrees,neutral,agrees,2,2,t2,0.9814302133881018,0.001824466353931,0.0167453202579671,1.0,0.9,A,A,agrees,agrees
458,458,neutral,0.125,21st-century sea level rise is on the scale of three to six feet or more.,neutral,neutral,agrees,neutral,neutral,neutral,neutral,neutral,2,2,t20,0.9982764598138408,0.000856100407036,0.0008674397791228,1.0,0.9,A,A,agrees,agrees
459,459,agrees,1.0,Our burning of fossil fuels is increasing the CO2 to dangerous levels and we are facing a catastrophic cooling that would destroy the planet unless governments acted.,agrees,agrees,agrees,agrees,agrees,agrees,agrees,agrees,2,2,t21,0.1453911986150597,0.0036818059038384,0.8509269954811018,1.0,0.9,A,A,agrees,agrees
460,460,agrees,0.375,The balance of evidence suggests a discernible human influence on global climate.,neutral,agrees,neutral,agrees,disagrees,agrees,agrees,neutral,2,2,t22,0.0036483790305445,0.73966927317336,0.2566823477960954,0.9,0.9,A,A,agrees,agrees
461,461,neutral,0.25,It would be wonderful in global warming if everything just kept pace with the gradual rise in CO2.,neutral,neutral,neutral,agrees,neutral,neutral,neutral,agrees,2,2,t23,0.0008957390508504,0.0011372003428755,0.997967060606274,0.8,0.8,C,C,disagrees,disagrees
462,462,neutral,0.375,The effects would be two to four times worse than with global warming alone.,neutral,neutral,neutral,agrees,neutral,agrees,agrees,neutral,2,2,t24,0.0312120265800691,0.3584543777745217,0.6103335956454091,1.0,0.9,A,A,agrees,agrees
463,463,neutral,0.0,The results provide a possible explanation for the global warming .,neutral,neutral,neutral,neutral,neutral,neutral,neutral,neutral,2,2,t25,0.0135234008080744,0.0021517873577725,0.984324811834153,1.0,0.9,B,A,agrees,neither agrees nor disagrees
464,464,agrees,0.875,"If ice shelves in Antarctica undergo similar processes, it could spell disaster for Earth.",agrees,neutral,agrees,agrees,agrees,agrees,agrees,agrees,2,2,t26,0.0009117156075509,0.0011258611454845,0.9979624232469644,0.9,0.9,A,A,agrees,agrees
465,465,neutral,0.25,This moment requires us to rethink democracy as a global mechanism for enacting policy for and by the planet.,neutral,neutral,neutral,neutral,agrees,agrees,neutral,neutral,2,2,t27,0.0024352378415857,0.0502285167963079,0.9473362453621064,1.0,0.8,B,B,neither agrees nor disagrees,neither agrees nor disagrees
466,466,agrees,0.75,The emission of greenhouse gases that do and will continue to produce global warming.,neutral,agrees,agrees,agrees,agrees,agrees,agrees,neutral,2,2,t28,0.0007771180347713,0.998269620474888,0.0009532614903406,1.0,0.9,A,A,agrees,agrees
467,467,agrees,0.875,"No matter how bad it gets, the world’s addiction to fossil fuels will be so overwhelming that the governments of the world will just suck it up and let people suffer.",agrees,agrees,agrees,agrees,neutral,agrees,agrees,agrees,2,2,t29,0.0310149287138181,0.5887894140840724,0.3801956572021095,0.75,0.8,A,B,neither agrees nor disagrees,agrees
468,468,agrees,1.0,Right now we’re facing a man-made disaster on a global scale.,agrees,agrees,agrees,agrees,agrees,agrees,agrees,agrees,2,2,t3,0.0032817330010496,0.1454559888200718,0.8512622781788786,1.0,0.95,A,A,agrees,agrees
469,469,agrees,1.0,Humans need to dramatically decrease fossil fuel and wood burning “ in order to give the climate a chance to re-stabilize at a level that would be viable ” for environmental and human health.,agrees,agrees,agrees,agrees,agrees,agrees,agrees,agrees,2,2,t30,0.003841377878013,0.3615838477223085,0.6345747743996785,1.0,0.95,A,A,agrees,agrees
470,470,disagrees,-0.625,Flat hurricanes have not become more numerous and stronger due to carbon pollution.,disagrees,disagrees,disagrees,disagrees,agrees,neutral,disagrees,disagrees,2,2,t31,0.0008933854412718,0.0011096029985068,0.9979970115602212,1.0,0.9,C,B,neither agrees nor disagrees,disagrees
471,471,agrees,0.375,"The beans contains some powerful refutations of a number of other global warming denier talking points, as well as some ingenious sequences that explain the planetary-scale significance of climate change.",neutral,disagrees,agrees,agrees,neutral,agrees,neutral,agrees,2,2,t32,0.0018068868137664,0.9780084275160076,0.0201846856702261,0.9,0.95,A,A,agrees,agrees
472,472,agrees,0.5,The dust that is darkening the brilliant whiteness of the snow is heating up in the strong sun and melting the snow and ice.,neutral,neutral,agrees,agrees,agrees,neutral,agrees,neutral,2,2,t33,0.0030375671214708,0.1001547147348042,0.8968077181437248,1.0,0.8,A,A,agrees,agrees
473,473,neutral,0.25,"Thanks to rising global temperatures, rapidly melting Arctic ice and growing human operations in the North, Santa Claus has signed an agreement with the International community to relocate his village next year to operate in an exclusive zone in the South Pole.",neutral,agrees,neutral,agrees,neutral,neutral,neutral,neutral,2,2,t34,0.0029727826035206,0.8644005805472669,0.1326266368492125,1.0,0.9,A,B,neither agrees nor disagrees,agrees
474,474,agrees,0.625,"The Arctic ice cap, which is thought to have lost an average of 12.9 billion tonnes of ice a year between 1992 and 2010 due to general warming, may be losing an extra 27 billion tonnes a year just because of dust, potentially adding several centimeters of sea-level rise by 2100.",agrees,agrees,neutral,agrees,agrees,neutral,agrees,neutral,2,2,t35,0.0015443399388216,0.9870067993595072,0.0114488607016711,0.9,0.9,A,A,agrees,agrees
475,475,neutral,0.125,Sea level rise in the 20th century is mostly man-made.,neutral,agrees,neutral,agrees,agrees,disagrees,neutral,disagrees,2,2,t36,0.000794860925949,0.9982050593577548,0.001000079716296,1.0,0.9,A,A,agrees,agrees
476,476,neutral,0.375,"While that this revelation this revelation is regrettable, this revelation does nothing to disprove the theory that mankind is responsible for global warming.",neutral,neutral,neutral,agrees,neutral,agrees,agrees,neutral,2,2,t37,0.9464608616397668,0.0175440731809183,0.0359950651793149,1.0,0.8,A,A,agrees,agrees
477,477,neutral,0.125,"A price on carbon can be effective at reducing emissions if it’s tried on a sustained, economy-wide basis.",neutral,neutral,neutral,neutral,agrees,neutral,neutral,neutral,2,2,t38,0.0493295911265021,0.6477471758486624,0.3029232330248356,0.7,0.8,A,A,agrees,agrees
478,478,neutral,-0.125,"Sea levels made this jump 115,000 years ago because of a sudden ice collapse in Antarctica.",neutral,neutral,neutral,neutral,neutral,neutral,neutral,disagrees,2,2,t39,0.0038774797482338,0.5166149995060213,0.4795075207457449,1.0,0.8,B,B,neither agrees nor disagrees,neither agrees nor disagrees
479,479,agrees,0.375,The Kemper County Energy Facility is possible to go on burning the dirtiest of fossil fuels and still make the cuts in carbon dioxide emissions needed to avoid a climate catastrophe.,neutral,neutral,agrees,agrees,disagrees,agrees,neutral,agrees,2,2,t4,0.0030794858769982,0.1123608696518638,0.8845596444711378,0.9,0.2,C,C,disagrees,disagrees
480,480,neutral,0.375,The world will experience a rise in sea level of several feet.,agrees,neutral,neutral,neutral,agrees,neutral,agrees,neutral,2,2,t5,0.0037678533451554,0.6553274011994606,0.3409047454553838,1.0,0.9,A,A,agrees,agrees
481,481,agrees,1.0,Global warming will further destabilize already-volatile parts of the world and should be considered in national security planning.,agrees,agrees,agrees,agrees,agrees,agrees,agrees,agrees,2,2,t6,0.2637544388458808,0.277631206656093,0.4586143544980261,1.0,0.95,A,A,agrees,agrees
482,482,neutral,0.0,They are on the verge of passing climate legislation at home and a global carbon accord at the Copenhagen talks.,neutral,neutral,neutral,neutral,neutral,neutral,neutral,neutral,2,2,t7,0.004060930808357,0.367598279221785,0.628340789969858,0.9,0.7,B,A,agrees,neither agrees nor disagrees
483,483,neutral,0.0,"While 64 percent of Americans think global warming is real and caused by human beings, only 44 percent of evangelicals do.",neutral,neutral,neutral,neutral,neutral,neutral,neutral,neutral,2,2,t8,0.0017951456242587,0.0135923675154045,0.9846124868603366,0.64,0.9,B,A,agrees,neither agrees nor disagrees
484,484,agrees,1.0,"Global warming has caused and will continue to cause a significant increase in extreme weather events, including hurricanes, and sea levels will eventually rise to the point that massive cities will someday be flooded and uninhabitable.",agrees,agrees,agrees,agrees,agrees,agrees,agrees,agrees,2,2,t9,0.0419435686945751,0.0028475902184133,0.9552088410870117,0.9,1.0,A,A,agrees,agrees
485,485,disagrees,-1.0,Global warming is a hoax.,disagrees,disagrees,disagrees,disagrees,disagrees,disagrees,disagrees,disagrees,2,3,s0,,,,1.0,1.0,C,C,disagrees,disagrees
486,486,agrees,0.625,Alarming levels of sea level rise are predicted to threaten Florida over the next decades.,agrees,neutral,agrees,agrees,agrees,neutral,agrees,neutral,2,3,s1,,,,1.0,0.95,A,A,agrees,agrees
487,487,neutral,0.125,"Over the past several years, the United States has seen an increase in business growth that has counteracted the lingering effects of the recession.",neutral,neutral,neutral,agrees,neutral,neutral,neutral,neutral,2,3,s2,,,,0.0,0.95,B,B,neither agrees nor disagrees,neither agrees nor disagrees
488,488,agrees,1.0,Global warming is happening and it will be dangerous to human health and welfare.,agrees,agrees,agrees,agrees,agrees,agrees,agrees,agrees,2,3,s3,,,,1.0,0.95,A,A,agrees,agrees
489,489,neutral,0.0,Some icebergs are cute.,neutral,neutral,neutral,neutral,neutral,neutral,neutral,neutral,2,3,s4,,,,0.2,0.95,B,B,neither agrees nor disagrees,neither agrees nor disagrees
490,490,neutral,0.0,People worry a great deal about global warming.,neutral,neutral,agrees,neutral,neutral,neutral,neutral,disagrees,2,3,t0,0.0352909445676429,0.0141919635605561,0.9505170918718008,1.0,0.9,A,A,agrees,agrees
491,491,agrees,0.5,The CO2 emitted by burning fossil fuel is the greenhouse gas that causes global warming.,agrees,neutral,neutral,agrees,neutral,neutral,agrees,agrees,2,3,t1,0.0033789527671856,0.6670819683505967,0.3295390788822177,1.0,0.9,A,A,agrees,agrees
492,492,neutral,0.375,The reputational boost from Boeing efforts to reduce carbon emissions could help it win defense contracts.,agrees,neutral,neutral,agrees,neutral,neutral,agrees,neutral,2,3,t10,0.0028065393462709,0.8243642740726381,0.1728291865810908,0.75,0.9,B,B,neither agrees nor disagrees,neither agrees nor disagrees
493,493,disagrees,-0.75,"This is about economic migration and about political instability, not about global warming.",disagrees,disagrees,disagrees,disagrees,disagrees,neutral,neutral,disagrees,2,3,t11,0.9920615693195144,0.0062941213764115,0.0016443093040741,1.0,0.9,C,C,disagrees,disagrees
494,494,disagrees,-0.625,Man-made global warming may further lessen the likelihood of the freak atmospheric steering currents that last year shoved Superstorm Sandy due west into New Jersey.,agrees,disagrees,disagrees,disagrees,neutral,disagrees,disagrees,disagrees,2,3,t12,0.0034352376312814,0.6548798119365928,0.3416849504321257,0.9,0.8,A,A,agrees,agrees
495,495,neutral,0.375,"Arctic sea ice has officially reached its minimum extent for the summer, shrinking to 5.1 million square kilometers.",agrees,neutral,agrees,neutral,neutral,neutral,neutral,agrees,2,3,t13,0.0004436421356535,0.0005776367517386,0.9989787211126078,1.0,0.8,B,A,agrees,neither agrees nor disagrees
496,496,agrees,0.5,Global warming is affecting the weather.,agrees,agrees,neutral,neutral,neutral,neutral,agrees,agrees,2,3,t14,0.8864813939526213,0.1101094647980379,0.0034091412493407,1.0,0.8,A,A,agrees,agrees
497,497,agrees,0.875,The United States should undertake an either medium-or large-scale effort to cut down global warming.,agrees,agrees,agrees,neutral,agrees,agrees,agrees,agrees,2,3,t15,0.0727827820175208,0.0026969233567641,0.9245202946257152,1.0,0.9,A,A,agrees,agrees
498,498,neutral,-0.125,Some of wind's climate impacts will be beneficial — several global studies show that wind power cools polar regions.,disagrees,neutral,neutral,disagrees,neutral,neutral,neutral,agrees,2,3,t16,0.9223953201906322,0.0065303636774773,0.0710743161318903,0.75,0.8,B,B,neither agrees nor disagrees,neither agrees nor disagrees
499,499,disagrees,-0.5,"I believe there will not be an oil spill from Shell’s Arctic drilling, and they should proceed full speed ahead.",neutral,neutral,disagrees,disagrees,neutral,neutral,disagrees,disagrees,2,3,t17,0.0259476859762464,0.4551547998258821,0.5188975141978714,1.0,0.7,C,C,disagrees,disagrees
500,500,disagrees,-0.125,"It gives us a dangerous climate that we make safe, above all, by using energy from fossil fuels.",agrees,neutral,disagrees,neutral,neutral,agrees,disagrees,disagrees,2,3,t18,0.0034182077217395,0.3143316055345774,0.6822501867436831,0.9,0.9,C,C,disagrees,disagrees
501,501,agrees,0.625,Humans are changing the seas 10 times faster than at this catastrophic event.,agrees,agrees,agrees,disagrees,neutral,agrees,agrees,agrees,2,3,t19,0.8911618726751728,0.003034871749012,0.1058032555758152,0.9,0.8,A,C,disagrees,agrees
502,502,agrees,0.5,Global warming would affect the planet first in the Arctic.,agrees,neutral,neutral,neutral,agrees,neutral,agrees,agrees,2,3,t2,0.9625635172779264,0.0258751385684717,0.0115613441536019,0.75,0.8,B,B,neither agrees nor disagrees,neither agrees nor disagrees
503,503,disagrees,-0.875,There is “ no reproducible evidence ” that carbon dioxide levels have increased over the past century.,disagrees,disagrees,disagrees,disagrees,disagrees,neutral,disagrees,disagrees,2,3,t20,0.0032423752543486,0.2843539617624119,0.7124036629832394,1.0,0.9,C,C,disagrees,disagrees
504,504,neutral,-0.5,Scientists’ most extreme projections about sea-level rise appear to have been rejected as “ outliers ” by Working Group I.,neutral,neutral,disagrees,disagrees,neutral,disagrees,neutral,disagrees,2,3,t21,0.0025988401937122,0.8537206566975291,0.1436805031087587,0.75,0.8,B,B,neither agrees nor disagrees,neither agrees nor disagrees
505,505,agrees,0.375,Developing countries are paying the price for the carbon-intensive practices of a few countries.,neutral,neutral,agrees,neutral,neutral,neutral,agrees,agrees,2,3,t22,0.0004454824398935,0.998837109836086,0.0007174077240204,0.9,0.9,A,A,agrees,agrees
506,506,agrees,0.375,The “ modern maximum ” – a peak in solar activity that lasted much of the last century – corresponds very well with an increase in global temperatures.,neutral,agrees,disagrees,agrees,neutral,neutral,agrees,agrees,2,3,t23,0.0730343081423234,0.0496384082278533,0.8773272836298232,0.9,0.8,B,C,disagrees,neither agrees nor disagrees
507,507,neutral,0.125,"I call it a carbon fee because you would give all of the money to the public, a dividend to each legal resident.",neutral,neutral,agrees,neutral,neutral,neutral,neutral,neutral,2,3,t24,0.5573598395769447,0.004150584740298,0.4384895756827573,0.2,0.95,B,A,agrees,neither agrees nor disagrees
508,508,agrees,0.375,"63% of all human-generated carbon emissions have been produced in the past 25 years; that is, nearly two-thirds have been emitted since the first warnings were sounded about what was then called “ global warming ”.",agrees,neutral,disagrees,agrees,neutral,neutral,agrees,agrees,2,3,t25,0.6397428690229486,0.1991276589998936,0.1611294719771577,0.9,0.9,A,A,agrees,agrees
509,509,agrees,0.75,Humans are causing climate change by increasing their carbon-dioxide levels.,agrees,agrees,agrees,agrees,neutral,neutral,agrees,agrees,2,3,t26,0.0026803246263661,0.9906515681334516,0.0066681072401823,1.0,0.9,A,A,agrees,agrees
510,510,disagrees,-0.375,Global warming skeptics may have a point or two after all.,disagrees,disagrees,agrees,neutral,disagrees,disagrees,disagrees,agrees,2,3,t27,0.9928758808249218,0.0011775708991747,0.0059465482759033,0.9,0.8,C,C,disagrees,disagrees
511,511,agrees,0.5,The world is still failing to put the global energy system onto a more sustainable path.,agrees,neutral,agrees,neutral,neutral,neutral,agrees,agrees,2,3,t28,0.3522376511652515,0.0042144681800563,0.6435478806546922,0.9,0.9,A,A,agrees,agrees
512,512,disagrees,-0.625,The alleged “ consensus ” behind the dangers of anthropogenic global warming is not nearly as settled among climate scientists as people imagine.,disagrees,neutral,disagrees,neutral,disagrees,neutral,disagrees,disagrees,2,3,t29,0.0034190184076862,0.4403658261974814,0.5562151553948324,0.9,0.9,C,C,disagrees,disagrees
513,513,disagrees,-0.625,Global warming is beneficial to the welfare and business.,disagrees,disagrees,agrees,neutral,disagrees,disagrees,disagrees,disagrees,2,3,t3,0.0227577905493623,0.7453835892487756,0.2318586202018621,1.0,0.9,C,C,disagrees,disagrees
514,514,agrees,0.625,"We need to “ do the math, ” which is to take the known fossil fuel reserves that oil and gas companies expect to tap and add that to the carbon already trapped in the atmosphere.",agrees,neutral,agrees,agrees,neutral,neutral,agrees,agrees,2,3,t30,0.0009319610440089,0.0062527252717502,0.9928153136842408,0.8,0.8,A,A,agrees,agrees
515,515,neutral,0.375,The average global land temperature has risen by about 1 degree Celsius since the mid-1950s.,agrees,neutral,neutral,agrees,neutral,neutral,neutral,agrees,2,3,t31,0.0234098002781337,0.7521749610850818,0.2244152386367844,1.0,0.7,A,A,agrees,agrees
516,516,disagrees,-0.5,The study sees a correlation but did not do the rigorous statistical and computer analysis to show that the cause of the wind changes are natural-the kind of analysis done when scientists attribute weather extremes to global warming.,disagrees,disagrees,disagrees,neutral,neutral,neutral,disagrees,neutral,2,3,t32,0.0016274680039859,0.9617623050480486,0.0366102269479654,0.8,0.8,B,A,agrees,neither agrees nor disagrees
517,517,neutral,0.125,"So if you are raising livestock and producing a lot of carbon dioxide with your farm equipment and the exhaust from the animals, then you would pay a fee on that and it would be reflected in the price of meat, reflected in the price of fish, reflected in the price of peanuts.",neutral,agrees,agrees,disagrees,neutral,neutral,neutral,neutral,2,3,t33,0.9289957953296476,0.0678690025226251,0.0031352021477274,1.0,0.9,B,A,agrees,neither agrees nor disagrees
518,518,neutral,-0.125,The Arctic permafrost — and its stored carbon — may not be as permanently frosted as its name implies.,disagrees,disagrees,agrees,neutral,neutral,neutral,neutral,neutral,2,3,t34,0.0030069243538648,0.7630217821896739,0.2339712934564613,0.9,0.8,A,A,agrees,agrees
519,519,agrees,0.875,Major glaciers that are part of the West Antarctic Ice Sheet appear to have become irrevocably destabilized.,agrees,agrees,agrees,neutral,agrees,agrees,agrees,agrees,2,3,t35,0.9227901289567234,0.0026749495500361,0.0745349214932405,0.9,0.9,A,A,agrees,agrees
520,520,neutral,0.0,"An open question is whether the moves on the left more recently are sort of moving the Overton window to where these carbon taxes become seen as a centrist, business-oriented approach that can gain favor.",neutral,neutral,neutral,neutral,neutral,neutral,neutral,neutral,2,3,t36,0.0027926278020988,0.8255206337080809,0.1716867384898203,0.75,0.9,B,B,neither agrees nor disagrees,neither agrees nor disagrees
521,521,agrees,0.875,Global warming is already making it worse.,agrees,agrees,agrees,neutral,agrees,agrees,agrees,agrees,2,3,t37,0.0030035673190845,0.1937394407372473,0.8032569919436681,1.0,1.0,A,A,agrees,agrees
522,522,neutral,0.125,Last month was the hottest May globally.,neutral,neutral,neutral,neutral,neutral,neutral,neutral,agrees,2,3,t38,0.7527729424540325,0.0037820004730992,0.2434450570728683,0.9,0.8,A,A,agrees,agrees
523,523,agrees,0.5,— Climate change is causing significant social unrest — is one that is being repeated with greater frequency by leading proponents of the theory humans are primarily responsible for causing global warming.,agrees,agrees,disagrees,agrees,neutral,agrees,neutral,agrees,2,3,t39,0.0063751556923163,0.0791644338208004,0.9144604104868832,0.9,0.8,A,A,agrees,agrees
524,524,agrees,0.625,A majority of respondents believe global warming has already begun.,agrees,neutral,agrees,agrees,neutral,agrees,neutral,agrees,2,3,t4,0.1898569580484061,0.0215920853801473,0.7885509565714465,0.9,0.8,A,A,agrees,agrees
525,525,neutral,0.0,"Satellite photographs may suggest an area is completely clear of ice, but there is still a chance that a ship will encounter drifts of ice.",neutral,neutral,neutral,neutral,neutral,neutral,neutral,neutral,2,3,t5,0.0004543445700619,0.9988118959802178,0.0007337594497202,0.2,0.9,B,B,neither agrees nor disagrees,neither agrees nor disagrees
526,526,disagrees,-0.375,Earth is about to go through an extensive global cooling period.,agrees,agrees,disagrees,neutral,disagrees,disagrees,disagrees,disagrees,2,3,t6,0.0004304510970538,0.0005765293989832,0.9989930195039628,0.95,0.9,C,C,disagrees,disagrees
527,527,neutral,-0.25,Increasing the use of wind will actually increase our emissions of carbon dioxide.,disagrees,neutral,disagrees,neutral,neutral,neutral,neutral,neutral,2,3,t7,0.0004337674540435,0.9988264120574902,0.0007398204884661,0.9,0.9,C,C,disagrees,disagrees
528,528,disagrees,-0.5,"If we look at the big picture, not only are the economic benefits [ of fossil fuels ] overwhelmingly positive, but the environmental benefits are overwhelmingly positive.",neutral,neutral,disagrees,agrees,disagrees,disagrees,disagrees,disagrees,2,3,t8,0.0014094445905555,0.0215539338509793,0.9770366215584648,0.95,0.9,C,C,disagrees,disagrees
529,529,neutral,0.25,Earth&apos;s sea level was on a downward trend until the industrial age.,neutral,agrees,disagrees,neutral,neutral,agrees,neutral,agrees,2,3,t9,0.0197697427639278,0.8313518403856941,0.148878416850378,0.5,0.8,B,B,neither agrees nor disagrees,neither agrees nor disagrees
530,530,disagrees,-0.875,Global warming is a hoax.,disagrees,disagrees,disagrees,disagrees,disagrees,disagrees,neutral,disagrees,2,4,s0,,,,1.0,1.0,C,C,disagrees,disagrees
531,531,agrees,0.5,Alarming levels of sea level rise are predicted to threaten Florida over the next decades.,agrees,neutral,neutral,neutral,agrees,agrees,neutral,agrees,2,4,s1,,,,1.0,0.95,A,A,agrees,agrees
532,532,neutral,0.125,"Over the past several years, the United States has seen an increase in business growth that has counteracted the lingering effects of the recession.",neutral,neutral,neutral,neutral,neutral,neutral,agrees,neutral,2,4,s2,,,,0.0,0.95,B,B,neither agrees nor disagrees,neither agrees nor disagrees
533,533,agrees,1.0,Global warming is happening and it will be dangerous to human health and welfare.,agrees,agrees,agrees,agrees,agrees,agrees,agrees,agrees,2,4,s3,,,,1.0,0.95,A,A,agrees,agrees
534,534,neutral,0.0,Some icebergs are cute.,neutral,neutral,neutral,neutral,neutral,neutral,neutral,neutral,2,4,s4,,,,0.2,0.95,B,B,neither agrees nor disagrees,neither agrees nor disagrees
535,535,neutral,-0.125,The CRVT is the first iteration of a carbon risk tool and presently only offers a somewhat generalized analysis.,neutral,neutral,neutral,neutral,neutral,neutral,disagrees,neutral,2,4,t0,0.0017314209506405,0.0016284140502597,0.9966401649990998,0.85,0.95,B,B,neither agrees nor disagrees,neither agrees nor disagrees
536,536,agrees,0.625,It’s a primary contributor to the global warming that we see.,agrees,agrees,neutral,agrees,agrees,agrees,neutral,neutral,2,4,t1,0.0028597772393696,0.9262045409206114,0.0709356818400188,1.0,0.95,A,A,agrees,agrees
537,537,agrees,0.5,"Global warming has added more moisture to the atmosphere, such that for any storm event, including Sandy, there will be more precipitation as a consequence.",agrees,neutral,agrees,neutral,agrees,agrees,neutral,neutral,2,4,t10,0.0009044835727706,0.9978607451908345,0.0012347712363949,1.0,0.9,A,A,agrees,agrees
538,538,agrees,0.375,It’s a credible scientific case for the man-made global warming scare theory.,agrees,agrees,neutral,neutral,disagrees,agrees,agrees,neutral,2,4,t11,0.0043140777384821,0.3550518575263753,0.6406340647351426,0.9,0.8,A,A,agrees,agrees
539,539,agrees,0.75,"About half the population of Cambridge, Massachusetts, across the Charles River from Boston and home to Harvard and MIT, could be locked in to a future below sea level by the early 2060s.",agrees,agrees,neutral,agrees,agrees,agrees,agrees,neutral,2,4,t12,0.0008955322839901,0.9978792678131044,0.0012251999029054,0.9,0.9,A,A,agrees,agrees
540,540,neutral,0.125,There is such a tight relationship between sea level and temperature.,neutral,neutral,neutral,neutral,neutral,neutral,agrees,neutral,2,4,t13,0.0026780414513455,0.0425400277663905,0.954781930782264,0.9,0.8,B,A,agrees,neither agrees nor disagrees
541,541,disagrees,-0.625,Any warming that may occur is likely to be modest and cause no net harm to the global environment or to human well-being.,neutral,disagrees,disagrees,disagrees,disagrees,disagrees,agrees,disagrees,2,4,t14,0.0042688601498015,0.2609663546341564,0.7347647852160422,0.9,1.0,C,C,disagrees,disagrees
542,542,neutral,-0.125,Only 16 percent of Republicans say they worry a great deal about global warming.,neutral,neutral,neutral,neutral,neutral,neutral,disagrees,neutral,2,4,t15,0.0030482085211849,0.0657400561785806,0.9312117353002344,1.0,0.8,B,B,neither agrees nor disagrees,neither agrees nor disagrees
543,543,neutral,0.125,"Global warming, i.e. Climate Change, is not about environmental or politics.",agrees,neutral,neutral,neutral,neutral,disagrees,agrees,neutral,2,4,t16,0.0010892861491532,0.0014259686080354,0.9974847452428112,0.5,0.9,C,B,neither agrees nor disagrees,disagrees
544,544,disagrees,-0.375,"The evidence against “ man-made global warming ” theory is growing stronger and Republicans, being more skeptical of the mainstream media, and being better-informed generally, have been quicker to grasp the truth than Democrats.",disagrees,disagrees,neutral,agrees,disagrees,disagrees,neutral,neutral,2,4,t17,0.3087909549184363,0.10789422165385,0.5833148234277136,0.9,0.9,C,C,disagrees,disagrees
545,545,neutral,-0.125,Carbon dioxide is coming out of your nose right now.,neutral,neutral,neutral,neutral,neutral,neutral,disagrees,neutral,2,4,t18,0.0043865839057924,0.6376612756092676,0.35795214048494,1.0,0.9,B,B,neither agrees nor disagrees,neither agrees nor disagrees
546,546,neutral,0.375,"Economic growth and poverty reduction will slow down and global food prices will rise between 3 and 84 percent by 2050 because of warmer temperatures and changes in rain patterns, according to documents obtained by The Associated Press.",agrees,neutral,agrees,neutral,agrees,neutral,neutral,neutral,2,4,t19,0.1096652762146508,0.6018486575926102,0.2884860661927389,1.0,0.9,A,A,agrees,agrees
547,547,agrees,0.875,A global temperature increase of even 2 degrees Celsius would be enough to produce catastrophic climate effects.,agrees,agrees,agrees,agrees,agrees,agrees,neutral,agrees,2,4,t2,0.0027920754702265,0.9346706110363572,0.0625373134934163,0.9,0.95,A,A,agrees,agrees
548,548,neutral,0.125,"There is hardly any old, multi-year ice left.",neutral,neutral,agrees,neutral,neutral,neutral,neutral,neutral,2,4,t20,0.0012904820092338,0.0022716221138883,0.996437895876878,1.0,0.9,A,A,agrees,agrees
549,549,neutral,-0.25,The Greenland ice sheet seems to have survived a previous warm period in Earth’s history — the Eemian period.,neutral,neutral,neutral,neutral,neutral,disagrees,disagrees,neutral,2,4,t21,0.9785248963696916,0.0028844480057723,0.0185906556245358,0.8,0.9,B,B,neither agrees nor disagrees,neither agrees nor disagrees
550,550,neutral,-0.25,"The United States would have lost $3 trillion dollars in the deal, even while we experience a ""global greening"" of reforestation.",neutral,neutral,agrees,neutral,disagrees,disagrees,disagrees,neutral,2,4,t22,0.0017964700993103,0.0016131509034602,0.9965903789972296,0.75,0.8,C,B,neither agrees nor disagrees,disagrees
551,551,disagrees,-0.625,"Natural events such as storms, floods, and droughts happen anyway and it is hard to blame particular occurrences on global warming.",disagrees,disagrees,neutral,disagrees,disagrees,disagrees,agrees,disagrees,2,4,t23,0.1009076922970892,0.0766377263697958,0.822454581333115,0.8,0.8,B,B,neither agrees nor disagrees,neither agrees nor disagrees
552,552,agrees,0.25,"It’s only a temporary Band-Aid covering a problem that will persist essentially forever, actually hundreds of thousands of years for fossil fuel CO2 to finally go away naturally.",neutral,agrees,agrees,agrees,disagrees,agrees,disagrees,neutral,2,4,t24,0.8448718215933962,0.0683294190837942,0.0867987593228095,0.8,0.9,A,A,agrees,agrees
553,553,agrees,1.0,The United Nations could be wiped off the face of the earth by rising sea levels if global warming is not reversed by the year 2030.,agrees,agrees,agrees,agrees,agrees,agrees,agrees,agrees,2,4,t25,0.0018222236640442,0.001662302918316,0.9965154734176396,1.0,0.95,A,A,agrees,agrees
554,554,disagrees,-0.875,It’s just a trick created by pretending that all the scientists who agree that humans make a contribution to global warming (ie almost everyone).,disagrees,disagrees,neutral,disagrees,disagrees,disagrees,disagrees,disagrees,2,4,t26,0.0044652968066043,0.3599126220264656,0.6356220811669301,0.9,0.1,C,C,disagrees,disagrees
555,555,neutral,0.125,"The greatest number of polar bear attacks occurred in the partial decade of 2010— 2014, which is characterized by historically low summer sea ice extent and long ice-free periods.",neutral,agrees,neutral,neutral,neutral,neutral,neutral,neutral,2,4,t27,0.00229303233497,0.0187986127304076,0.9789083549346222,1.0,0.8,A,A,agrees,agrees
556,556,neutral,0.125,"In addition, our oceans absorb about 25 % of the carbon dioxide.",neutral,neutral,neutral,neutral,neutral,neutral,agrees,neutral,2,4,t28,0.0789008616834074,0.0039804386215696,0.9171186996950228,0.9,0.95,B,A,agrees,neither agrees nor disagrees
557,557,neutral,0.25,The Obama administration plans to cut a national average of 32 percent of carbon dioxide emissions by 2030 from power plants’ 2005 levels.,agrees,neutral,neutral,neutral,neutral,neutral,agrees,neutral,2,4,t29,0.3564050710399315,0.0379208245884135,0.6056741043716548,1.0,0.9,A,A,agrees,agrees
558,558,neutral,0.375,"It is not feasible to wait for a global agreement on climate change, on the lines of the Kyoto protocol.",agrees,neutral,agrees,neutral,neutral,agrees,neutral,neutral,2,4,t3,0.9903369285362869,0.002172788338303,0.0074902831254102,0.7,0.7,A,A,agrees,agrees
559,559,neutral,-0.125,There is a humanitarian imperative to meeting these growing global energy needs.,neutral,neutral,neutral,neutral,neutral,neutral,disagrees,neutral,2,4,t30,0.1157960004925166,0.7366820327501462,0.1475219667573372,0.7,0.9,B,A,agrees,neither agrees nor disagrees
560,560,agrees,0.875,"The effects of climate change are accelerating, particularly in the Arctic region and on mountain glaciers that impact critical watersheds.",agrees,agrees,agrees,agrees,agrees,agrees,neutral,agrees,2,4,t31,0.0007596106703506,0.998447192029442,0.0007931973002072,0.9,0.95,A,A,agrees,agrees
561,561,neutral,0.125,"Energy costs will increase not only because of the tax, but also because energy companies will raise prices across the board knowing that all consumers have more money to spend, thanks to carbon-tax dividends.",neutral,neutral,neutral,neutral,neutral,neutral,agrees,neutral,2,4,t32,0.9912716578109132,0.0015223491896631,0.0072059929994236,0.2,0.9,B,B,neither agrees nor disagrees,neither agrees nor disagrees
562,562,neutral,0.125,Gas prices will not drop significantly because oil is a global commodity and those prices are largely set by international market forces.,neutral,neutral,neutral,neutral,neutral,neutral,agrees,neutral,2,4,t33,0.0030951373583795,0.0662927609686476,0.9306121016729728,0.2,0.95,B,B,neither agrees nor disagrees,neither agrees nor disagrees
563,563,neutral,0.25,The sun’s changes will give Earth “ 30 years ” to come up with a solution to global warming.,agrees,neutral,neutral,neutral,agrees,agrees,disagrees,neutral,2,4,t34,0.0012662013928528,0.0022292728292858,0.9965045257778614,0.5,0.8,A,B,neither agrees nor disagrees,agrees
564,564,agrees,1.0,"And for the sake of future generations, our generation must move toward a global compact to confront a changing climate before it is too late.",agrees,agrees,agrees,agrees,agrees,agrees,agrees,agrees,2,4,t35,0.0029806097219125,0.0512829790896596,0.945736411188428,1.0,0.95,A,A,agrees,agrees
565,565,agrees,0.5,The Earth could be heading for a new “ little ice age ” as solar activity drops once again.,agrees,neutral,agrees,agrees,agrees,neutral,disagrees,agrees,2,4,t36,0.0017430828103017,0.0015657325078966,0.9966911846818016,0.9,0.8,C,B,neither agrees nor disagrees,disagrees
566,566,agrees,0.75,Global warming would harm “ future generations ” either a moderate amount or a great deal.,agrees,agrees,agrees,agrees,agrees,agrees,disagrees,agrees,2,4,t37,0.0009030203042657,0.997901757306072,0.0011952223896622,0.9,0.9,A,A,agrees,agrees
567,567,neutral,-0.125,The forests of the western United States account for 20% to 40% of total US carbon sequestration.,neutral,neutral,neutral,neutral,neutral,neutral,disagrees,neutral,2,4,t38,0.0012561983065954,0.0021624270002701,0.9965813746931343,0.8,0.9,B,A,agrees,neither agrees nor disagrees
568,568,disagrees,-0.5,Global warming has stalled.,neutral,disagrees,disagrees,neutral,neutral,disagrees,neutral,disagrees,2,4,t39,0.0011779610307845,0.0021533492949924,0.9966686896742232,0.2,0.9,C,B,neither agrees nor disagrees,disagrees
569,569,agrees,0.875,Burning fossil fuels will indeed result in catastrophic climate change.,agrees,agrees,agrees,agrees,agrees,agrees,neutral,agrees,2,4,t4,0.006501216632746,0.4986375428846223,0.4948612404826318,1.0,1.0,A,A,agrees,agrees
570,570,neutral,0.25,The Arctic’s albedo may be declining much faster than is estimated only a few years ago.,neutral,neutral,neutral,neutral,neutral,neutral,agrees,agrees,2,4,t5,0.000794312803509,0.9983913381956716,0.0008143490008192,0.9,0.9,A,A,agrees,agrees
571,571,neutral,0.25,Scientists agree that future storms will be slightly stronger because of global warming and that sea level is rising faster than researchers once thought.,neutral,neutral,neutral,neutral,agrees,agrees,neutral,neutral,2,4,t6,0.0053126340384328,0.8096425061648199,0.1850448597967472,0.9,0.9,A,A,agrees,agrees
572,572,neutral,0.125,Carbon dioxide has reached 400 parts per million in the atmosphere.,neutral,neutral,neutral,neutral,agrees,neutral,neutral,neutral,2,4,t7,0.0012901031197353,0.9978021989290228,0.0009076979512419,1.0,0.8,B,A,agrees,neither agrees nor disagrees
573,573,neutral,0.0,A Yale report had a significant effect on public beliefs in global warming and trust in scientists.,neutral,neutral,neutral,neutral,neutral,neutral,neutral,neutral,2,4,t8,0.0017785090079698,0.0015133283664375,0.9967081626255928,0.2,0.8,B,B,neither agrees nor disagrees,neither agrees nor disagrees
574,574,neutral,-0.25,The stark truth is that severe weather events alone will not cause global warming to pop to the top of the national agenda.,neutral,agrees,neutral,neutral,neutral,disagrees,disagrees,disagrees,2,4,t9,0.6602599198067464,0.0047175040934969,0.3350225760997566,0.8,0.8,B,C,disagrees,neither agrees nor disagrees
575,575,disagrees,-0.875,Global warming is a hoax.,disagrees,neutral,disagrees,disagrees,disagrees,disagrees,disagrees,disagrees,2,5,s0,,,,1.0,1.0,C,C,disagrees,disagrees
576,576,agrees,0.625,Alarming levels of sea level rise are predicted to threaten Florida over the next decades.,agrees,neutral,agrees,agrees,agrees,neutral,agrees,neutral,2,5,s1,,,,1.0,0.95,A,A,agrees,agrees
577,577,neutral,0.125,"Over the past several years, the United States has seen an increase in business growth that has counteracted the lingering effects of the recession.",neutral,neutral,neutral,neutral,neutral,agrees,neutral,neutral,2,5,s2,,,,0.0,1.0,B,B,neither agrees nor disagrees,neither agrees nor disagrees
578,578,agrees,1.0,Global warming is happening and it will be dangerous to human health and welfare.,agrees,agrees,agrees,agrees,agrees,agrees,agrees,agrees,2,5,s3,,,,1.0,0.95,A,A,agrees,agrees
579,579,neutral,-0.125,Some icebergs are cute.,neutral,neutral,neutral,neutral,neutral,disagrees,neutral,neutral,2,5,s4,,,,0.2,0.95,B,B,neither agrees nor disagrees,neither agrees nor disagrees
580,580,agrees,0.625,"What’s happening there is a microcosm of a global trend: 90 percent of the world’s coral will be at risk of disappearance by 2030, thanks primarily to ocean acidification and global warming, both products of greenhouse gases released by human activity.",agrees,neutral,agrees,agrees,agrees,disagrees,agrees,agrees,2,5,t0,0.0034885206898589,0.995191115510068,0.001320363800073,1.0,1.0,A,A,agrees,agrees
581,581,neutral,0.0,"Zharkova’s very possible global temperature will drop in a manner similar to when solar activity was last at Zharkova’s projected levels, in the mid-1700s, when much of the world experienced a so-called “ mini ice age.“",neutral,agrees,neutral,disagrees,agrees,neutral,neutral,disagrees,2,5,t1,0.517315352001873,0.0274858689034395,0.4551987790946875,1.0,0.9,C,C,disagrees,disagrees
582,582,agrees,0.5,The window on keeping global warming below 1.5 degrees C is closing rapidly and the current emissions pledges made by signatories to the Paris Agreement do not add up to us achieving that goal.,agrees,neutral,agrees,agrees,agrees,disagrees,neutral,agrees,2,5,t10,0.0065571265515364,0.3048514790565181,0.6885913943919455,0.9,0.95,A,A,agrees,agrees
583,583,agrees,0.625,"The dramatic warming of the Arctic is, in turn, slowing down the hemisphere-sized loopings of the jet stream — with very similar consequences.",agrees,neutral,agrees,agrees,agrees,neutral,agrees,neutral,2,5,t11,0.0066079411219452,0.4357661294832224,0.5576259293948324,0.9,0.8,A,A,agrees,agrees
584,584,agrees,0.75,"Global warming made Sandy directly and unmistakably worse, because of its contribution to sea level rise.",agrees,neutral,agrees,agrees,agrees,agrees,agrees,neutral,2,5,t12,0.9996963156366128,0.0001598569668703,0.0001438273965167,1.0,0.9,A,A,agrees,agrees
585,585,neutral,0.375,By the end of the century the chance of Sandy-level flooding in Lower Manhattan in any given year increases to 50 percent.,agrees,neutral,agrees,neutral,neutral,agrees,neutral,neutral,2,5,t13,0.0050832723250211,0.8401523273890742,0.1547644002859045,1.0,0.9,A,A,agrees,agrees
586,586,neutral,-0.125,"Whatever environmentalists may hope, the Obama White House and congressional Democrats are unlikely to make global warming a top issue in 2013 or 2014.",neutral,disagrees,neutral,disagrees,neutral,agrees,neutral,neutral,2,5,t14,0.9660086954718192,0.0300450620177969,0.0039462425103837,1.0,0.8,B,B,neither agrees nor disagrees,neither agrees nor disagrees
587,587,neutral,-0.375,Rising global temperatures during the 19th and 20th centuries may be linked to greater plant photosynthesis.,neutral,neutral,disagrees,neutral,neutral,disagrees,neutral,disagrees,2,5,t15,0.0032193547593871,0.0293517968671997,0.9674288483734133,0.75,0.8,B,B,neither agrees nor disagrees,neither agrees nor disagrees
588,588,neutral,0.125,The majority of Miami Beach is a flood zone.,neutral,neutral,neutral,neutral,neutral,agrees,neutral,neutral,2,5,t16,0.0139315859438661,0.3796061926759217,0.6064622213802121,0.9,0.9,B,A,agrees,neither agrees nor disagrees
589,589,neutral,0.125,Summer sea ice in the Arctic will disappear sometime this century.,neutral,neutral,agrees,agrees,neutral,disagrees,neutral,neutral,2,5,t17,0.9970369015305164,0.002260111287381,0.0007029871821025,1.0,0.8,A,A,agrees,agrees
590,590,agrees,0.625,Expansion of high carbon projects such as the proposed Keystone XL tar sands pipeline will undermine the good work being done in local communities across the country to fight climate change and reduce our dependence on oil.,agrees,neutral,agrees,agrees,neutral,neutral,agrees,agrees,2,5,t18,0.0081321600868811,0.9676247444044396,0.0242430955086793,1.0,0.95,A,A,agrees,agrees
591,591,neutral,0.25,"In a worst-case global warming scenario, corn, cotton, and soy-bean yields could decrease by 80 percent by 2100.",agrees,neutral,agrees,neutral,neutral,neutral,neutral,neutral,2,5,t19,0.0030559842762776,0.9666547938317508,0.0302892218919716,1.0,0.9,A,A,agrees,agrees
592,592,neutral,0.5,"Such gases, mainly CO2 from the burning of fossil fuels, rose on average by 2.2 percent a year in 2000-2010, driven by the use of coal in the power sector.",agrees,agrees,agrees,neutral,neutral,agrees,neutral,neutral,2,5,t2,0.0023197597169855,0.9815888641523136,0.0160913761307007,0.9,0.8,A,A,agrees,agrees
593,593,agrees,0.75,It is more certain than ever that humans are causing global warming.,agrees,disagrees,agrees,agrees,agrees,agrees,agrees,agrees,2,5,t20,0.0061667681598186,0.2421704772524948,0.7516627545876865,1.0,0.95,A,A,agrees,agrees
594,594,agrees,0.625,"Levels of carbon dioxide and methane, the two most influential of greenhouse gases, reached record highs in 2011.",agrees,neutral,agrees,agrees,agrees,neutral,neutral,agrees,2,5,t21,0.2071707008100848,0.0062330295785808,0.7865962696113343,1.0,0.8,A,A,agrees,agrees
595,595,neutral,0.625,"Two-thirds of Himalayan glaciers, the world’s “ Third Pole ”, could melt by 210.",agrees,agrees,agrees,neutral,agrees,agrees,neutral,neutral,2,5,t22,0.2789628205515243,0.002537380764123,0.7184997986843527,0.9,0.9,A,A,agrees,agrees
596,596,neutral,0.0,"This, the authors conclude, augurs ill for human populations if “ global warming ” ever seriously takes off.",disagrees,neutral,neutral,disagrees,agrees,agrees,neutral,neutral,2,5,t23,0.0012726945961415,0.0018222832690185,0.9969050221348398,0.9,0.8,A,A,agrees,agrees
597,597,agrees,0.625,"We appreciated that a planet running a fever is just like a person running a fever, which is to say it has a whole lot of other symptoms: in this case, droughts, floods, wildfires, habitat disruption, sea level rise, species loss, crop death and more.",agrees,agrees,agrees,disagrees,agrees,neutral,agrees,agrees,2,5,t24,0.0173832179539568,0.2681246349081441,0.7144921471378989,1.0,0.95,A,A,agrees,agrees
598,598,neutral,0.125,"In the last 10 years the surface of Greenland’s ice sheet has considerably darkened during the melt season, which in some areas is now between 6 and 11 days longer per decade than it is 40 years ago.",neutral,disagrees,agrees,neutral,agrees,neutral,neutral,neutral,2,5,t25,0.0024338834357783,0.980332334893202,0.0172337816710196,0.9,0.9,A,A,agrees,agrees
599,599,agrees,0.75,You could do everything possible to minimize your own carbon footprint.,neutral,agrees,agrees,agrees,agrees,agrees,neutral,agrees,2,5,t26,0.0055568970502704,0.1710229138139646,0.8234201891357649,1.0,0.8,B,A,agrees,neither agrees nor disagrees
600,600,agrees,0.75,Human activity contributes to global warming.,agrees,neutral,agrees,agrees,agrees,agrees,agrees,neutral,2,5,t27,0.0019200559677768,0.997529742918752,0.000550201113471,1.0,0.8,A,A,agrees,agrees
601,601,neutral,0.0,But we are looking at carbon the same way we look at every pollutant under the Clean Air Act.,neutral,neutral,neutral,neutral,neutral,neutral,neutral,neutral,2,5,t28,0.0031150682658843,0.9615422639129496,0.0353426678211662,0.75,0.8,B,B,neither agrees nor disagrees,neither agrees nor disagrees
602,602,neutral,0.0,"It is too simplistic in its analysis of carbon loss from soil, which can vary over a single field, and vastly overestimated how much residue farmers actually would remove once the market gets underway.",neutral,neutral,neutral,neutral,neutral,neutral,neutral,neutral,2,5,t29,0.0066253058184832,0.5171201618158959,0.4762545323656209,0.8,0.85,B,C,disagrees,neither agrees nor disagrees
603,603,neutral,0.375,Greenland is not only melting.,neutral,neutral,agrees,agrees,agrees,neutral,neutral,neutral,2,5,t3,0.6781414460184819,0.0293267138513385,0.2925318401301796,0.8,0.8,B,A,agrees,neither agrees nor disagrees
604,604,neutral,-0.125,The end goal of this scheme is global governance with the creeps who polluted Copenhagen with their presence as our future overlords.,neutral,neutral,neutral,disagrees,disagrees,neutral,neutral,agrees,2,5,t30,0.1297909127491131,0.8655919948758988,0.004617092374988,0.9,0.9,C,C,disagrees,disagrees
605,605,neutral,0.25,"The extent of sea ice for September 2013 is far lower than the 1981-2010 average, by two standard deviations.",agrees,agrees,agrees,neutral,disagrees,neutral,neutral,neutral,2,5,t31,0.0089358349231812,0.0677034765965279,0.9233606884802908,0.9,0.9,A,A,agrees,agrees
606,606,neutral,0.375,Many want us to switch to “ green ” energies like solar and wind so we can move away from fossil fuels.,neutral,agrees,neutral,neutral,neutral,agrees,neutral,agrees,2,5,t32,0.0052513610921055,0.8453281105633317,0.1494205283445627,0.9,0.8,B,A,agrees,neither agrees nor disagrees
607,607,agrees,0.625,"Unfortunately, the Trump administration has become a rogue outlier in its shortsighted attempt to prop up the dirty fossil fuel industries of the past.",agrees,neutral,agrees,agrees,neutral,neutral,agrees,agrees,2,5,t33,0.0023476549547132,0.9814938504600652,0.0161584945852214,1.0,0.9,A,A,agrees,agrees
608,608,neutral,0.25,A fossil fuel revolution is aborning.,neutral,neutral,neutral,neutral,agrees,neutral,agrees,neutral,2,5,t34,0.0008758222943402,0.0005667598043511,0.9985574179013084,0.2,0.5,B,A,agrees,neither agrees nor disagrees
609,609,neutral,0.25,"Rising sea levels allowed tsunamis to reach much further inland, significantly increasing the risk of floods.",neutral,neutral,agrees,neutral,agrees,neutral,neutral,neutral,2,5,t35,0.0008561005553579,0.0005652679718408,0.9985786314728012,1.0,0.9,A,B,neither agrees nor disagrees,agrees
610,610,agrees,0.625,That means methane may be a bigger global warming issue than thought.,agrees,neutral,agrees,agrees,agrees,agrees,neutral,neutral,2,5,t36,0.4169895465098524,0.032410323806277,0.5506001296838704,0.9,0.8,A,A,agrees,agrees
611,611,agrees,0.375,This will help us begin to more concretely talk about what’s already happening at the state and local level to reduce carbon emissions in the electricity sector.,neutral,disagrees,agrees,agrees,agrees,neutral,neutral,agrees,2,5,t37,0.0499706426180638,0.2904876096298234,0.6595417477521127,0.8,0.8,A,A,agrees,agrees
612,612,neutral,0.0,The Keystone XL pipeline-enabled production of tar sands oil would create as much as 5.3 billion metric tons of carbon dioxide-equivalent by 2050.,neutral,neutral,neutral,neutral,neutral,neutral,neutral,neutral,2,5,t38,0.00370759254014,0.0406363982655732,0.9556560091942866,1.0,0.9,A,A,agrees,agrees
613,613,neutral,0.625,"On the warmest day this month, half the ice sheet’s surface is melting, double the norm for this time of year.",agrees,agrees,agrees,neutral,agrees,agrees,neutral,neutral,2,5,t39,0.002359531310212,0.9801917397296402,0.0174487289601477,1.0,0.8,A,A,agrees,agrees
614,614,disagrees,-1.0,"The standard global warming narrative is stale and alienating — and perhaps worst of all, stuck in the technical weeds.",disagrees,disagrees,disagrees,disagrees,disagrees,disagrees,disagrees,disagrees,2,5,t4,0.0040156119942075,0.0642519863462078,0.9317324016595846,0.75,0.8,C,B,neither agrees nor disagrees,disagrees
615,615,agrees,0.5,The release of the anthropogenic greenhouse gases contributed to 90 percent or even higher of the observed increase in the global average temperature in the past 50 years.,agrees,neutral,agrees,agrees,agrees,neutral,neutral,neutral,2,5,t5,0.004004354166237,0.0605734307634046,0.9354222150703584,1.0,0.9,A,A,agrees,agrees
616,616,disagrees,-0.25,The threat to humanity comes more from global warming policies.,disagrees,neutral,agrees,disagrees,agrees,neutral,disagrees,disagrees,2,5,t6,0.0046259254086328,0.8889731887436497,0.1064008858477173,0.9,0.9,C,C,disagrees,disagrees
617,617,neutral,0.25,"By facilitating the exploitation of particularly carbon-dense Canadian tar sands, Canada will substantially increase greenhouse gas emissions into the atmosphere.",neutral,neutral,agrees,neutral,neutral,agrees,neutral,neutral,2,5,t7,0.0124490501497078,0.7550166151643299,0.2325343346859622,1.0,0.9,A,A,agrees,agrees
618,618,neutral,0.25,"Warm sea-surface conditions in the tropical North Atlantic are a driving force in the unusually active 2017 Atlantic hurricane season, which included Harvey, Irma, Maria, and three other major hurricanes in the North Atlantic.",agrees,disagrees,agrees,neutral,agrees,neutral,neutral,neutral,2,5,t8,0.0009003319404653,0.0005779084244677,0.998521759635067,0.2,0.8,B,B,neither agrees nor disagrees,neither agrees nor disagrees
619,619,disagrees,-0.625,"Science disagrees with his phony claim that this cold snap has anything to do with Climate Change, Global Warming, or whatever these Truthers are calling it this week.",disagrees,neutral,disagrees,disagrees,agrees,disagrees,disagrees,disagrees,2,5,t9,0.0067012190225488,0.5200234328945529,0.4732753480828982,1.0,0.9,C,C,disagrees,disagrees
620,620,disagrees,-0.875,Global warming is a hoax.,disagrees,disagrees,disagrees,disagrees,disagrees,disagrees,neutral,disagrees,2,6,s0,,,,1.0,1.0,C,C,disagrees,disagrees
621,621,agrees,0.875,Alarming levels of sea level rise are predicted to threaten Florida over the next decades.,agrees,agrees,agrees,neutral,agrees,agrees,agrees,agrees,2,6,s1,,,,1.0,0.95,A,A,agrees,agrees
622,622,neutral,0.0,"Over the past several years, the United States has seen an increase in business growth that has counteracted the lingering effects of the recession.",neutral,neutral,neutral,neutral,neutral,neutral,neutral,neutral,2,6,s2,,,,0.0,0.95,B,B,neither agrees nor disagrees,neither agrees nor disagrees
623,623,agrees,1.0,Global warming is happening and it will be dangerous to human health and welfare.,agrees,agrees,agrees,agrees,agrees,agrees,agrees,agrees,2,6,s3,,,,1.0,0.95,A,A,agrees,agrees
624,624,neutral,0.0,Some icebergs are cute.,neutral,neutral,neutral,neutral,neutral,neutral,neutral,neutral,2,6,s4,,,,0.2,0.95,B,B,neither agrees nor disagrees,neither agrees nor disagrees
625,625,disagrees,-0.5,It is inherently self-serving for the Intergovernmental Panel on Climate Change to identify human activities as the cause of global warming.,neutral,disagrees,disagrees,neutral,disagrees,neutral,neutral,disagrees,2,6,t0,0.7594563579862434,0.0025572569396664,0.2379863850740901,0.9,0.9,C,C,disagrees,disagrees
626,626,agrees,0.625,"There are numerous researchers predicting massive, catastrophic global warming within the next century.",neutral,agrees,neutral,neutral,agrees,agrees,agrees,agrees,2,6,t1,0.0049227344161825,0.6961833433335873,0.2988939222502301,1.0,0.9,A,A,agrees,agrees
627,627,neutral,0.125,Kauppinen is the author of a separate submission to Nature in 2010 that also contests the UN Climate Panel’s consensus view on the degree to which human activity contributes to global climate change.,neutral,neutral,neutral,neutral,neutral,neutral,neutral,agrees,2,6,t10,0.0019481513101508,0.014796716487963,0.983255132201886,1.0,0.8,C,C,disagrees,disagrees
628,628,neutral,0.0,"Such fires happened hundreds of years ago, after global temperatures had risen slightly.",neutral,neutral,neutral,neutral,neutral,neutral,neutral,neutral,2,6,t11,0.0021860051851676,0.9766301432680832,0.021183851546749,0.8,0.7,C,A,agrees,disagrees
629,629,neutral,-0.125,"Nuclear power would not “ make a big difference in reducing carbon emissions in the next two decades, when the biggest reductions will have the most impact, ” because the industry could not build enough reactors during that time.",neutral,neutral,neutral,neutral,neutral,neutral,disagrees,neutral,2,6,t12,0.0371936262430839,0.9135478360827284,0.0492585376741877,0.85,0.8,A,B,neither agrees nor disagrees,agrees
630,630,disagrees,-0.5,"We are instead seeing weather history repeat itself, and this poses an important question to activists pointing to Sandy as “ overwhelming evidence ” of global warming as its cause.",neutral,disagrees,disagrees,disagrees,disagrees,neutral,neutral,neutral,2,6,t13,0.0038552541105349,0.1419664606272789,0.8541782852621861,0.9,0.8,C,C,disagrees,disagrees
631,631,neutral,-0.125,The Arctic Ice Sheet is at a record size for this time of year.,neutral,neutral,disagrees,neutral,neutral,neutral,agrees,disagrees,2,6,t14,0.0018759517268908,0.0130455375853324,0.9850785106877769,0.9,0.8,C,C,disagrees,disagrees
632,632,agrees,0.625,Humans make a contribution to global warming.,agrees,agrees,neutral,neutral,agrees,neutral,agrees,agrees,2,6,t15,0.0048691098619054,0.6620757276613122,0.3330551624767825,1.0,0.7,A,A,agrees,agrees
633,633,neutral,0.375,This deal is expected to lead to the deployment of a global climate change refugee visa system that in the near future could help to more easily relocate individuals and corporations facing the impacts of climate change.,neutral,neutral,agrees,neutral,neutral,agrees,agrees,neutral,2,6,t16,0.0007873692474349,0.9985675511617044,0.0006450795908608,1.0,0.9,A,A,agrees,agrees
634,634,agrees,0.75,"At the global level, nations must adopt transformative climate change policies.",agrees,neutral,agrees,agrees,agrees,agrees,neutral,agrees,2,6,t17,0.0037403259278305,0.1236866278678276,0.8725730462043417,1.0,0.9,A,A,agrees,agrees
635,635,neutral,0.125,A runaway greenhouse effect on Venus led to temperatures hot enough to melt lead.,neutral,neutral,agrees,neutral,neutral,neutral,neutral,neutral,2,6,t18,0.0021146131165974,0.0203177853705373,0.9775676015128651,1.0,0.9,B,B,neither agrees nor disagrees,neither agrees nor disagrees
636,636,neutral,-0.375,It would be healthy for the Intergovernmental Panel on Climate Change to focus on regional impacts and to focus on individual phenomena rather than the big global thing.,neutral,neutral,neutral,neutral,neutral,disagrees,disagrees,disagrees,2,6,t19,0.0007415109186589,0.0006247349922611,0.9986337540890798,0.85,0.8,B,B,neither agrees nor disagrees,neither agrees nor disagrees
637,637,neutral,0.125,The voluntary national contributions agreed in Paris would have to triple if the world is to cap global warming below 2 degrees C.,neutral,neutral,agrees,neutral,neutral,neutral,neutral,neutral,2,6,t2,0.0036885690756682,0.000954152286861,0.9953572786374706,1.0,0.9,A,A,agrees,agrees
638,638,neutral,0.375,The irony of the US government touting “ cleaner ” fossil fuels even as they take steps to dismantle standards to prevent methane leaks and pollution from coal-fired power plants.,neutral,agrees,neutral,neutral,agrees,neutral,neutral,agrees,2,6,t20,0.7567045901808882,0.0025580404414874,0.2407373693776244,0.9,0.8,A,A,agrees,agrees
639,639,agrees,0.625,The ramifications of vanishing ice will also be felt far from the poles.,agrees,neutral,agrees,agrees,neutral,neutral,agrees,agrees,2,6,t21,0.1859001717619969,0.0082009947649574,0.8058988334730457,0.9,0.8,A,A,agrees,agrees
640,640,neutral,-0.125,"Global tropical activity, which can be measured using the ACE Index (Accumulated Cyclone Energy), is near record lows according to peer-reviewed research.",neutral,disagrees,disagrees,neutral,neutral,neutral,agrees,neutral,2,6,t22,0.0045253130667119,0.7847319213945058,0.2107427655387822,0.8,0.7,C,B,neither agrees nor disagrees,disagrees
641,641,agrees,1.0,Global warming has already caused significant crises in Africa.,agrees,agrees,agrees,agrees,agrees,agrees,agrees,agrees,2,6,t23,0.0037005867125287,0.1157456226506438,0.8805537906368274,0.9,0.95,A,A,agrees,agrees
642,642,agrees,1.0,"Climate change will reduce crop output in many areas, sending global food prices soaring and triggering unrest among those already pushed to the limit under existing conditions.",agrees,agrees,agrees,agrees,agrees,agrees,agrees,agrees,2,6,t24,0.0023345669537112,0.9739421361217024,0.0237232969245863,0.9,0.95,A,A,agrees,agrees
643,643,neutral,-0.25,The real goal in global warming is to redistribute the world’s wealth.,neutral,disagrees,neutral,neutral,disagrees,neutral,agrees,disagrees,2,6,t25,0.002005939420732,0.0149734662912712,0.9830205942879968,0.9,0.9,C,C,disagrees,disagrees
644,644,agrees,0.75,Global warming caused Sandy.,agrees,neutral,agrees,agrees,agrees,agrees,neutral,agrees,2,6,t26,0.2109556551945963,0.0027407799230067,0.7863035648823969,0.5,0.9,A,B,neither agrees nor disagrees,agrees
645,645,agrees,0.5,We can expect the Arctic to be ice-free in summer within 20 years.,neutral,neutral,agrees,agrees,neutral,agrees,neutral,agrees,2,6,t27,0.0050101982966347,0.3956772510483784,0.5993125506549869,1.0,0.9,A,A,agrees,agrees
646,646,neutral,0.25,"90 U.S. communities are considered “ inundated today, ” mostly in Louisiana and Maryland, where allegedly seas are rising and the land is sinking.",neutral,agrees,agrees,neutral,neutral,neutral,neutral,neutral,2,6,t28,0.0046883358703181,0.7070541016461575,0.2882575624835243,0.8,0.8,A,A,agrees,agrees
647,647,agrees,0.875,"2 degrees is not good enough to avoid global catastrophe, and so we would have to cut carbon emissions enough to prevent world temperatures from rising more than 1.5 degrees Centigrade.",agrees,agrees,agrees,neutral,agrees,agrees,agrees,agrees,2,6,t29,0.1449501127437279,0.0078962450701699,0.8471536421861021,1.0,1.0,A,A,agrees,agrees
648,648,agrees,0.75,Rising sea levels could force Los Angeles International Airport (LAX) to be moved.,agrees,agrees,agrees,agrees,agrees,neutral,neutral,agrees,2,6,t3,0.000758374657543,0.9986255694798816,0.0006160558625754,1.0,0.9,A,A,agrees,agrees
649,649,neutral,-0.125,"But the plant will strip out about two-thirds of carbon dioxide emissions, leaving emissions at about the same level as cleaner-burning natural gas.",disagrees,neutral,neutral,neutral,neutral,neutral,agrees,disagrees,2,6,t30,0.0007889145599312,0.9985874609337868,0.0006236245062817,0.7,0.8,B,A,agrees,neither agrees nor disagrees
650,650,agrees,0.875,"Impacts on people from their melting will range from worsened air pollution to more extreme weather, while lower pre-monsoon river flows will throw urban water systems and food and energy production off-kilter.",agrees,agrees,agrees,agrees,agrees,neutral,agrees,agrees,2,6,t31,0.5725377828481985,0.0087196652978494,0.4187425518539521,0.9,0.9,A,A,agrees,agrees
651,651,neutral,-0.125,"Global warning will be overridden by this effect, giving humankind and the Earth 30 years to sort out our pollution.",neutral,disagrees,neutral,disagrees,agrees,neutral,disagrees,agrees,2,6,t32,0.0023421140007047,0.9730833669930592,0.024574519006236,1.0,0.8,C,A,agrees,disagrees
652,652,agrees,0.5,The agency is “ 99 % certain ” record-high global temperatures are due to human activity.,neutral,agrees,agrees,neutral,agrees,neutral,neutral,agrees,2,6,t33,0.0049454882979838,0.5149581153728242,0.4800963963291921,1.0,0.99,A,A,agrees,agrees
653,653,agrees,0.875,"Flooding, droughts and other climate impacts could have devastating effects on economies, agriculture and human health, particularly in developing countries.",agrees,agrees,agrees,agrees,agrees,agrees,agrees,neutral,2,6,t34,0.0032427669958661,0.077757978298058,0.9189992547060758,0.9,0.95,A,A,agrees,agrees
654,654,neutral,0.0,Rising global temperatures during the 19th and 20th centuries could be linked to greater plant photosynthesis.,neutral,neutral,neutral,neutral,neutral,neutral,agrees,disagrees,2,6,t35,0.0021009516179506,0.980515665588896,0.0173833827931532,0.75,0.8,B,B,neither agrees nor disagrees,neither agrees nor disagrees
655,655,neutral,0.5,Each 1 degree Celsius rise in atmospheric warming would lead eventually to 2.3 meters of sea-level rise.,neutral,agrees,agrees,neutral,agrees,neutral,agrees,neutral,2,6,t36,0.2537459678486451,0.0086790811824328,0.7375749509689221,1.0,0.9,A,A,agrees,agrees
656,656,neutral,0.0,If families having fewer children should do so even if that emission has no real-world effect in order to satisfy Rieder’s morals.,neutral,agrees,neutral,neutral,disagrees,neutral,neutral,neutral,2,6,t37,0.0017972073291704,0.9884802764175322,0.0097225162532973,0.1,0.95,B,C,disagrees,neither agrees nor disagrees
657,657,neutral,0.0,This analysis will help settle the scientific debate regarding global warming and its human causes.,neutral,neutral,neutral,neutral,neutral,neutral,neutral,neutral,2,6,t38,0.3794934072974424,0.2795688040081575,0.3409377886944002,1.0,0.8,B,B,neither agrees nor disagrees,neither agrees nor disagrees
658,658,agrees,1.0,Sea level rise will be the greatest environmental threat to coastal cities from Miami to Mumbai.,agrees,agrees,agrees,agrees,agrees,agrees,agrees,agrees,2,6,t39,0.0049215031377982,0.6432365741068528,0.351841922755349,0.9,0.9,A,A,agrees,agrees
659,659,agrees,0.5,Sarah Palin and Rush Limbaugh are trying to kill us with global warming disinformation.,agrees,agrees,agrees,neutral,agrees,disagrees,neutral,agrees,2,6,t4,0.0021450027819297,0.9799043561425156,0.0179506410755546,0.9,0.95,A,C,disagrees,agrees
660,660,neutral,0.375,Global warming is caused by human greenhouse gases.,neutral,agrees,neutral,neutral,neutral,neutral,agrees,agrees,2,6,t5,0.0405527334759602,0.0060372133424451,0.9534100531815948,1.0,0.9,A,A,agrees,agrees
661,661,neutral,0.125,Europe is preparing to rein in the pace of its drive to slow global warming.,neutral,agrees,neutral,neutral,neutral,neutral,neutral,neutral,2,6,t6,0.0048396772082382,0.4526609324557822,0.5424993903359795,1.0,0.8,A,A,agrees,agrees
662,662,agrees,0.625,A 50-gigaton “ burp ” of methane from thawing Arctic permafrost beneath the East Siberian sea is highly possible at anytime.,agrees,agrees,agrees,neutral,neutral,neutral,agrees,agrees,2,6,t7,0.1161261586192354,0.0278263760067388,0.8560474653740257,0.9,0.9,A,A,agrees,agrees
663,663,agrees,1.0,"A third of the world’s oil, coal and other fossil fuel reserves must remain untouched until 2050 to stave off catastrophic climate change.",agrees,agrees,agrees,agrees,agrees,agrees,agrees,agrees,2,6,t8,0.0007288189691366,0.0006225628695065,0.9986486181613567,1.0,0.9,A,A,agrees,agrees
664,664,neutral,0.375,"It used to be more snow and ice, but now it’s more rock.",neutral,agrees,agrees,neutral,neutral,neutral,agrees,neutral,2,6,t9,0.000753858066056,0.9986123575191618,0.0006337844147822,0.75,0.7,A,B,neither agrees nor disagrees,agrees
665,665,disagrees,-1.0,Global warming is a hoax.,disagrees,disagrees,disagrees,disagrees,disagrees,disagrees,disagrees,disagrees,2,7,s0,,,,1.0,1.0,C,C,disagrees,disagrees
666,666,agrees,0.5,Alarming levels of sea level rise are predicted to threaten Florida over the next decades.,neutral,agrees,neutral,agrees,agrees,agrees,neutral,neutral,2,7,s1,,,,1.0,0.95,A,A,agrees,agrees
667,667,neutral,-0.125,"Over the past several years, the United States has seen an increase in business growth that has counteracted the lingering effects of the recession.",neutral,disagrees,neutral,neutral,neutral,neutral,neutral,neutral,2,7,s2,,,,0.0,0.95,B,B,neither agrees nor disagrees,neither agrees nor disagrees
668,668,agrees,1.0,Global warming is happening and it will be dangerous to human health and welfare.,agrees,agrees,agrees,agrees,agrees,agrees,agrees,agrees,2,7,s3,,,,1.0,1.0,A,A,agrees,agrees
669,669,neutral,-0.125,Some icebergs are cute.,neutral,disagrees,neutral,neutral,neutral,neutral,neutral,neutral,2,7,s4,,,,0.2,0.95,B,B,neither agrees nor disagrees,neither agrees nor disagrees
670,670,neutral,-0.25,"The drop in carbon-dioxide emissions came from the United States, where carbon dioxide emissions fell 3%, or 160 million tonnes, while the economy grew by 1.6%.",neutral,disagrees,neutral,neutral,neutral,neutral,neutral,disagrees,2,7,t0,0.0633797342767713,0.0031213839820247,0.933498881741204,1.0,0.8,B,B,neither agrees nor disagrees,neither agrees nor disagrees
671,671,neutral,0.0,The seas have warmed.,neutral,neutral,neutral,neutral,neutral,neutral,neutral,neutral,2,7,t1,0.0005015835035009,0.0008051990598704,0.9986932174366286,1.0,0.8,A,A,agrees,agrees
672,672,neutral,0.375,"Most Caribbean coral reefs will disappear within the next 20 years unless action is taken to protect them, primarily due to the decline of grazers such as sea urchins and parrotfish.",neutral,agrees,neutral,agrees,neutral,neutral,neutral,agrees,2,7,t10,0.0194648143268905,0.6888604190493104,0.2916747666237991,1.0,0.9,A,A,agrees,agrees
673,673,agrees,0.625,The melting of ice sheets in Antarctica will cause massive problems for the rest of the world.,neutral,agrees,neutral,agrees,agrees,agrees,neutral,agrees,2,7,t11,0.0005005460673017,0.0008325280112613,0.9986669259214368,1.0,0.9,A,A,agrees,agrees
674,674,neutral,-0.25,The South Pole is gaining more ice than it’s losing.,neutral,disagrees,neutral,disagrees,neutral,neutral,neutral,neutral,2,7,t12,0.357916339664817,0.0043947117421102,0.6376889485930728,0.9,0.8,C,C,disagrees,disagrees
675,675,agrees,0.875,Global warming is n’t approaching — it had already arrived.,agrees,agrees,agrees,agrees,agrees,neutral,agrees,agrees,2,7,t13,0.0060101205149003,0.0015686196890762,0.9924212597960232,1.0,0.9,A,A,agrees,agrees
676,676,neutral,0.5,"Large forest fires have occurred more often in the western United States since the mid-1980s as spring temperatures increased, snow melted earlier, and summers got hotter, leaving more and drier fuels for fires to devour.",neutral,agrees,neutral,agrees,neutral,agrees,neutral,agrees,2,7,t14,0.0273565836566579,0.9604022803962056,0.0122411359471364,0.9,0.9,A,A,agrees,agrees
677,677,disagrees,-0.375,"Moreover, the focus on man-made global warming is detracting attention from real environmental disasters to nature’s detriment.",disagrees,agrees,disagrees,neutral,disagrees,neutral,neutral,disagrees,2,7,t15,0.0060990887850102,0.0015872745933365,0.9923136366216532,0.9,0.9,C,C,disagrees,disagrees
678,678,neutral,0.25,Fossil fuel corporations just have too much control over Congress.,neutral,neutral,neutral,neutral,agrees,neutral,neutral,agrees,2,7,t16,0.0151669218301469,0.1021944060453667,0.8826386721244864,0.7,0.8,B,A,agrees,neither agrees nor disagrees
679,679,disagrees,-0.75,"The widespread warming of the Arctic region in the past 20 years would be an economic boon, allowing the exploitation of new gas and oilfields and enabling shipping to travel faster between Europe and Asia.",disagrees,disagrees,disagrees,disagrees,neutral,disagrees,neutral,disagrees,2,7,t17,0.002307782799232,0.1394216487844493,0.8582705684163187,0.9,0.2,B,C,disagrees,neither agrees nor disagrees
680,680,neutral,-0.5,Individual actions have very little real-world effect on climate change.,neutral,disagrees,neutral,neutral,disagrees,neutral,disagrees,disagrees,2,7,t18,0.0027271800516032,0.2723287110707759,0.7249441088776208,0.8,0.2,B,C,disagrees,neither agrees nor disagrees
681,681,agrees,0.75,Global warming is real.,agrees,agrees,agrees,agrees,agrees,neutral,neutral,agrees,2,7,t19,0.0026699773871431,0.7478906703170124,0.2494393522958445,1.0,0.9,A,A,agrees,agrees
682,682,agrees,0.375,"Rep. Dana Rohrabacher (R-Calif) doesn’t think carbon dioxide causes global warming, a denial of science so basic it’s essentially the same as saying the Earth is flat.",neutral,disagrees,neutral,agrees,agrees,agrees,neutral,agrees,2,7,t2,0.1063030232080319,0.0035434930193947,0.8901534837725732,1.0,0.95,C,A,agrees,disagrees
683,683,neutral,0.25,"This will require, at a minimum, slashing the use of fossil fuels.",neutral,neutral,neutral,neutral,neutral,neutral,agrees,agrees,2,7,t20,0.0014431369394239,0.9719218554065152,0.0266350076540607,1.0,0.8,A,A,agrees,agrees
684,684,neutral,0.25,"Over the past century, the Global Mean Sea Level (GMSL) has risen by 4 to 8 inches (10 to 20 centimeters).",neutral,agrees,neutral,neutral,neutral,agrees,neutral,neutral,2,7,t21,0.0030159115370145,0.5165184318771168,0.4804656565858687,1.0,0.8,A,A,agrees,agrees
685,685,agrees,1.0,Global warming and sea level rise are increasing the likelihood that New York City would be paralyzed by major flooding.,agrees,agrees,agrees,agrees,agrees,agrees,agrees,agrees,2,7,t22,0.7074813941399094,0.0225302879951519,0.2699883178649386,0.9,0.9,A,A,agrees,agrees
686,686,neutral,0.25,"Carbon carbon is unlocked and can be released into the earth’s atmosphere, accelerating climate change.",agrees,disagrees,neutral,neutral,neutral,agrees,neutral,agrees,2,7,t23,0.0022524315230818,0.1336406208636847,0.8641069476132334,1.0,0.9,A,A,agrees,agrees
687,687,neutral,0.375,Shifting the energy system from fossil fuels to zero-or low-carbon sources including wind and solar power would reduce consumption growth by about 0.06 percentage points per year.,agrees,agrees,neutral,neutral,neutral,neutral,agrees,neutral,2,7,t24,0.9431475633952852,0.0026350875303709,0.0542173490743436,0.8,0.8,B,A,agrees,neither agrees nor disagrees
688,688,agrees,0.625,Antibiotics are losing their effectiveness at a rate that is both alarming and irreversible — similar to global warming.,agrees,disagrees,agrees,agrees,agrees,agrees,neutral,agrees,2,7,t25,0.3593362324519004,0.0045889707226923,0.6360747968254072,0.2,0.8,A,B,neither agrees nor disagrees,agrees
689,689,neutral,0.25,We as a species have never experienced 400 parts per million of carbon dioxide in the atmosphere.,neutral,neutral,agrees,neutral,neutral,neutral,neutral,agrees,2,7,t26,0.0019267118517866,0.9314287190801506,0.0666445690680628,1.0,0.9,A,A,agrees,agrees
690,690,disagrees,-0.625,Just what forced the release of the Climategate files – and as a consequence revealed the uncertainty of the science and the co-opting of the process that legitimizes global warming research.,neutral,disagrees,disagrees,disagrees,agrees,disagrees,disagrees,disagrees,2,7,t27,0.0018649649730304,0.068247301640807,0.9298877333861624,0.9,0.9,C,C,disagrees,disagrees
691,691,neutral,0.125,"Sea surface temperatures in the region rise, producing an increase in average atmospheric moisture content.",neutral,agrees,neutral,neutral,neutral,neutral,neutral,neutral,2,7,t28,0.0019961789214973,0.0850812070439266,0.912922614034576,0.9,0.9,B,A,agrees,neither agrees nor disagrees
692,692,agrees,0.5,"The rapidly warming Arctic has caused the jet stream to slow, which could result in atmospheric events, such as winter storms, staying put for longer.",agrees,agrees,agrees,neutral,neutral,agrees,neutral,neutral,2,7,t29,0.0005315491867109,0.9987733719090796,0.0006950789042093,0.9,0.9,A,A,agrees,agrees
693,693,neutral,0.0,"In March of this year, a Gallup poll highlighted an interesting tension in American thinking on global warming.",neutral,neutral,neutral,neutral,neutral,neutral,neutral,neutral,2,7,t3,0.0195084335492652,0.3954318151729753,0.5850597512777594,0.5,0.9,B,B,neither agrees nor disagrees,neither agrees nor disagrees
694,694,agrees,0.375,Rick Santorum should be the nominee because he’d caught on earlier than Newt or Mitt to the global warming.,neutral,agrees,neutral,agrees,agrees,agrees,neutral,disagrees,2,7,t30,0.0023234125180641,0.1624899598432041,0.8351866276387319,1.0,0.8,B,B,neither agrees nor disagrees,neither agrees nor disagrees
695,695,agrees,0.625,Greenland warming up is a problem because Greenland contributes about 40 percent of current sea level rise.,agrees,neutral,agrees,agrees,agrees,agrees,neutral,neutral,2,7,t31,0.00952125010811,0.9806365339967936,0.0098422158950962,1.0,0.9,A,A,agrees,agrees
696,696,disagrees,-1.0,Global warming helps plants — and thus also helps humans and animals .,disagrees,disagrees,disagrees,disagrees,disagrees,disagrees,disagrees,disagrees,2,7,t32,0.0023551809908945,0.160956468673514,0.8366883503355916,0.5,0.8,C,B,neither agrees nor disagrees,disagrees
697,697,neutral,0.5,"The leading candidates are rising atmospheric CO2 levels, a result of emissions from human activities; longer growing seasons, a result of climate change caused by CO2 emissions; and nitrogen pollution, another result of fossil fuel combustion and agriculture.",agrees,neutral,neutral,neutral,neutral,agrees,agrees,agrees,2,7,t33,0.9229927331122952,0.0414542171325241,0.0355530497551809,1.0,0.9,A,A,agrees,agrees
698,698,agrees,1.0,"An increase of 2 degrees Celsius is about all the planet can accommodate without unimaginably catastrophic consequences: sea-level increases that will wipe out many coastal cities, persistent droughts that will destroy farmland on which hundreds of millions of people depend for their survival, the collapse of vital ecosystems, and far more.",agrees,agrees,agrees,agrees,agrees,agrees,agrees,agrees,2,7,t34,0.0009927234272273,0.0083206262651189,0.9906866503076536,1.0,0.95,A,A,agrees,agrees
699,699,neutral,0.125,There could be as little as 30 years of burning fossil fuels before the threshold is reached.,neutral,disagrees,neutral,neutral,agrees,agrees,neutral,neutral,2,7,t35,0.0029759702519577,0.5411590607181495,0.4558649690298928,1.0,0.8,A,A,agrees,agrees
700,700,neutral,0.125,This is the most detailed and U.S.-focused scientific report on global warming.,neutral,neutral,neutral,neutral,neutral,neutral,agrees,neutral,2,7,t36,0.0497286849655309,0.6322106212182249,0.3180606938162441,1.0,0.8,B,A,agrees,neither agrees nor disagrees
701,701,neutral,0.5,The science compels action to address the single largest source of carbon pollution in our country.,neutral,neutral,neutral,agrees,neutral,agrees,agrees,agrees,2,7,t37,0.0023045018501112,0.8842675867590059,0.1134279113908828,1.0,0.95,A,A,agrees,agrees
702,702,neutral,0.0,"PFTBA remains in the atmosphere for about 500 years, and unlike carbon dioxide, is taken up by forests and oceans.",neutral,disagrees,neutral,agrees,neutral,neutral,neutral,neutral,2,7,t38,0.998674809985564,0.0007269832612343,0.0005982067532016,0.8,0.9,B,A,agrees,neither agrees nor disagrees
703,703,disagrees,-1.0,Much of recent global warming has been fabricated by climate scientists to make it look more frightening.,disagrees,disagrees,disagrees,disagrees,disagrees,disagrees,disagrees,disagrees,2,7,t39,0.0029026495935094,0.4688794863093033,0.5282178640971873,0.95,0.95,C,C,disagrees,disagrees
704,704,neutral,-0.375,"The environmental movement is now saying “ climate change ” because it can explain anything, including “ decades of global cooling, ” as one Fox News host claimed.",neutral,disagrees,disagrees,disagrees,neutral,neutral,neutral,neutral,2,7,t4,0.0005256068632737,0.998792089495414,0.0006823036413123,0.9,0.8,C,C,disagrees,disagrees
705,705,neutral,-0.125,Dispersal may help sustain global Emperor penguin populations for a limited time.,neutral,disagrees,neutral,neutral,neutral,neutral,neutral,neutral,2,7,t5,0.0176644319643219,0.1889107586381903,0.7934248093974878,0.75,0.8,B,B,neither agrees nor disagrees,neither agrees nor disagrees
706,706,agrees,0.625,"The long-held, internationally agreed upon target to limit rises in global average temperatures to 2 degrees Celsius is in error and far above the 1C threshold that would need to be maintained in order to avoid the effects of catastrophic climate change.",agrees,agrees,agrees,agrees,agrees,agrees,neutral,disagrees,2,7,t6,0.0009961186300695,0.0086154963512043,0.9903883850187262,1.0,0.95,A,A,agrees,agrees
707,707,neutral,-0.125,Carbon dioxide – what you are exhaling – is what controls temperature.,neutral,disagrees,neutral,neutral,neutral,neutral,neutral,neutral,2,7,t7,0.003018675159885,0.5187175874602098,0.4782637373799052,0.9,0.8,C,C,disagrees,disagrees
708,708,neutral,0.125,"The biggest hope for reducing emissions from coal plants globally is natural gas, which has already started to happen in the United States.",neutral,disagrees,neutral,neutral,agrees,neutral,agrees,neutral,2,7,t8,0.0135856274859225,0.0640026874178019,0.9224116850962756,0.7,0.8,B,A,agrees,neither agrees nor disagrees
709,709,neutral,0.25,"There was a time we called it global warming, which meant what it said.",agrees,neutral,neutral,neutral,neutral,neutral,neutral,agrees,2,7,t9,0.998704188574145,0.0007011766158981,0.0005946348099568,0.5,0.8,B,B,neither agrees nor disagrees,neither agrees nor disagrees
710,710,disagrees,-1.0,Global warming is a hoax.,disagrees,disagrees,disagrees,disagrees,disagrees,disagrees,disagrees,disagrees,2,8,s0,,,,1.0,1.0,C,C,disagrees,disagrees
711,711,agrees,0.625,Alarming levels of sea level rise are predicted to threaten Florida over the next decades.,neutral,neutral,agrees,agrees,agrees,agrees,neutral,agrees,2,8,s1,,,,1.0,0.95,A,A,agrees,agrees
712,712,neutral,0.125,"Over the past several years, the United States has seen an increase in business growth that has counteracted the lingering effects of the recession.",neutral,neutral,neutral,neutral,agrees,neutral,neutral,neutral,2,8,s2,,,,0.0,0.95,B,B,neither agrees nor disagrees,neither agrees nor disagrees
713,713,agrees,1.0,Global warming is happening and it will be dangerous to human health and welfare.,agrees,agrees,agrees,agrees,agrees,agrees,agrees,agrees,2,8,s3,,,,1.0,0.95,A,A,agrees,agrees
714,714,neutral,0.0,Some icebergs are cute.,neutral,neutral,neutral,neutral,neutral,neutral,neutral,neutral,2,8,s4,,,,0.2,0.95,B,B,neither agrees nor disagrees,neither agrees nor disagrees
715,715,agrees,0.75,"Bleaching has been triggered by global warming and El Nino, a warming of parts of the Pacific Ocean that changes weather worldwide.",agrees,agrees,neutral,agrees,agrees,neutral,agrees,agrees,2,8,t0,0.0030888282646899,0.8473233753623891,0.1495877963729208,0.9,0.9,A,A,agrees,agrees
716,716,neutral,0.125,President Barack Obama's Clean Power Plan mandated drastic carbon dioxide emissions cuts from U.S. power plants.,neutral,neutral,neutral,neutral,agrees,neutral,neutral,neutral,2,8,t1,0.0009227044826368,0.0018644863415644,0.9972128091757988,1.0,0.8,B,A,agrees,neither agrees nor disagrees
717,717,agrees,0.75,"I am a firm believer that climate change is real, that it is impacted by human behavior and carbon emissions.",agrees,agrees,agrees,agrees,disagrees,agrees,agrees,agrees,2,8,t10,0.9964413412749732,0.0020291609946319,0.0015294977303947,1.0,0.95,A,A,agrees,agrees
718,718,disagrees,-0.75,They are also the boilerplate propaganda of anthropogenic global warming fanatics that have been so humiliated by exposures of their contrived science.,disagrees,disagrees,neutral,disagrees,neutral,disagrees,disagrees,disagrees,2,8,t11,0.8876547802063461,0.0565739153729261,0.0557713044207278,1.0,0.95,C,C,disagrees,disagrees
719,719,neutral,0.125,"Global average temperatures would not rise beyond the crucial 2˚C above preindustrial levels threshold, thought to be the tipping point at which irreversible damage would occur.",neutral,neutral,neutral,disagrees,agrees,agrees,neutral,neutral,2,8,t12,0.9965420523267444,0.0020024453702249,0.0014555023030304,1.0,0.1,B,A,agrees,neither agrees nor disagrees
720,720,disagrees,-0.5,There are no significant observed trends in global tropical cyclone frequency over the past century.,disagrees,neutral,disagrees,disagrees,agrees,neutral,disagrees,disagrees,2,8,t13,0.0008250404817076,0.0011364131204752,0.9980385463978172,0.8,0.7,C,B,neither agrees nor disagrees,disagrees
721,721,neutral,0.125,The [ oil ] industry is not prepared to drill safely in Arctic waters.,neutral,neutral,neutral,neutral,neutral,neutral,agrees,neutral,2,8,t14,0.0020904219843601,0.0358013332358902,0.9621082447797498,0.8,0.7,A,A,agrees,agrees
722,722,disagrees,-1.0,Unseasonal bouts of snow and ice are nothing to do with “ global warming ” but are a natural phenomenon which had been with us since time immemorial .,disagrees,disagrees,disagrees,disagrees,disagrees,disagrees,disagrees,disagrees,2,8,t15,0.0030395585012941,0.1420031340442606,0.8549573074544452,0.9,0.9,C,C,disagrees,disagrees
723,723,disagrees,-0.625,The emails undercut the whole scientific claim for man’s impact on global warming.,disagrees,disagrees,disagrees,neutral,agrees,disagrees,disagrees,disagrees,2,8,t16,0.0008250222608603,0.9979848660758466,0.001190111663293,0.9,0.9,C,C,disagrees,disagrees
724,724,neutral,0.375,The seas have warmed.,agrees,neutral,agrees,neutral,agrees,neutral,neutral,neutral,2,8,t17,0.0048139557625703,0.7916562723022084,0.2035297719352213,1.0,0.7,A,A,agrees,agrees
725,725,agrees,0.75,We can limit warming from human-caused carbon pollution to less than 3.6 degrees Fahrenheit — if we act now.,agrees,agrees,agrees,agrees,disagrees,agrees,agrees,agrees,2,8,t18,0.0014670273887301,0.9970994771536604,0.0014334954576093,1.0,0.9,A,A,agrees,agrees
726,726,agrees,0.625,The killer heat waves in Europe in 2003 and 2010 are also made far more likely by global warming.,agrees,agrees,agrees,agrees,disagrees,agrees,agrees,neutral,2,8,t19,0.9454673097840208,0.0030869380842416,0.0514457521317374,0.9,0.9,A,A,agrees,agrees
727,727,disagrees,-0.75,"Despite the threadbare efforts of the usual suspects to pin the blame on “ climate change ”, all the credible evidence suggests that this is about economic migration and about political instability, not about global warming.",disagrees,disagrees,disagrees,disagrees,agrees,disagrees,disagrees,disagrees,2,8,t2,0.0490190279074522,0.052909341119248,0.8980716309732998,0.9,0.9,C,C,disagrees,disagrees
728,728,neutral,-0.125,The supposedly non-binding agreement actually gives the EPA legal authority to regulate carbon emissions.,neutral,disagrees,neutral,neutral,neutral,neutral,neutral,neutral,2,8,t20,0.8589699793613738,0.0056266064299706,0.1354034142086555,0.8,0.8,B,A,agrees,neither agrees nor disagrees
729,729,neutral,0.125,"Exxon planners don’t believe serious carbon limits will be on the books anytime soon, leaving the company free to burn through its reserves of oil and gas.",neutral,neutral,neutral,agrees,neutral,neutral,neutral,neutral,2,8,t21,0.0023449628287859,0.0581060366313836,0.9395490005398304,0.8,0.8,C,A,agrees,disagrees
730,730,disagrees,-0.125,Global warming has slowed because of measures taken by the government.,neutral,neutral,neutral,disagrees,agrees,disagrees,disagrees,agrees,2,8,t22,0.9973666207700488,0.0012978889873564,0.0013354902425949,0.2,0.2,B,A,agrees,neither agrees nor disagrees
731,731,disagrees,-0.5,Even the term ‘global warming’ does not mean anything unless you give it a time scale.,disagrees,disagrees,neutral,disagrees,agrees,disagrees,disagrees,neutral,2,8,t23,0.9592037298297686,0.0042824321012724,0.0365138380689588,0.75,0.8,B,B,neither agrees nor disagrees,neither agrees nor disagrees
732,732,agrees,1.0,"Global warming’s here, the old rules don’t apply, and not doing anything about it for the past 30 years is going to prove far, far more expensive than doing something would have been.",agrees,agrees,agrees,agrees,agrees,agrees,agrees,agrees,2,8,t24,0.0034626261189964,0.2426372472899713,0.7539001265910322,1.0,0.95,A,A,agrees,agrees
733,733,agrees,0.625,Global temperature is on a rapid upward trajectory.,agrees,agrees,agrees,agrees,neutral,neutral,neutral,agrees,2,8,t25,0.0014362931401691,0.9971443422790504,0.0014193645807804,0.9,0.9,A,A,agrees,agrees
734,734,agrees,0.375,1.6 degrees Celsius (just under 3 degrees Fahrenheit) of temperature rise above pre-industrial levels might be enough to lock in Greenland’s complete melting.,agrees,neutral,neutral,agrees,disagrees,neutral,agrees,agrees,2,8,t26,0.003131768934767,0.9624314790742224,0.0344367519910106,0.9,0.9,A,A,agrees,agrees
735,735,disagrees,-0.75,"Not even the basic data is settled, and if this new paper is correct, the supposedly infallible high priests of global warming have been making a gigantic error for decades.",disagrees,disagrees,disagrees,disagrees,agrees,disagrees,disagrees,disagrees,2,8,t27,0.0367895596423288,0.0028913876510671,0.960319052706604,0.9,0.9,C,C,disagrees,disagrees
736,736,neutral,0.125,Momentum develops for a global drive to keep greenhouse gas emissions below 450 parts per million .,neutral,neutral,neutral,neutral,agrees,neutral,neutral,neutral,2,8,t28,0.0020454445225924,0.0351925350742297,0.962762020403178,0.9,0.9,A,A,agrees,agrees
737,737,agrees,0.5,"Global warming would cause rapid rises in food prices, causing severe consequences in poor countries.",agrees,neutral,agrees,agrees,neutral,neutral,agrees,neutral,2,8,t29,0.4374080663657477,0.0761919380376296,0.4863999955966226,0.9,0.9,A,A,agrees,agrees
738,738,disagrees,-0.375,Tending to the needs of the poor constitutes a greater priority than curbing global warming.,disagrees,neutral,disagrees,disagrees,agrees,disagrees,disagrees,agrees,2,8,t3,0.8347312250385612,0.0059656085022211,0.1593031664592176,0.9,0.7,C,C,disagrees,disagrees
739,739,agrees,0.75,We are indeed on track to a “ 4C world ” marked by extreme heat waves and life-threatening sea-level rise.,agrees,agrees,agrees,agrees,disagrees,agrees,agrees,agrees,2,8,t30,0.0008458511531774,0.9979052963367192,0.0012488525101034,1.0,0.95,A,A,agrees,agrees
740,740,neutral,0.25,The average global temperature in 1997 essentially equaled the record set in 1990.,neutral,neutral,neutral,agrees,neutral,neutral,neutral,agrees,2,8,t31,0.0031611960589512,0.81042918925302,0.1864096146880288,1.0,0.8,B,B,neither agrees nor disagrees,neither agrees nor disagrees
741,741,neutral,0.25,The winning candidate will continue Bloomberg’s work to mitigate global warming and increase energy efficiency.,neutral,neutral,neutral,agrees,disagrees,neutral,agrees,agrees,2,8,t32,0.0052671923865916,0.6580914170294154,0.3366413905839928,1.0,0.9,A,A,agrees,agrees
742,742,neutral,-0.25,No comprehensive models yet exist to address sea level rise and its threat to historic landmarks.,neutral,neutral,neutral,disagrees,neutral,disagrees,neutral,neutral,2,8,t33,0.9965027550356352,0.0020672120025004,0.0014300329618641,0.8,0.8,B,A,agrees,neither agrees nor disagrees
743,743,neutral,0.375,"The impacts on the California coastline could be disproportionate, with local sea levels rising 1.25 feet for every one-foot increase caused by melting ice in West Antarctica.",agrees,neutral,agrees,neutral,neutral,agrees,neutral,neutral,2,8,t34,0.000932971164785,0.0019081809068806,0.9971588479283344,1.0,0.9,B,A,agrees,neither agrees nor disagrees
744,744,neutral,0.0,Carbon emissions are down.,neutral,neutral,neutral,neutral,neutral,neutral,neutral,neutral,2,8,t35,0.0034878302150197,0.6797517771136279,0.3167603926713524,1.0,0.8,B,B,neither agrees nor disagrees,neither agrees nor disagrees
745,745,disagrees,-0.25,"They grow better with more carbon dioxide, and you can see the greening of the earth already from the additional carbon dioxide in the atmosphere.",agrees,neutral,neutral,disagrees,disagrees,agrees,disagrees,disagrees,2,8,t36,0.0014294485125508,0.9971866681601168,0.0013838833273322,0.9,0.8,C,C,disagrees,disagrees
746,746,agrees,0.75,The fall-off in ice volume is so fast it is going to bring us to zero very quickly.,agrees,agrees,agrees,agrees,agrees,neutral,neutral,agrees,2,8,t37,0.0030858096081056,0.1403931656215606,0.8565210247703336,0.9,0.9,A,A,agrees,agrees
747,747,neutral,-0.125,"Sea level rise measured in the course of our lifetime isn’t a matter of miles, but of feet.",neutral,neutral,neutral,neutral,disagrees,disagrees,neutral,agrees,2,8,t38,0.0053775892608037,0.3791174034281961,0.6155050073110001,1.0,0.8,B,A,agrees,neither agrees nor disagrees
748,748,agrees,0.75,"The region’s increasingly drastic droughts are caused, at least in part, by global warming trends affecting the entire planet.",agrees,agrees,agrees,agrees,disagrees,agrees,agrees,agrees,2,8,t39,0.1316208618079606,0.004043452229881,0.8643356859621584,0.9,0.9,A,A,agrees,agrees
749,749,disagrees,-0.75,"There is no proof that global warming is caused by humans, and no proof that global warming will cause catastrophic issues for Earth.",disagrees,disagrees,disagrees,disagrees,agrees,disagrees,disagrees,disagrees,2,8,t4,0.0036361771447767,0.4026045664429844,0.5937592564122388,0.9,0.9,C,C,disagrees,disagrees
750,750,neutral,0.0,The big issue in the global warming debate is how large is the human impact on climate.,neutral,neutral,neutral,neutral,neutral,neutral,neutral,neutral,2,8,t5,0.0007898329849797,0.0011180206657723,0.998092146349248,0.5,0.8,B,B,neither agrees nor disagrees,neither agrees nor disagrees
751,751,neutral,0.25,"Over the past three decades, many climate scientists have repeatedly made a number of significant and alarming predictions about global warming, and the vast majority of the time.",neutral,neutral,neutral,neutral,agrees,agrees,neutral,neutral,2,8,t6,0.4967351260096598,0.2598728138005543,0.243392060189786,0.9,0.9,A,A,agrees,agrees
752,752,neutral,0.25,The Environmental Protection Agency’s broad approach to global warming is on track.,neutral,neutral,neutral,agrees,neutral,neutral,neutral,agrees,2,8,t7,0.0031045350286891,0.8274259794626839,0.1694694855086269,0.8,0.5,B,A,agrees,neither agrees nor disagrees
753,753,agrees,1.0,"By rapidly melting the Arctic, global warming is slowing down the fast-moving river of air far above us known as the jet stream — in turn causing weather patterns to get stuck in place for longer, and leading to more extremes of the sort that we’ve all been experiencing.",agrees,agrees,agrees,agrees,agrees,agrees,agrees,agrees,2,8,t8,0.0499487399412374,0.0499419555449294,0.9001093045138332,0.9,0.95,A,A,agrees,agrees
754,754,agrees,0.5,Global economic bodies have not taken into account the risks of rapid ice melt and the only economic downside to the warming of the Arctic they have identified so far has been the possible risk of oil spills.,neutral,neutral,agrees,agrees,disagrees,agrees,agrees,agrees,2,8,t9,0.0014088938816425,0.9972087079758566,0.0013823981425007,0.9,0.7,A,A,agrees,agrees
755,755,disagrees,-1.0,Global warming is a hoax.,disagrees,disagrees,disagrees,disagrees,disagrees,disagrees,disagrees,disagrees,2,9,s0,,,,1.0,1.0,C,C,disagrees,disagrees
756,756,agrees,0.625,Alarming levels of sea level rise are predicted to threaten Florida over the next decades.,agrees,neutral,agrees,neutral,agrees,agrees,agrees,neutral,2,9,s1,,,,1.0,0.95,A,A,agrees,agrees
757,757,neutral,0.0,"Over the past several years, the United States has seen an increase in business growth that has counteracted the lingering effects of the recession.",neutral,neutral,neutral,neutral,neutral,neutral,neutral,neutral,2,9,s2,,,,0.0,0.95,B,B,neither agrees nor disagrees,neither agrees nor disagrees
758,758,agrees,0.75,Global warming is happening and it will be dangerous to human health and welfare.,agrees,agrees,agrees,agrees,agrees,disagrees,agrees,agrees,2,9,s3,,,,1.0,0.95,A,A,agrees,agrees
759,759,neutral,0.0,Some icebergs are cute.,neutral,neutral,neutral,neutral,neutral,neutral,neutral,neutral,2,9,s4,,,,0.2,0.95,B,B,neither agrees nor disagrees,neither agrees nor disagrees
760,760,neutral,-0.125,Total ice accumulation on Antarctica has outweighed losses.,neutral,neutral,neutral,neutral,neutral,neutral,disagrees,neutral,2,9,t0,0.0514971779286033,0.003651654425553,0.9448511676458436,0.75,0.8,C,B,neither agrees nor disagrees,disagrees
761,761,disagrees,-0.5,Global warming has been at a plateau since 1990.,neutral,neutral,neutral,disagrees,disagrees,disagrees,disagrees,neutral,2,9,t1,0.6497654686351654,0.0055507444576083,0.3446837869072263,0.9,0.9,C,C,disagrees,disagrees
762,762,disagrees,-0.5,Global cooling is inevitable.,neutral,neutral,disagrees,disagrees,neutral,disagrees,disagrees,neutral,2,9,t10,0.0047477114366272,0.8072481427764976,0.1880041457868752,1.0,0.9,C,C,disagrees,disagrees
763,763,neutral,0.125,"Sea levels have risen by seven inches since 1901, and the sea levels would rise 10 to 32 more inches by the 22nd century.",neutral,neutral,neutral,neutral,agrees,neutral,neutral,neutral,2,9,t11,0.0008964134562043,0.0022181220058798,0.9968854645379156,1.0,0.9,A,A,agrees,agrees
764,764,neutral,0.25,"Today’s ice storm is likely to be more damaging than the January 2000 ice storm, which caused $48 million in losses in north Georgia.",agrees,neutral,neutral,neutral,neutral,agrees,neutral,neutral,2,9,t12,0.0007311873148048,0.9987818792725276,0.0004869334126677,0.2,0.95,B,A,agrees,neither agrees nor disagrees
765,765,neutral,-0.25,Skeptics reject the claim global temperatures have risen in recent decades.,neutral,neutral,neutral,neutral,neutral,disagrees,neutral,disagrees,2,9,t13,0.000396876859243,0.9991841145413104,0.0004190085994467,0.9,0.9,C,C,disagrees,disagrees
766,766,agrees,0.75,"Warming by the end of the 21st century will lead to high to very high risk of severe, widespread and irreversible impacts globally, unless the world acts collectively to halt the buildup of greenhouse gases in the atmosphere.",agrees,agrees,agrees,agrees,agrees,disagrees,agrees,agrees,2,9,t14,0.0041064731369775,0.8520768813384694,0.1438166455245531,1.0,0.95,A,A,agrees,agrees
767,767,agrees,0.25,Global warming over the next several decades will take place irrespective of any action taken today.,neutral,disagrees,agrees,agrees,neutral,neutral,agrees,neutral,2,9,t15,0.0028941982374422,0.1431194243044115,0.8539863774581463,0.9,0.8,B,A,agrees,neither agrees nor disagrees
768,768,disagrees,-0.75,Attributing specific climatic events to global warming is simply dishonest.,disagrees,neutral,disagrees,disagrees,neutral,disagrees,disagrees,disagrees,2,9,t16,0.080194384026016,0.0791259685221175,0.8406796474518664,0.9,0.8,C,C,disagrees,disagrees
769,769,neutral,0.375,The Arctic see would be ice-free this year.,neutral,neutral,neutral,agrees,neutral,agrees,agrees,neutral,2,9,t17,0.5844405054370819,0.2191763978840984,0.1963830966788196,1.0,0.9,A,A,agrees,agrees
770,770,disagrees,-0.375,The global climate is at the tail end of a decades-long cooling period.,neutral,neutral,disagrees,disagrees,neutral,neutral,disagrees,neutral,2,9,t18,0.6532869125456454,0.0055111968047327,0.3412018906496217,0.95,0.9,C,C,disagrees,disagrees
771,771,agrees,0.625,"The earth is headed for devastating effects of climate change, including deadly flooding, extreme drought, food shortages, the death of coral reefs, and more extreme weather events.",agrees,agrees,agrees,agrees,agrees,disagrees,agrees,neutral,2,9,t19,0.0021337297441152,0.044859474487062,0.9530067957688227,1.0,1.0,A,A,agrees,agrees
772,772,agrees,0.375,There’s no question that humans have altered the background atmosphere on a global scale.,neutral,neutral,neutral,agrees,agrees,disagrees,agrees,agrees,2,9,t2,0.0020952212695419,0.0452085192040949,0.9526962595263628,0.9,0.8,A,A,agrees,agrees
773,773,neutral,0.0,"The behavior of arctic sea ice represents one of the numerous interesting phenomena that the earth presents us with, and for which neither the understanding nor the needed records exist.",neutral,neutral,neutral,neutral,neutral,agrees,neutral,disagrees,2,9,t20,0.0192414500136798,0.0029336682703223,0.9778248817159978,0.85,0.8,B,B,neither agrees nor disagrees,neither agrees nor disagrees
774,774,disagrees,-0.375,"The presence of additional carbon dioxide has actually led to better plant growth and crop yields throughout much of the world, including in Africa.",disagrees,disagrees,neutral,neutral,disagrees,agrees,disagrees,neutral,2,9,t21,0.0007382130587915,0.998780807781278,0.0004809791599303,0.9,0.7,C,C,disagrees,disagrees
775,775,disagrees,-0.875,"For everyone else, there are many, many more pressing concerns, and increased “ extreme weather events ” caused by man-made global warming are an alarmist myth.",disagrees,disagrees,disagrees,disagrees,disagrees,neutral,disagrees,disagrees,2,9,t22,0.0257364656590916,0.7110875111185602,0.2631760232223481,0.9,0.9,C,C,disagrees,disagrees
776,776,disagrees,-0.375,"All extreme weather events are somehow related to “ global warming, ” which has been re-termed “ climate change ” since global temperatures are no longer warming.",neutral,neutral,disagrees,agrees,disagrees,disagrees,disagrees,neutral,2,9,t23,0.9373638550296274,0.0034314586640939,0.0592046863062787,0.9,0.9,C,C,disagrees,disagrees
777,777,neutral,0.125,"Even if governments take vigorous steps to curb greenhouse gas emissions, the report concluded, the continuing increase in fossil fuel consumption will result in a long-term average global temperature increase of 3.6 degrees C.",neutral,agrees,neutral,neutral,neutral,disagrees,agrees,neutral,2,9,t24,0.0036294930405816,0.3789329906947283,0.6174375162646899,1.0,0.9,A,A,agrees,agrees
778,778,disagrees,-0.875,"Climate predictions used by scientists, forecasters, and academics have wildly overestimated global warming, forecasting on average two times more warming than actually occurred.",disagrees,neutral,disagrees,disagrees,disagrees,disagrees,disagrees,disagrees,2,9,t25,0.6215961810661894,0.0056782142194572,0.3727256047143534,0.9,0.9,C,C,disagrees,disagrees
779,779,neutral,-0.25,Carbon capture is an unproven technology.,neutral,disagrees,neutral,neutral,neutral,neutral,neutral,disagrees,2,9,t26,0.0015796019784206,0.9919050794290696,0.0065153185925097,0.8,0.8,B,C,disagrees,neither agrees nor disagrees
780,780,agrees,0.625,The global average temperature is on pace to increase by 4 degrees Celsius (7.2 degrees Fahrenheit) by the end of the century without some form of concrete action on climate issues.,agrees,neutral,agrees,agrees,agrees,disagrees,agrees,agrees,2,9,t27,0.0151598511449931,0.0044371067550311,0.9804030420999756,1.0,0.95,A,A,agrees,agrees
781,781,disagrees,-0.5,"Ultimately, global warming has become the sole focus of so much environmental discussion that it risks eclipsing much more pressing and demonstrable environmental problems.",agrees,disagrees,neutral,neutral,disagrees,disagrees,disagrees,disagrees,2,9,t28,0.6706562559455339,0.0085706558204649,0.320773088234001,0.8,0.8,C,B,neither agrees nor disagrees,disagrees
782,782,neutral,-0.25,"Global warming--like the Ice Age, or overpopulation, or a nuclear winter--is just too specific.",neutral,neutral,disagrees,disagrees,neutral,agrees,neutral,disagrees,2,9,t29,0.9980976815242658,0.0009863723072489,0.0009159461684852,0.9,0.9,C,C,disagrees,disagrees
783,783,neutral,0.125,"Reducing carbon emissions to zero could be a major challenge, given the track record of previous efforts to cut carbon.",neutral,neutral,neutral,neutral,neutral,agrees,neutral,neutral,2,9,t3,0.6575903638795593,0.1445385844626697,0.1978710516577709,0.9,0.8,B,A,agrees,neither agrees nor disagrees
784,784,neutral,0.125,"The best protection against natural disaster is economic development, which allows countries to build flood defences, reinforced buildings, medical care and food stores.",neutral,neutral,neutral,neutral,neutral,agrees,neutral,neutral,2,9,t30,0.004851253072228,0.1665127386202344,0.8286360083075375,0.2,0.8,B,B,neither agrees nor disagrees,neither agrees nor disagrees
785,785,disagrees,-0.875,This a sneaky way to cover up the reality that global warming is a sham.,disagrees,disagrees,disagrees,disagrees,disagrees,neutral,disagrees,disagrees,2,9,t31,0.9921270602368112,0.0017587594233556,0.0061141803398331,1.0,1.0,C,C,disagrees,disagrees
786,786,agrees,0.375,The Arctic is warming faster than anywhere else on the planet.,agrees,disagrees,neutral,neutral,agrees,agrees,agrees,neutral,2,9,t32,0.0629437132485019,0.0041226942902095,0.9329335924612884,1.0,0.9,A,A,agrees,agrees
787,787,neutral,0.5,“ Some of ” the sea level rise is due to human disturbance such as oil drilling.,neutral,neutral,neutral,neutral,agrees,agrees,agrees,agrees,2,9,t33,0.0015818083461395,0.9926835515837744,0.0057346400700862,0.75,0.5,A,B,neither agrees nor disagrees,agrees
788,788,neutral,0.375,The science on the causes of climate change is already well-established.,neutral,neutral,neutral,neutral,neutral,agrees,agrees,agrees,2,9,t34,0.7037703634819333,0.067796971524713,0.2284326649933534,1.0,0.9,A,A,agrees,agrees
789,789,agrees,0.5,Investors are currently finding “ a false comfort in the status quo ” by failing to factor in carbon risks and climate change.,neutral,neutral,agrees,agrees,neutral,neutral,agrees,agrees,2,9,t35,0.4888261810385068,0.0092406772676831,0.5019331416938099,0.9,0.9,A,A,agrees,agrees
790,790,disagrees,-0.625,"Global temperatures today are the same as they are 115,000 years ago, a time when modern humans were only just beginning to leave Africa.",neutral,disagrees,neutral,disagrees,disagrees,disagrees,disagrees,neutral,2,9,t36,0.0008834192947623,0.0021868160963577,0.99692976460888,0.9,0.8,C,A,agrees,disagrees
791,791,neutral,0.25,"One of the most effective ways to cut methane is to reduce global populations of ruminant livestock, especially cattle.",neutral,neutral,agrees,neutral,neutral,agrees,neutral,neutral,2,9,t37,0.9980905616812232,0.0009774897396039,0.0009319485791727,0.8,0.8,A,B,neither agrees nor disagrees,agrees
792,792,disagrees,-0.125,Carbon dioxide is a perfectly natural gas.,disagrees,neutral,neutral,disagrees,neutral,agrees,disagrees,agrees,2,9,t38,0.0283889525351007,0.6058341563390061,0.3657768911258931,0.8,0.8,B,C,disagrees,neither agrees nor disagrees
793,793,neutral,0.0,"In the end, creating a clean economy will require a blend of policies, not just carbon taxes.",neutral,neutral,neutral,neutral,agrees,disagrees,neutral,neutral,2,9,t39,0.0036999307353528,0.4720032317432695,0.5242968375213777,0.75,0.8,B,B,neither agrees nor disagrees,neither agrees nor disagrees
794,794,agrees,0.75,Humans have just 12 years to make huge leaps in innovations to reduce global warming to less extreme levels — or suffer major consequences.,agrees,agrees,agrees,agrees,agrees,disagrees,agrees,agrees,2,9,t4,0.0029917275829172,0.1964754960683118,0.8005327763487708,1.0,0.95,A,A,agrees,agrees
795,795,agrees,1.0,"If you think this is bad, well, global warming will make it still worse in the future.",agrees,agrees,agrees,agrees,agrees,agrees,agrees,agrees,2,9,t5,0.0029264025736188,0.7970250979743366,0.2000484994520445,0.9,0.9,A,A,agrees,agrees
796,796,agrees,0.375,Atmospheric concentrations of carbon dioxide beyond 350 parts-per-million (ppm) could set off compounding feedback loops and so lock us into runaway climate change.,agrees,neutral,neutral,agrees,agrees,disagrees,agrees,neutral,2,9,t6,0.7960880340172217,0.0047504569685836,0.1991615090141946,0.9,0.95,A,A,agrees,agrees
797,797,neutral,0.375,"They had to move the symbolic “ Doomsday Clock ” ahead two minutes closer to midnight because of “ the world’s failure to reduce carbon emissions, which is driving global climate change, along with modernization of the world’s nuclear arsenals.",agrees,neutral,neutral,neutral,neutral,agrees,neutral,agrees,2,9,t7,0.0022876079151105,0.0591116517494409,0.9386007403354484,1.0,0.9,A,A,agrees,agrees
798,798,neutral,0.0,"The increased greening is likely “ driven ” by higher carbon-dioxide levels and precipitation, and the decreased greening is largely a result of humans cutting down vegetation.",neutral,neutral,neutral,neutral,agrees,neutral,disagrees,neutral,2,9,t8,0.6640266149648437,0.0526953400130678,0.2832780450220884,0.7,0.8,B,A,agrees,neither agrees nor disagrees
799,799,disagrees,-0.25,"CO2 emmissions are dwarfed by the immense amount of carbon dioxide released into the atmosphere by natural (and evil, likely Republican) sources like oceans and vegetation.",neutral,disagrees,agrees,disagrees,disagrees,disagrees,neutral,agrees,2,9,t9,0.0036407044130793,0.0474207735402989,0.9489385220466215,0.9,0.9,C,C,disagrees,disagrees
800,800,disagrees,-1.0,Global warming is a hoax.,disagrees,disagrees,disagrees,disagrees,disagrees,disagrees,disagrees,disagrees,3,0,s0,,,,1.0,1.0,C,C,disagrees,disagrees
801,801,agrees,0.75,Alarming levels of sea level rise are predicted to threaten Florida over the next decades.,agrees,neutral,agrees,agrees,agrees,agrees,agrees,neutral,3,0,s1,,,,1.0,0.95,A,A,agrees,agrees
802,802,neutral,0.0,"Over the past several years, the United States has seen an increase in business growth that has counteracted the lingering effects of the recession.",neutral,neutral,neutral,neutral,neutral,neutral,neutral,neutral,3,0,s2,,,,0.0,1.0,B,B,neither agrees nor disagrees,neither agrees nor disagrees
803,803,agrees,1.0,Global warming is happening and it will be dangerous to human health and welfare.,agrees,agrees,agrees,agrees,agrees,agrees,agrees,agrees,3,0,s3,,,,1.0,0.95,A,A,agrees,agrees
804,804,neutral,0.0,Some icebergs are cute.,neutral,neutral,neutral,neutral,neutral,neutral,neutral,neutral,3,0,s4,,,,0.2,0.95,B,B,neither agrees nor disagrees,neither agrees nor disagrees
805,805,agrees,0.875,"Reducing greenhouse gas emissions is the most important factor, because wetlands can naturally adapt to lower rates of sea level rise.",agrees,agrees,agrees,agrees,agrees,neutral,agrees,agrees,3,0,t0,0.0013169100750125,0.988597034187924,0.0100860557370634,0.75,0.9,A,B,neither agrees nor disagrees,agrees
806,806,neutral,0.25,So a small increase in temperature at sea level can translate to an increase in temperature over a very large area of an ice shelf.,neutral,neutral,neutral,neutral,agrees,agrees,neutral,neutral,3,0,t1,0.0030789019958301,0.1472752998225087,0.8496457981816612,0.9,0.9,B,A,agrees,neither agrees nor disagrees
807,807,agrees,0.875,Global warming is most likely caused by human activity.,agrees,agrees,agrees,neutral,agrees,agrees,agrees,agrees,3,0,t10,0.7584832534709497,0.0048177548692071,0.2366989916598431,0.9,0.9,A,A,agrees,agrees
808,808,agrees,0.625,But the significant warming of the Arctic and sub-Arctic regions in recent decades are drying out these usually moist soil layers.,neutral,agrees,agrees,neutral,agrees,agrees,neutral,agrees,3,0,t11,0.9982586555732088,0.0010421514475874,0.0006991929792036,1.0,0.9,A,A,agrees,agrees
809,809,neutral,0.125,"Approaching such policy decisions through the less controversial lenses of resilience, risk, adaptation, and disaster preparedness can be a portal to the tougher – and more politically fraught – conversation about mitigation and carbon emissions.",neutral,neutral,agrees,neutral,neutral,neutral,neutral,neutral,3,0,t12,0.0026800196954533,0.8747489194141305,0.122571060890416,0.8,0.8,B,A,agrees,neither agrees nor disagrees
810,810,agrees,0.625,These fossil fuel companies profited handsomely for decades while knowing they are putting the fate of our cities at risk.,agrees,agrees,neutral,neutral,agrees,neutral,agrees,agrees,3,0,t13,0.4752489358117674,0.0055113523449345,0.5192397118432981,0.9,0.95,A,A,agrees,agrees
811,811,disagrees,-1.0,The dangers of a warming planet are being wildly exaggerated and question the impact that fossil fuels have had on climate change.,disagrees,disagrees,disagrees,disagrees,disagrees,disagrees,disagrees,disagrees,3,0,t14,0.0025575401410454,0.0602471297179226,0.937195330141032,0.9,0.9,C,C,disagrees,disagrees
812,812,neutral,0.25,"Identifying and addressing these ""super-emitters"" could reduce methane emissions from fossil fuels up to 87 percent.",neutral,neutral,neutral,neutral,agrees,agrees,neutral,neutral,3,0,t15,0.000917231490282,0.0013457276649569,0.997737040844761,0.7,0.8,A,A,agrees,agrees
813,813,neutral,0.125,We can see what the new economy would look like: solar and wind energy replacing fossil fuels.,neutral,neutral,neutral,neutral,neutral,neutral,agrees,neutral,3,0,t16,0.0021886991466883,0.0309698992326862,0.9668414016206254,1.0,0.8,A,A,agrees,agrees
814,814,neutral,-0.125,Internet activity results in as much carbon emissions as the global aviation industry.,neutral,neutral,disagrees,neutral,neutral,neutral,neutral,neutral,3,0,t17,0.0024407272971611,0.0519093062228067,0.945649966480032,0.9,0.8,A,A,agrees,agrees
815,815,disagrees,-1.0,"While the world is in turmoil and falling apart in so many different ways especially with ISIS, our President is worried about global warming–what a ridiculous situation.",disagrees,disagrees,disagrees,disagrees,disagrees,disagrees,disagrees,disagrees,3,0,t18,0.0012186869053945,0.9901615614202228,0.0086197516743823,0.85,0.9,C,B,neither agrees nor disagrees,disagrees
816,816,agrees,1.0,"If us do not address the global crisis of climate change, transform our energy system away from fossil fuel to sustainable energy, the planet that we're going to be leaving our kids and our grandchildren may well not be habitable.",agrees,agrees,agrees,agrees,agrees,agrees,agrees,agrees,3,0,t19,0.0031608159513171,0.7978213135081665,0.1990178705405162,1.0,0.95,A,A,agrees,agrees
817,817,disagrees,-0.625,There is a rush to judgment that every time something happens it’s because of global warming.,neutral,disagrees,disagrees,neutral,disagrees,disagrees,disagrees,neutral,3,0,t2,0.0021382070549359,0.0312978131940597,0.9665639797510044,0.8,0.8,C,C,disagrees,disagrees
818,818,neutral,-0.125,"The Keystone XL pipeline, if approved, would cut global oil prices.",neutral,neutral,neutral,neutral,neutral,neutral,disagrees,neutral,3,0,t20,0.0027753565180588,0.8687656787201988,0.1284589647617423,0.2,0.95,B,C,disagrees,neither agrees nor disagrees
819,819,neutral,-0.25,"Global warming, if it is happening, will likely bring benefits to the developing world, and branded green policies as grossly immoral .",disagrees,neutral,neutral,neutral,neutral,disagrees,neutral,neutral,3,0,t21,0.9982465854401864,0.0010748772962493,0.0006785372635645,0.9,0.9,C,C,disagrees,disagrees
820,820,agrees,0.75,I also support cap and trade of carbon emissions.,agrees,agrees,agrees,neutral,agrees,neutral,agrees,agrees,3,0,t22,0.0030978930548673,0.1474822899423689,0.8494198170027639,1.0,0.9,A,A,agrees,agrees
821,821,agrees,0.75,"Hawaii is committed to environmental stewardship, and we look forward to working with other states to fight global climate change.",agrees,agrees,agrees,neutral,agrees,neutral,agrees,agrees,3,0,t23,0.0022774906612361,0.0441182524280165,0.9536042569107476,1.0,0.9,A,A,agrees,agrees
822,822,neutral,-0.25,"Short periods of minor global warming could be considered significant, while similar periods of cooling or stagnation could be ignored by the scientific community.",neutral,disagrees,neutral,neutral,neutral,neutral,neutral,disagrees,3,0,t24,0.0272928298292101,0.003182349281099,0.9695248208896908,0.8,0.8,C,C,disagrees,disagrees
823,823,agrees,0.625,"Cutting the artificial pollutants, which have a warming effect 1,600 times more powerful than carbon dioxide on average, would be a straightforward step toward meeting the Paris Agreement goal to keep global temperatures from rising more than 2 degrees Celsius above preindustrial levels.",agrees,neutral,agrees,neutral,agrees,neutral,agrees,agrees,3,0,t25,0.9981876162470924,0.001092415169306,0.0007199685836015,1.0,0.9,A,A,agrees,agrees
824,824,neutral,0.0,Indicators like carbon dioxide levels or global temperature are most useful when they’re put in the right context.,neutral,neutral,neutral,neutral,neutral,neutral,neutral,neutral,3,0,t26,0.000574165505343,0.998874062852686,0.0005517716419708,0.75,0.9,B,B,neither agrees nor disagrees,neither agrees nor disagrees
825,825,neutral,0.25,"The moment we put real limits and real charges on carbon dioxide emissions, we will see a surge of innovation that will discover even better ways for reducing those emissions.",agrees,neutral,neutral,neutral,agrees,neutral,disagrees,agrees,3,0,t27,0.0400964821703182,0.0035747031926095,0.9563288146370722,0.9,0.9,A,A,agrees,agrees
826,826,disagrees,-1.0,There is next to no scientific evidence anywhere to back up their doomsday predictions of catastrophic man-made global warming.,disagrees,disagrees,disagrees,disagrees,disagrees,disagrees,disagrees,disagrees,3,0,t28,0.1279679937978709,0.0047902090615481,0.8672417971405809,0.9,0.95,C,C,disagrees,disagrees
827,827,neutral,-0.125,One of the most poorly quantified components of the carbon cycle is the net balance between forest disturbance and regrowth.,neutral,neutral,neutral,neutral,neutral,disagrees,neutral,neutral,3,0,t29,0.0019261861576465,0.9551260215893528,0.0429477922530006,0.75,0.9,B,B,neither agrees nor disagrees,neither agrees nor disagrees
828,828,disagrees,-1.0,"There is little evidence to support claims, such as those by Al Gore, that the sea would rise by 20 feet by the end of the century.",disagrees,disagrees,disagrees,disagrees,disagrees,disagrees,disagrees,disagrees,3,0,t3,0.0020196574726853,0.9551074189297089,0.0428729235976058,0.9,0.8,C,C,disagrees,disagrees
829,829,agrees,0.875,Carbon dioxide contributes to warming.,agrees,agrees,agrees,neutral,agrees,agrees,agrees,agrees,3,0,t30,0.2449297374894627,0.0053108672433771,0.7497593952671601,1.0,0.8,A,A,agrees,agrees
830,830,agrees,0.75,Global warming might increase the chances of violent conflict.,neutral,agrees,agrees,agrees,agrees,agrees,neutral,agrees,3,0,t31,0.0030253830104133,0.8075191132986322,0.1894555036909544,0.9,0.8,A,A,agrees,agrees
831,831,disagrees,-0.125,The global warming debate is over.,neutral,agrees,neutral,neutral,disagrees,disagrees,agrees,disagrees,3,0,t32,0.000928869635033,0.0013885021366456,0.9976826282283212,0.9,0.9,A,C,disagrees,agrees
832,832,neutral,0.25,Climate denial conspiracy theories include that the United Nations is trying to impose global government through climate change policy.,neutral,agrees,agrees,neutral,neutral,disagrees,agrees,neutral,3,0,t33,0.0702761101418383,0.5075877340681713,0.4221361557899904,1.0,0.9,C,C,disagrees,disagrees
833,833,disagrees,-1.0,There is no solid evidence of global warming.,disagrees,disagrees,disagrees,disagrees,disagrees,disagrees,disagrees,disagrees,3,0,t34,0.9982264013436376,0.0010745775702548,0.0006990210861074,0.9,1.0,C,C,disagrees,disagrees
834,834,disagrees,-0.5,Even in liberal states doubt global warming is caused mostly by human carbon emissions.,agrees,disagrees,disagrees,neutral,neutral,disagrees,disagrees,disagrees,3,0,t35,0.0209113710126826,0.0030373867642436,0.9760512422230736,0.8,0.8,C,C,disagrees,disagrees
835,835,neutral,-0.125,"Roughly 75 percent of the carbon dioxide emissions from the natural world come not from above-ground biomass, but from the soil.",neutral,neutral,disagrees,neutral,neutral,neutral,neutral,neutral,3,0,t36,0.0012428821742359,0.9899963679451448,0.0087607498806191,0.8,0.9,B,A,agrees,neither agrees nor disagrees
836,836,neutral,0.25,Trusel is all but certain that melting in the Antarctic will become more widespread in the coming years.,neutral,neutral,neutral,neutral,agrees,neutral,neutral,agrees,3,0,t37,0.0025457300394718,0.8944472763595457,0.1030069936009823,1.0,0.9,A,A,agrees,agrees
837,837,agrees,0.875,"For the U.S. in particular, failing to curb carbon emissions and pouring resources into bolstering infrastructure that relies on fossil fuels is an act of gross negligence.",agrees,agrees,neutral,agrees,agrees,agrees,agrees,agrees,3,0,t38,0.4460074042478129,0.2942714436632417,0.2597211520889452,0.9,0.95,A,A,agrees,agrees
838,838,neutral,0.375,"If there is warming, global warming we are going to see a lot more storms and there will be a lot more violent when they occur.",neutral,agrees,agrees,neutral,neutral,agrees,neutral,neutral,3,0,t39,0.0412376444024613,0.4446029690769048,0.5141593865206338,1.0,0.8,A,A,agrees,agrees
839,839,agrees,0.75,Global warming could make Earth uninhabitable.,agrees,agrees,agrees,agrees,agrees,agrees,neutral,neutral,3,0,t4,0.9981508045826044,0.0011283133530915,0.0007208820643041,1.0,1.0,A,A,agrees,agrees
840,840,neutral,-0.375,Another 240 billion tons of carbon emissions can be tolerated.,neutral,disagrees,neutral,neutral,disagrees,neutral,neutral,disagrees,3,0,t5,0.8262644375729625,0.0660927370543019,0.1076428253727354,1.0,0.8,C,C,disagrees,disagrees
841,841,neutral,0.125,Nuclear is an important part of ensuring our future low-carbon energy security.,neutral,neutral,neutral,neutral,neutral,neutral,neutral,agrees,3,0,t6,0.0275155609366238,0.0032060137293136,0.9692784253340624,0.2,0.9,B,A,agrees,neither agrees nor disagrees
842,842,neutral,0.0,"Such planning can sometimes rely on scientific projections, like sea-level rise, that is politicized.",neutral,neutral,neutral,neutral,neutral,neutral,neutral,neutral,3,0,t7,0.0034832476049043,0.2223890491414798,0.7741277032536159,0.75,0.8,B,B,neither agrees nor disagrees,neither agrees nor disagrees
843,843,neutral,0.125,"The Organization of the Petroleum Exporting Countries strategy of flooding the market with cheap oil, despite a global oversupply, will pay off next year when demand for its oil will rise.",neutral,neutral,agrees,neutral,neutral,neutral,neutral,neutral,3,0,t8,0.001431848689932,0.9851031914847342,0.0134649598253337,1.0,0.95,B,C,disagrees,neither agrees nor disagrees
844,844,neutral,0.125,"If the global temperature did reach an increase of 4 degrees Celsius, this would result in GDP losses of $159 billion a year.",neutral,neutral,neutral,neutral,agrees,neutral,neutral,neutral,3,0,t9,0.0035517372328912,0.3357555362363744,0.6606927265307343,1.0,0.8,A,A,agrees,agrees
845,845,disagrees,-0.5,Global warming is a hoax.,disagrees,disagrees,disagrees,disagrees,agrees,agrees,disagrees,disagrees,3,1,s0,,,,1.0,1.0,C,C,disagrees,disagrees
846,846,agrees,0.625,Alarming levels of sea level rise are predicted to threaten Florida over the next decades.,neutral,agrees,agrees,agrees,agrees,agrees,neutral,neutral,3,1,s1,,,,1.0,0.95,A,A,agrees,agrees
847,847,neutral,0.25,"Over the past several years, the United States has seen an increase in business growth that has counteracted the lingering effects of the recession.",neutral,neutral,neutral,neutral,agrees,agrees,neutral,neutral,3,1,s2,,,,0.0,1.0,B,B,neither agrees nor disagrees,neither agrees nor disagrees
848,848,agrees,1.0,Global warming is happening and it will be dangerous to human health and welfare.,agrees,agrees,agrees,agrees,agrees,agrees,agrees,agrees,3,1,s3,,,,1.0,0.95,A,A,agrees,agrees
849,849,neutral,0.0,Some icebergs are cute.,neutral,neutral,neutral,neutral,disagrees,agrees,neutral,neutral,3,1,s4,,,,0.2,0.95,B,B,neither agrees nor disagrees,neither agrees nor disagrees
850,850,agrees,0.5,The only way this can be addressed is to act quickly and reduce carbon emissions.,neutral,agrees,agrees,neutral,agrees,disagrees,agrees,agrees,3,1,t0,0.0065687691219829,0.8527171645409565,0.1407140663370606,1.0,0.95,A,A,agrees,agrees
851,851,neutral,0.25,"If global warming did not exceed the 2 degree Celsius benchmark, the millennial sea-level rise from the melting of Antarctic ice could likely be restricted to a few meters.",neutral,neutral,neutral,neutral,agrees,agrees,neutral,neutral,3,1,t1,0.0009579680814143,0.0025448759745439,0.9964971559440418,1.0,0.8,A,A,agrees,agrees
852,852,agrees,0.375,Steadily warming seas pose a similar threat to reefs in other areas.,agrees,agrees,agrees,neutral,agrees,disagrees,neutral,neutral,3,1,t10,0.4435650178093977,0.3348159097255399,0.2216190724650624,0.9,0.9,A,A,agrees,agrees
853,853,disagrees,-0.25,The science is anything but settled on global warming.,disagrees,disagrees,disagrees,disagrees,agrees,agrees,neutral,neutral,3,1,t11,0.002099153625113,0.9773611477434324,0.0205396986314544,0.9,0.9,C,C,disagrees,disagrees
854,854,neutral,0.25,The sea ice is building up much slower than normal as winter approaches.,agrees,agrees,neutral,neutral,disagrees,agrees,neutral,neutral,3,1,t12,0.0009685064175014,0.0026597343606714,0.9963717592218272,0.8,0.8,A,A,agrees,agrees
855,855,neutral,0.5,More than 10% of the country's ice sheet melted this week.,neutral,agrees,neutral,neutral,agrees,agrees,agrees,neutral,3,1,t13,0.9985543342779823,0.0009248258986711,0.0005208398233465,1.0,0.8,A,A,agrees,agrees
856,856,agrees,0.875,"Climate impacts are playing out across the US, from damaging wildfires to increased heavy rain and flooding to rising seas.",agrees,agrees,agrees,agrees,agrees,agrees,agrees,neutral,3,1,t14,0.0020619237313411,0.9778214644657616,0.0201166118028971,1.0,0.95,A,A,agrees,agrees
857,857,neutral,0.125,No signal had emerged in the atmosphere to suggest a sharp rise in methane emissions from the Arctic.,neutral,disagrees,neutral,neutral,agrees,agrees,neutral,neutral,3,1,t15,0.0072953073716235,0.7811337291227316,0.2115709635056448,0.85,0.8,B,B,neither agrees nor disagrees,neither agrees nor disagrees
858,858,agrees,0.375,"Once warming reaches a certain point, the amount of assistance that we’re getting in terms of carbon storage from the land and oceans tends to go down.",neutral,agrees,neutral,neutral,agrees,disagrees,agrees,agrees,3,1,t16,0.004521091957258,0.3154478544967245,0.6800310535460174,0.9,0.9,A,A,agrees,agrees
859,859,agrees,0.75,Global leaders finally address the climate crisis.,agrees,agrees,agrees,agrees,agrees,agrees,neutral,neutral,3,1,t17,0.0049434575427568,0.5040081701089901,0.4910483723482532,1.0,0.9,A,A,agrees,agrees
860,860,disagrees,-0.75,Global warming isn't real Leo.,disagrees,disagrees,disagrees,disagrees,disagrees,agrees,disagrees,disagrees,3,1,t18,0.0078624869657143,0.6889362309252234,0.3032012821090623,1.0,0.95,C,C,disagrees,disagrees
861,861,agrees,0.75,The measure of introducing a carbon tax should be adopted soon.,agrees,agrees,agrees,neutral,agrees,agrees,neutral,agrees,3,1,t19,0.936457932885982,0.00581473610229,0.0577273310117279,1.0,0.85,A,A,agrees,agrees
862,862,disagrees,0.25,Climate contrarians somehow tend to neglect mentioning that solar variation is smaller than the heat-trapping power of carbon dioxide.,disagrees,disagrees,agrees,neutral,agrees,agrees,neutral,agrees,3,1,t2,0.0116786839730766,0.2447760230621742,0.7435452929647491,1.0,0.9,A,A,agrees,agrees
863,863,disagrees,-0.5,Satellite data disputes global warming.,neutral,disagrees,disagrees,disagrees,disagrees,agrees,disagrees,neutral,3,1,t20,0.0044637860923298,0.2959273925411088,0.6996088213665613,0.8,0.9,C,C,disagrees,disagrees
864,864,agrees,0.75,We’re going to solve global warming.,agrees,agrees,neutral,neutral,agrees,agrees,agrees,agrees,3,1,t21,0.0017539201565802,0.9881513005486536,0.0100947792947659,0.5,0.8,A,B,neither agrees nor disagrees,agrees
865,865,disagrees,-0.25,Pollution caused by fossil fuels has been conflated with climate change.,disagrees,disagrees,disagrees,neutral,agrees,disagrees,agrees,neutral,3,1,t22,0.0832402590283228,0.0083244348215186,0.9084353061501586,0.5,0.8,B,B,neither agrees nor disagrees,neither agrees nor disagrees
866,866,agrees,0.75,"Climate change and ocean acidification, caused when carbon dioxide is absorbed by the oceans, pose a far more serious threat and could ultimately lead to the total collapse of many reefs.",agrees,agrees,agrees,agrees,disagrees,agrees,agrees,agrees,3,1,t23,0.008213804987831,0.4745447773178059,0.517241417694363,1.0,1.0,A,A,agrees,agrees
867,867,neutral,-0.25,The Arctic sea ice levels are 7 percent below the 1981-2010 average.,neutral,neutral,neutral,neutral,disagrees,disagrees,neutral,neutral,3,1,t24,0.0031565048639684,0.9160071774343908,0.0808363177016407,0.9,0.8,A,A,agrees,agrees
868,868,agrees,0.375,"Climate sensitivity is high enough to demand action, but not so high that it is too late to avoid dangerous global climate change.",neutral,neutral,agrees,agrees,agrees,disagrees,agrees,neutral,3,1,t25,0.999013414278506,0.0005427174522859,0.0004438682692079,0.9,0.95,A,A,agrees,agrees
869,869,neutral,0.375,The main culprit is warming sea temperatures.,neutral,neutral,agrees,neutral,agrees,agrees,neutral,neutral,3,1,t26,0.0037557483161793,0.8573069154187014,0.1389373362651193,1.0,0.8,A,A,agrees,agrees
870,870,neutral,0.5,"About 93 percent of the heat energy trapped by greenhouse gases — such as carbon dioxide from the burning of coal, oil and gas — goes directly into the ocean.",neutral,neutral,neutral,agrees,agrees,agrees,agrees,neutral,3,1,t27,0.9508460248975504,0.0023834375687378,0.0467705375337115,1.0,0.9,A,A,agrees,agrees
871,871,agrees,0.75,Continued high emissions will make multi-meter sea level rise practically unavoidable and likely to occur this century.,agrees,agrees,agrees,agrees,disagrees,agrees,agrees,agrees,3,1,t28,0.0043382146043626,0.7678159391938352,0.2278458462018021,1.0,1.0,A,A,agrees,agrees
872,872,agrees,0.75,"Global warming is causing sea levels to rise, while increasing the frequency, intensity, and duration of extreme weather events.",agrees,agrees,agrees,agrees,disagrees,agrees,agrees,agrees,3,1,t29,0.8439376222029215,0.0552368968877411,0.1008254809093374,1.0,0.95,A,A,agrees,agrees
873,873,agrees,0.875,"Burning all fossil fuels, we conclude, would make most of the planet uninhabitable by humans, thus calling into question strategies that emphasize adaptation to climate change.",neutral,agrees,agrees,agrees,agrees,agrees,agrees,agrees,3,1,t3,0.0027238714996573,0.9960863223722648,0.0011898061280779,1.0,1.0,A,A,agrees,agrees
874,874,agrees,0.625,"Over 24 million people around the world fled their homes (some temporarily) because of extreme events like floods and drought and other environmental disasters, according to the report.",neutral,agrees,neutral,agrees,agrees,agrees,agrees,neutral,3,1,t30,0.003708242126488,0.0007477495237019,0.9955440083498098,0.9,0.9,A,A,agrees,agrees
875,875,neutral,-0.25,Cosmic rays and the sun play an integral role in global warming.,neutral,disagrees,neutral,neutral,disagrees,disagrees,agrees,neutral,3,1,t31,0.0082762564553578,0.6165274204024486,0.3751963231421936,0.75,0.8,B,B,neither agrees nor disagrees,neither agrees nor disagrees
876,876,disagrees,-0.625,"Global-warming science is an echo chamber in which, they contend, it is hard to get published if one does not accept the conventional wisdom that humans are heating up the planet.",disagrees,disagrees,disagrees,disagrees,disagrees,agrees,disagrees,neutral,3,1,t32,0.0032496060212808,0.0995882500868971,0.8971621438918219,0.9,0.9,C,C,disagrees,disagrees
877,877,agrees,0.625,Global warming is to blame.,agrees,agrees,agrees,neutral,agrees,disagrees,agrees,agrees,3,1,t33,0.0042360395148039,0.2229129529763135,0.7728510075088826,1.0,0.9,A,A,agrees,agrees
878,878,neutral,0.125,"We have a global agreement on how we are going to limit the emissions of carbon dioxide and other greenhouse gases, going forward, and an agreement that will include the tropical forest, that will include ways to transfer some of the revenues from carbon taxes or carbon emission permits in the north to pay for reduced deforestation in the south.",neutral,neutral,neutral,neutral,disagrees,agrees,neutral,agrees,3,1,t34,0.0029412510788827,0.995833373522818,0.0012253753982994,1.0,0.8,B,A,agrees,neither agrees nor disagrees
879,879,agrees,0.625,The ridiculously warm temperatures in the Arctic during October and November this year this year are off the charts over our 68 years of measurements.,neutral,agrees,agrees,neutral,agrees,agrees,agrees,neutral,3,1,t35,0.0027775653157015,0.9960254541674982,0.0011969805168002,1.0,0.9,A,A,agrees,agrees
880,880,neutral,0.125,The reduction of fossil-fuel emissions look more feasible.,agrees,neutral,neutral,neutral,agrees,disagrees,neutral,neutral,3,1,t36,0.0047315164281342,0.6172273644449346,0.3780411191269311,0.8,0.8,B,A,agrees,neither agrees nor disagrees
881,881,agrees,0.5,Rich countries should bear a greater burden than developing ones in reducing emissions and helping countries cope with global warming.,neutral,agrees,agrees,neutral,agrees,disagrees,agrees,agrees,3,1,t37,0.200810267208365,0.0467173025085665,0.7524724302830683,0.8,0.9,A,A,agrees,agrees
882,882,agrees,1.0,The hidden health and environmental costs of using fossil fuels are far greater than previously thought.,agrees,agrees,agrees,agrees,agrees,agrees,agrees,agrees,3,1,t38,0.9935555509536294,0.0011211031641549,0.0053233458822156,0.9,0.9,A,A,agrees,agrees
883,883,disagrees,-0.875,"Of course, climate change advocates are trying their best to offer an explanation for the lack of global warming.",disagrees,disagrees,disagrees,disagrees,disagrees,disagrees,disagrees,neutral,3,1,t39,0.0041932843164521,0.9669179677044764,0.0288887479790714,0.9,0.9,C,C,disagrees,disagrees
884,884,neutral,0.25,"Divestment will not noticeably hurt oil company stocks because, when a university sells its fossil-fuel stock and the price falls, independent traders see that the stock has become undervalued and snap it up.",neutral,neutral,neutral,neutral,agrees,agrees,neutral,neutral,3,1,t4,0.0052570277412341,0.0143425013989446,0.9804004708598212,0.85,0.8,B,B,neither agrees nor disagrees,neither agrees nor disagrees
885,885,disagrees,-0.75,"Global warming is a concept ""created by and for the Chinese"" to hurt U.S. business.",disagrees,disagrees,disagrees,disagrees,agrees,disagrees,disagrees,disagrees,3,1,t5,0.0044936765649812,0.7129620684228587,0.2825442550121599,1.0,0.95,C,C,disagrees,disagrees
886,886,agrees,0.875,"Humanity’s window for action is quickly closing, if the goal of holding global warming to 1.5 degrees C above preindustrial averages is to be met.",neutral,agrees,agrees,agrees,agrees,agrees,agrees,agrees,3,1,t6,0.0041695899063595,0.0363993289560183,0.959431081137622,1.0,0.95,A,A,agrees,agrees
887,887,agrees,0.5,"Global warming has been happening for the last 100 years, mainly because we have been burning fossil fuels and putting out greenhouse gases .",neutral,agrees,neutral,agrees,agrees,disagrees,agrees,agrees,3,1,t7,0.006404043041581,0.8525541447081261,0.141041812250293,1.0,0.9,A,A,agrees,agrees
888,888,neutral,0.5,"This could mean that current I.P.C.C. model predictions for the next century are wrong, and there will be no cooling in the North Atlantic to partially offset the effects of global climate change over North America and Europe.",neutral,neutral,agrees,neutral,agrees,agrees,agrees,neutral,3,1,t8,0.000817172623789,0.9983459298241506,0.0008368975520604,1.0,0.8,A,A,agrees,agrees
889,889,agrees,0.625,It’s a primary contributor to the global warming that we see.,neutral,agrees,neutral,neutral,agrees,agrees,agrees,agrees,3,1,t9,0.9944771841019752,0.0006296372805332,0.0048931786174915,1.0,0.95,A,A,agrees,agrees
890,890,disagrees,-1.0,Global warming is a hoax.,disagrees,disagrees,disagrees,disagrees,disagrees,disagrees,disagrees,disagrees,3,2,s0,,,,1.0,1.0,C,C,disagrees,disagrees
891,891,neutral,0.375,Alarming levels of sea level rise are predicted to threaten Florida over the next decades.,neutral,agrees,neutral,agrees,neutral,neutral,agrees,neutral,3,2,s1,,,,1.0,0.95,A,A,agrees,agrees
892,892,neutral,0.0,"Over the past several years, the United States has seen an increase in business growth that has counteracted the lingering effects of the recession.",neutral,neutral,neutral,neutral,neutral,neutral,neutral,neutral,3,2,s2,,,,0.0,1.0,B,B,neither agrees nor disagrees,neither agrees nor disagrees
893,893,agrees,1.0,Global warming is happening and it will be dangerous to human health and welfare.,agrees,agrees,agrees,agrees,agrees,agrees,agrees,agrees,3,2,s3,,,,1.0,1.0,A,A,agrees,agrees
894,894,neutral,0.0,Some icebergs are cute.,neutral,neutral,neutral,neutral,neutral,neutral,neutral,neutral,3,2,s4,,,,0.2,0.95,B,B,neither agrees nor disagrees,neither agrees nor disagrees
895,895,neutral,0.125,"The Larsen C Ice Shelf may be less stable following the rift, and that there is potential for it to follow the same path of its neighbor, the Larsen B Ice Shelf, which had a major calving event in 1995 and then disintegrated in 2000.",neutral,neutral,neutral,neutral,neutral,neutral,neutral,agrees,3,2,t0,0.0011383730381998,0.013512173559643,0.985349453402157,1.0,0.8,A,A,agrees,agrees
896,896,neutral,0.375,There is no safe way to develop the Arctic region’s oil and gas potential.,neutral,agrees,neutral,agrees,neutral,agrees,neutral,neutral,3,2,t1,0.0027942129885093,0.2335970053415221,0.7636087816699685,0.7,0.8,A,A,agrees,agrees
897,897,neutral,-0.125,"A transition to a reliable, low-carbon, electrical generation and transmission system can be accomplished with commercially available technology and within 15 years.",neutral,disagrees,neutral,neutral,neutral,neutral,neutral,neutral,3,2,t10,0.1086244742774567,0.0030535830424316,0.8883219426801117,0.8,0.8,B,A,agrees,neither agrees nor disagrees
898,898,neutral,-0.25,Brown’s carbon-neutral pledge could hurt the state’s economy.,neutral,disagrees,neutral,disagrees,neutral,agrees,disagrees,neutral,3,2,t11,0.0031438934867097,0.6367890577315697,0.3600670487817206,0.8,0.8,B,C,disagrees,neither agrees nor disagrees
899,899,agrees,0.5,2018 and the following four years could bring an increase of earthquakes over magnitude 7 globally.,agrees,agrees,neutral,agrees,agrees,neutral,neutral,neutral,3,2,t12,0.3165289913757005,0.0040112547963714,0.6794597538279281,0.0,0.9,B,B,neither agrees nor disagrees,neither agrees nor disagrees
900,900,agrees,0.75,"Already Yellowstone, which sits at a relatively high average elevation of 8,000 feet above sea level in Wyoming, Montana and Idaho, is warming faster than the rest of the globe.",agrees,agrees,agrees,agrees,neutral,neutral,agrees,agrees,3,2,t13,0.0028401520320278,0.2339395982451369,0.7632202497228351,0.9,0.9,A,A,agrees,agrees
901,901,neutral,-0.375,Few people would complain if global warming ruined Brussels sprouts.,neutral,disagrees,neutral,neutral,neutral,disagrees,disagrees,neutral,3,2,t14,0.9990904448153668,0.0005124209282501,0.0003971342563828,0.9,0.8,C,C,disagrees,disagrees
902,902,disagrees,-0.375,The world is finally on a path toward controlling global warming.,neutral,disagrees,disagrees,disagrees,agrees,neutral,disagrees,neutral,3,2,t15,0.6286778872698602,0.0042237652943101,0.3670983474358295,0.8,0.8,A,A,agrees,agrees
903,903,neutral,0.25,"The countries that are paying the price for industrialization are actually in the Global South, and especially South Asia.",neutral,neutral,neutral,neutral,neutral,agrees,neutral,agrees,3,2,t16,0.0020114403373638,0.9305313646068764,0.0674571950557597,0.9,0.8,B,A,agrees,neither agrees nor disagrees
904,904,neutral,0.0,Achieving global prosperity especially for the most vulnerable and poorest depends in large measure on whether the Paris Agreement succeeds or not.,neutral,agrees,neutral,disagrees,neutral,neutral,neutral,neutral,3,2,t17,0.04294181431946,0.0210918718514164,0.9359663138291237,1.0,0.9,A,A,agrees,agrees
905,905,neutral,0.125,Our ways of inferring future rates of sea level rise from ice sheet melting is crude .,neutral,disagrees,agrees,agrees,neutral,agrees,disagrees,neutral,3,2,t18,0.0096883615269093,0.0014583213779605,0.98885331709513,0.8,0.8,B,B,neither agrees nor disagrees,neither agrees nor disagrees
906,906,agrees,0.75,"Just telling folks the facts —temperatures are going up, seas are acidifying, and the most likely reason is people burning fossil fuels— doesn’t move the needle on climate opinion.",agrees,agrees,agrees,agrees,disagrees,agrees,agrees,agrees,3,2,t19,0.4645787185606878,0.0269702939291877,0.5084509875101243,0.2,0.1,B,B,neither agrees nor disagrees,neither agrees nor disagrees
907,907,neutral,-0.25,"Amy Klobuchar is running for President, talking proudly of fighting global warming while standing in a virtual blizzard of snow, ice and freezing temperatures.",neutral,disagrees,neutral,neutral,neutral,neutral,disagrees,neutral,3,2,t2,0.0031540882676634,0.6861929819469246,0.310652929785412,0.9,0.8,C,C,disagrees,disagrees
908,908,agrees,0.75,"Action on climate change now is the only way to protect the economy from suffering under the affects of changing temperatures, rising sea levels, and shifting weather patterns.",agrees,agrees,agrees,neutral,agrees,agrees,agrees,neutral,3,2,t20,0.0018821907846608,0.9503692591873508,0.0477485500279884,1.0,1.0,A,A,agrees,agrees
909,909,neutral,-0.5,"Global emissions have stabilised, particularly in China.",neutral,disagrees,disagrees,disagrees,neutral,neutral,disagrees,neutral,3,2,t21,0.2265951791904888,0.003665071628237,0.7697397491812742,0.75,0.8,B,B,neither agrees nor disagrees,neither agrees nor disagrees
910,910,neutral,-0.125,"This new technology will provide more options for an energy-hungry, carbon-emitting world.",neutral,disagrees,neutral,neutral,neutral,neutral,neutral,neutral,3,2,t22,0.6924924178342441,0.0576113951457907,0.2498961870199653,0.75,0.8,B,B,neither agrees nor disagrees,neither agrees nor disagrees
911,911,agrees,0.75,Human-induced climate change from outside the Arctic such as burning of fossil fuels is a key factor.,agrees,agrees,neutral,agrees,agrees,neutral,agrees,agrees,3,2,t23,0.0018338619848577,0.0532904961149599,0.9448756419001824,0.9,0.9,A,A,agrees,agrees
912,912,disagrees,-0.625,There is no current trend toward global warming.,neutral,disagrees,neutral,neutral,disagrees,disagrees,disagrees,disagrees,3,2,t24,0.0508637254063868,0.0245331107015837,0.9246031638920292,0.9,0.9,C,C,disagrees,disagrees
913,913,neutral,0.25,We would need to keep the carbon concentration between 405 and 450 p.p.m.,neutral,agrees,neutral,agrees,neutral,neutral,neutral,neutral,3,2,t25,0.2141159356807198,0.3715821947564169,0.4143018695628631,1.0,0.8,A,A,agrees,agrees
914,914,neutral,-0.25,You can reach any carbon goal using market-based policies.,neutral,disagrees,disagrees,neutral,neutral,neutral,neutral,neutral,3,2,t26,0.0210877776067682,0.9775569045287552,0.0013553178644765,0.2,0.8,B,A,agrees,neither agrees nor disagrees
915,915,disagrees,-0.5,Global cooling is the real problem and we are heading towards a new ice age.,disagrees,disagrees,agrees,disagrees,disagrees,agrees,disagrees,disagrees,3,2,t27,0.0021924590385423,0.909926040283406,0.0878815006780517,1.0,0.95,C,C,disagrees,disagrees
916,916,agrees,0.625,"In New York City, about 65,000 more people are in a danger zone than would have been the case if sea level had not risen over the last century.",agrees,agrees,neutral,agrees,agrees,neutral,agrees,neutral,3,2,t28,0.5874669581842711,0.004081187455159,0.4084518543605698,0.9,0.9,A,A,agrees,agrees
917,917,agrees,0.75,"Global warming, by increasing precipitation and melting Arctic ice, could eventually destabilize the Gulf Stream, the ocean conveyor belt that carries tropical waters into the North Atlantic and warms Western Europe.",agrees,agrees,neutral,agrees,agrees,neutral,agrees,agrees,3,2,t29,0.0097736136390902,0.0014499153255883,0.9887764710353216,0.9,0.9,A,A,agrees,agrees
918,918,agrees,0.5,"The global average sea level rose to a new record high in 2016, and is about 3.25 inches higher than that observed in 1993, when satellite record-keeping for sea level began.",agrees,agrees,neutral,agrees,neutral,neutral,neutral,agrees,3,2,t3,0.001594742070957,0.9708202127542396,0.0275850451748034,1.0,0.9,A,A,agrees,agrees
919,919,neutral,-0.375,A carbon tax is regressive.,disagrees,neutral,neutral,disagrees,neutral,disagrees,neutral,neutral,3,2,t30,0.722832063772572,0.0038411572868412,0.2733267789405867,0.5,0.8,B,B,neither agrees nor disagrees,neither agrees nor disagrees
920,920,agrees,1.0,Winter storms are just more proof that global warming is changing the climate.,agrees,agrees,agrees,agrees,agrees,agrees,agrees,agrees,3,2,t31,0.002316079816225,0.1182258187355267,0.8794581014482482,0.9,0.9,A,C,disagrees,agrees
921,921,neutral,-0.125,The global warming community is like a religion.,neutral,disagrees,neutral,neutral,neutral,neutral,neutral,neutral,3,2,t32,0.0515678114614628,0.0024333473864285,0.9459988411521086,0.9,0.8,C,C,disagrees,disagrees
922,922,disagrees,-0.75,The rate of sea level rise is not accelerating and may even be decelerating.,disagrees,disagrees,neutral,disagrees,neutral,disagrees,disagrees,disagrees,3,2,t33,0.9671484753738874,0.031635896441939,0.0012156281841736,0.9,0.9,C,B,neither agrees nor disagrees,disagrees
923,923,agrees,0.875,"It is urgent to move away from fossil fuels and towards renewable energy, including large scale wind and household solar.",agrees,agrees,agrees,agrees,agrees,agrees,agrees,neutral,3,2,t34,0.0024250373867694,0.8992515405322419,0.0983234220809886,0.9,0.95,A,A,agrees,agrees
924,924,neutral,0.25,"Global warming is ""steeped in controversy,"" despite the fact that consensus exists among the scientific community about its reality and urgency. ",neutral,agrees,neutral,neutral,neutral,agrees,neutral,neutral,3,2,t35,0.0015966439462232,0.97176164693937,0.0266417091144067,0.9,0.1,B,A,agrees,neither agrees nor disagrees
925,925,neutral,0.25,"If you step back and think that the science the science in order to mitigate global warming, the science the science is very clear.",neutral,agrees,neutral,neutral,neutral,agrees,neutral,neutral,3,2,t36,0.3928997719472397,0.0042398262386469,0.6028604018141134,1.0,0.9,A,A,agrees,agrees
926,926,neutral,-0.125,"Dealing with global warming has become normal, and that’s a good thing.",neutral,disagrees,disagrees,neutral,neutral,neutral,agrees,neutral,3,2,t37,0.0004743832786454,0.999032021555244,0.0004935951661104,0.75,0.8,A,B,neither agrees nor disagrees,agrees
927,927,agrees,0.75,Global warming is triggering bigger structural changes to this corner of Antarctica.,neutral,agrees,agrees,agrees,agrees,agrees,agrees,neutral,3,2,t38,0.0095378265906351,0.0014660786612878,0.9889960947480771,0.9,0.9,A,A,agrees,agrees
928,928,agrees,1.0,"Reducing greenhouse gas emissions, especially carbon dioxide, is absolutely necessary if we want any hope of preventing a lot of the dire situations that are presented in the report.",agrees,agrees,agrees,agrees,agrees,agrees,agrees,agrees,3,2,t39,0.952503369949028,0.002159090116825,0.045337539934147,0.9,0.95,A,A,agrees,agrees
929,929,neutral,-0.375,"It is not hypocritical to use fossil fuels in order to try to get ourselves off of fossil fuels, particularly since this is simply unavoidable.",neutral,neutral,neutral,disagrees,disagrees,disagrees,neutral,neutral,3,2,t4,0.0010961405411138,0.9896305155056456,0.0092733439532404,0.75,0.8,B,B,neither agrees nor disagrees,neither agrees nor disagrees
930,930,neutral,0.375,Sea levels are rising an average of 3.2 mm per year across the globe.,neutral,agrees,neutral,agrees,neutral,agrees,neutral,neutral,3,2,t5,0.0017117274075083,0.0456389128010632,0.9526493597914284,1.0,0.9,A,A,agrees,agrees
931,931,disagrees,-1.0,Global warming is not occurring.,disagrees,disagrees,disagrees,disagrees,disagrees,disagrees,disagrees,disagrees,3,2,t6,0.0016224331560139,0.0439759674392558,0.9544015994047302,1.0,1.0,C,C,disagrees,disagrees
932,932,disagrees,-0.5,Antarctica is overall accumulating ice.,disagrees,disagrees,disagrees,disagrees,neutral,neutral,neutral,neutral,3,2,t7,0.0891946238841165,0.0623240380609032,0.8484813380549802,0.2,0.8,B,B,neither agrees nor disagrees,neither agrees nor disagrees
933,933,agrees,0.75,Unrestrained carbon emissions could cause extreme sea level rise over the next one thousand years.,agrees,agrees,neutral,agrees,agrees,agrees,neutral,agrees,3,2,t8,0.0022923386594388,0.8991125939912648,0.0985950673492964,1.0,0.9,A,A,agrees,agrees
934,934,neutral,0.0,"Only 6 percent of Americans are willing to pay $1,000 or more annually in higher taxes and utility costs to subsidize the cost of adding more sustainable energy to fight global warming.",neutral,neutral,agrees,neutral,neutral,neutral,disagrees,neutral,3,2,t9,0.0004960923367568,0.998983464307204,0.000520443356039,0.9,0.8,B,C,disagrees,neither agrees nor disagrees
935,935,disagrees,-1.0,Global warming is a hoax.,disagrees,disagrees,disagrees,disagrees,disagrees,disagrees,disagrees,disagrees,3,3,s0,,,,1.0,1.0,C,C,disagrees,disagrees
936,936,neutral,0.5,Alarming levels of sea level rise are predicted to threaten Florida over the next decades.,agrees,neutral,agrees,neutral,agrees,neutral,neutral,agrees,3,3,s1,,,,0.9,0.95,A,A,agrees,agrees
937,937,neutral,-0.125,"Over the past several years, the United States has seen an increase in business growth that has counteracted the lingering effects of the recession.",neutral,neutral,neutral,neutral,disagrees,neutral,neutral,neutral,3,3,s2,,,,0.0,1.0,B,B,neither agrees nor disagrees,neither agrees nor disagrees
938,938,agrees,0.625,Global warming is happening and it will be dangerous to human health and welfare.,agrees,agrees,neutral,agrees,disagrees,agrees,agrees,agrees,3,3,s3,,,,1.0,0.95,A,A,agrees,agrees
939,939,neutral,0.125,Some icebergs are cute.,neutral,neutral,neutral,neutral,agrees,neutral,neutral,neutral,3,3,s4,,,,0.2,0.95,B,B,neither agrees nor disagrees,neither agrees nor disagrees
940,940,neutral,0.375,"Cutting out meat from an individual's diet reduces their greenhouse gas emissions by 35%, and substituting carbon-intensive meats such as beef and lamb with chicken or pork can reduce one person's emissions contribution by 18.",neutral,neutral,agrees,neutral,agrees,neutral,neutral,agrees,3,3,t0,0.0025113519205421,0.0873396291029156,0.9101490189765424,1.0,0.9,A,A,agrees,agrees
941,941,agrees,0.75,"The warming, the storm, and the UK floods, are all linked to climate change.",agrees,agrees,neutral,agrees,agrees,agrees,agrees,neutral,3,3,t1,0.0024798454445685,0.9165121630532056,0.0810079915022258,1.0,0.9,A,A,agrees,agrees
942,942,neutral,0.125,Carbon dioxide and oxygen are about the same size and have similar chemical characteristics.,neutral,neutral,neutral,neutral,agrees,neutral,neutral,neutral,3,3,t10,0.9793302752618712,0.0025703713063882,0.0180993534317407,0.0,1.0,B,C,disagrees,neither agrees nor disagrees
943,943,agrees,0.5,The Arctic has been warming much faster than any other region in the world for the second straight year in a row.,agrees,neutral,agrees,agrees,disagrees,neutral,agrees,agrees,3,3,t11,0.3933215363734277,0.0037685373287148,0.6029099262978574,1.0,0.9,A,A,agrees,agrees
944,944,neutral,0.5,"Global temperatures are warmer now than at any time in at least the last 1,000 years.",agrees,neutral,neutral,agrees,agrees,neutral,neutral,agrees,3,3,t12,0.0853423645964588,0.0461257731537462,0.8685318622497948,1.0,0.9,A,A,agrees,agrees
945,945,neutral,0.25,"Development of oil and gas resources in the Arctic would be “incommensurate” with efforts to limit average global warming to 2C. Low oil prices and, perhaps more importantly, oil market volatility.",neutral,neutral,agrees,disagrees,agrees,neutral,neutral,agrees,3,3,t13,0.0016156991029016,0.9789120002541936,0.0194723006429048,0.75,0.9,A,B,neither agrees nor disagrees,agrees
946,946,neutral,0.125,"Exxon Mobil is lobbying the rest of the American industry, as well as Capitol Hill, for a revenue-neutral carbon tax.",neutral,neutral,neutral,neutral,agrees,neutral,neutral,neutral,3,3,t14,0.2866685677863935,0.0445084520809994,0.6688229801326071,0.9,0.8,B,A,agrees,neither agrees nor disagrees
947,947,neutral,0.125,"After three years of little to no growth in total global carbon emissions, 2017 will see a relatively major spike.",neutral,neutral,neutral,neutral,disagrees,neutral,agrees,agrees,3,3,t15,0.0012568699606871,0.9974940411824382,0.0012490888568744,0.9,0.8,A,A,agrees,agrees
948,948,agrees,1.0,"Human emissions are behind observed warming in the Earth’s surface temperatures and oceans, and that action to reduce greenhouse emissions is an urgent global priority.",agrees,agrees,agrees,agrees,agrees,agrees,agrees,agrees,3,3,t16,0.0025566106214427,0.0208454514204705,0.9765979379580868,1.0,0.95,A,A,agrees,agrees
949,949,agrees,0.875,The impacts of sea level rise are so clear and so targeted.,agrees,agrees,agrees,neutral,agrees,agrees,agrees,agrees,3,3,t17,0.9799656742917016,0.0023636781331061,0.0176706475751922,0.9,0.9,A,A,agrees,agrees
950,950,neutral,0.5,"Even if global emissions stopped immediately, the effects of CO2 already in the atmosphere would lead to rising sea levels, in a sort of ""inertia"" effect.",agrees,neutral,agrees,agrees,agrees,neutral,neutral,neutral,3,3,t18,0.0007420227427906,0.0012666514660262,0.9979913257911832,0.9,0.9,A,A,agrees,agrees
951,951,disagrees,-0.375,The science is uncertain and the costs of reining in carbon dioxide and other emissions will be too high.,neutral,disagrees,disagrees,neutral,agrees,disagrees,neutral,disagrees,3,3,t19,0.0048988641434258,0.8017795931849676,0.1933215426716065,0.9,0.9,C,C,disagrees,disagrees
952,952,disagrees,-0.625,The concept of global warming is created by and for the Chinese in order to make U.S. manufacturing non-competitive.,disagrees,disagrees,disagrees,neutral,agrees,disagrees,disagrees,disagrees,3,3,t2,0.0035875817338337,0.3510553779342697,0.6453570403318966,1.0,1.0,C,C,disagrees,disagrees
953,953,agrees,0.875,"Tapping the one of the largest pools of carbon on the planet ""will be game over for the climate"" due to the elevated concentration of carbon dioxide in the tar sands.",agrees,neutral,agrees,agrees,agrees,agrees,agrees,agrees,3,3,t20,0.0407031417971694,0.119797421869867,0.8394994363329634,0.9,0.95,A,A,agrees,agrees
954,954,neutral,0.375,The Paris summit would help trigger a shift away from fossil fuels and encourage greater investments in renewable energy.,neutral,neutral,neutral,neutral,agrees,agrees,neutral,agrees,3,3,t21,0.0006925389323298,0.0011918539109469,0.9981156071567232,0.9,0.85,A,A,agrees,agrees
955,955,neutral,-0.125,There is only a 5% chance that global temperatures will only increase by 2 degrees celsius and will instead likely rise 3.2 degrees Celsius (and possibly by up to 4.9 degrees Celsius) by 2100.,disagrees,neutral,neutral,disagrees,agrees,neutral,neutral,neutral,3,3,t22,0.0046585597798373,0.1646059255353262,0.8307355146848365,0.9,0.95,A,A,agrees,agrees
956,956,agrees,0.375,Earth's climate-regulating systems may be more sensitive to higher levels of carbon than scientists previously suspected.,agrees,neutral,neutral,agrees,disagrees,agrees,neutral,agrees,3,3,t23,0.0007318701509813,0.9981945486938156,0.0010735811552031,0.9,0.9,A,A,agrees,agrees
957,957,neutral,-0.125,A credible case can be made for divesting from the fossil fuel industry.,neutral,neutral,neutral,neutral,disagrees,neutral,neutral,neutral,3,3,t24,0.0016800305839646,0.9779210013430008,0.0203989680730345,0.8,0.8,A,A,agrees,agrees
958,958,neutral,0.125,"In the first place, there is general scientific agreement that the most likely manner in which mankind is influencing the global climate is through carbon dioxide release from the burning of fossil fuels.",neutral,neutral,agrees,neutral,disagrees,agrees,neutral,neutral,3,3,t25,0.0034980962531228,0.3114049308947017,0.6850969728521754,0.9,0.8,A,A,agrees,agrees
959,959,agrees,0.0,The issue of global warming's the height of arrogance for human beings to think that they can control the weather.,neutral,disagrees,disagrees,agrees,disagrees,agrees,neutral,agrees,3,3,t26,0.60832211247235,0.0054772033030545,0.3862006842245954,0.9,0.9,C,C,disagrees,disagrees
960,960,neutral,0.375,The rise in global temperatures should be kept within 2 degrees Celsius of the pre-industrial average by 2100.,neutral,neutral,agrees,agrees,agrees,neutral,neutral,neutral,3,3,t27,0.0019216199204489,0.9672944559341428,0.0307839241454082,1.0,0.9,A,A,agrees,agrees
961,961,agrees,0.875,A warning sign that some scientists worry could mean global warming has passed an ominous tipping point.,agrees,neutral,agrees,agrees,agrees,agrees,agrees,agrees,3,3,t28,0.0030806154970358,0.179206619988681,0.8177127645142832,0.9,0.9,A,A,agrees,agrees
962,962,disagrees,-0.25,Global warming can be tackled without changing entrenched patterns of production and consumption in industrialized societies.,neutral,agrees,agrees,disagrees,disagrees,disagrees,neutral,disagrees,3,3,t29,0.1798107521189819,0.0050301209496384,0.8151591269313796,0.9,0.2,B,C,disagrees,neither agrees nor disagrees
963,963,neutral,-0.5,"Although climate change is expected to increase coastal flooding and cause water shortages, a new study by Britain’s Met Office sees an upside to global warming.",neutral,neutral,neutral,disagrees,disagrees,disagrees,neutral,disagrees,3,3,t3,0.0055827036300492,0.6611864136460875,0.333230882723863,0.2,0.1,B,C,disagrees,neither agrees nor disagrees
964,964,neutral,-0.125,Carbon dioxide is photochemically reacted to produce a molecule that has higher energy content.,neutral,neutral,neutral,neutral,disagrees,neutral,neutral,neutral,3,3,t30,0.0010280111182282,0.0008443209746535,0.998127667907118,0.0,0.95,B,B,neither agrees nor disagrees,neither agrees nor disagrees
965,965,neutral,0.25,"This flooding event is largely unprecedented, caused by small individual storms.",neutral,neutral,neutral,neutral,agrees,neutral,neutral,agrees,3,3,t31,0.0043898599831707,0.1407664703877822,0.8548436696290469,0.85,0.8,B,B,neither agrees nor disagrees,neither agrees nor disagrees
966,966,disagrees,-1.0,Global warming doesn’t exist in a news vacuum.,disagrees,disagrees,disagrees,disagrees,disagrees,disagrees,disagrees,disagrees,3,3,t32,0.2165232479357636,0.4518911068974054,0.3315856451668309,0.8,0.8,C,A,agrees,disagrees
967,967,neutral,-0.25,’s poorer nations have few affordable choices other than fossil fuels.,neutral,neutral,disagrees,neutral,disagrees,neutral,neutral,neutral,3,3,t33,0.002552058727425,0.0824340490375475,0.9150138922350276,0.75,0.9,B,B,neither agrees nor disagrees,neither agrees nor disagrees
968,968,neutral,-0.125,"The deal is not perfect, but still puts the fossil fuel industry on the wrong side of history.",neutral,agrees,disagrees,neutral,disagrees,neutral,neutral,neutral,3,3,t34,0.0018582427256814,0.9683353176406428,0.0298064396336756,0.8,0.8,A,A,agrees,agrees
969,969,disagrees,-0.5,Concerns about Arctic oil leading to increased global warming are overblown because the stuff will be so expensive to drill.,neutral,disagrees,disagrees,neutral,agrees,disagrees,disagrees,disagrees,3,3,t35,0.5264812348856125,0.158911475452536,0.3146072896618512,0.8,0.8,C,C,disagrees,disagrees
970,970,agrees,1.0,Global warming is a fact.,agrees,agrees,agrees,agrees,agrees,agrees,agrees,agrees,3,3,t36,0.0010607090149476,0.0008613327035763,0.998077958281476,1.0,0.9,A,A,agrees,agrees
971,971,neutral,0.25,"An appropriate response to the bleaching would have been to invest heavily and speed up the transition from fossil fuels to renewable energy, and that didn't happen.",neutral,agrees,disagrees,neutral,agrees,agrees,neutral,neutral,3,3,t37,0.0017025214658342,0.0250075745662302,0.9732899039679356,0.9,0.9,A,A,agrees,agrees
972,972,agrees,0.75,"Human-made climate change is a real and urgent threat, one that's already playing out in the form of rising seas and warming temperatures.",agrees,agrees,agrees,agrees,disagrees,agrees,agrees,agrees,3,3,t38,0.9983049422621744,0.0007653636704734,0.000929694067352,1.0,0.99,A,A,agrees,agrees
973,973,neutral,0.0,"The flood area is so far and wide that it is acting like part of an ocean, feeding warm moisture up into Harvey.",neutral,neutral,agrees,neutral,disagrees,neutral,neutral,neutral,3,3,t39,0.0173715821609429,0.0019024275452046,0.9807259902938524,1.0,0.8,B,A,agrees,neither agrees nor disagrees
974,974,neutral,0.125,"Coal jobs are going to be hard to revive, even by a president-elect who voiced concern about carbon emissions or climate change.",neutral,neutral,neutral,neutral,agrees,disagrees,neutral,agrees,3,3,t4,0.0305931135982512,0.0410374368953685,0.92836944950638,0.9,0.8,B,A,agrees,neither agrees nor disagrees
975,975,agrees,0.75,"Some of the melting that has already occurred is likely irreversible, and could take hundreds of years to reverse.",agrees,agrees,neutral,agrees,neutral,agrees,agrees,agrees,3,3,t5,0.8598745597514601,0.0042996212170382,0.1358258190315016,1.0,0.9,A,A,agrees,agrees
976,976,neutral,-0.25,Arctic sea ice has increased since then.,disagrees,disagrees,neutral,neutral,disagrees,neutral,neutral,agrees,3,3,t6,0.0007320141106641,0.9981922998753842,0.0010756860139516,0.9,0.8,B,C,disagrees,neither agrees nor disagrees
977,977,agrees,0.75,"These phenomena are consistent with the ongoing changes in global climate, which we know with very high confidence are being caused mainly by the increase of atmospheric carbon dioxide and other heat-trapping gasses released by human activities.",agrees,agrees,agrees,agrees,disagrees,agrees,agrees,agrees,3,3,t7,0.0345771049682706,0.2583184853720741,0.7071044096596553,1.0,0.95,A,A,agrees,agrees
978,978,neutral,0.0,More people die here than anywhere else from floods.,neutral,neutral,neutral,neutral,disagrees,neutral,neutral,agrees,3,3,t8,0.0012643704412732,0.9974739465501312,0.0012616830085957,0.2,0.8,B,B,neither agrees nor disagrees,neither agrees nor disagrees
979,979,disagrees,-0.625,The sea is not rising.,disagrees,disagrees,disagrees,neutral,agrees,disagrees,disagrees,disagrees,3,3,t9,0.0023393652421189,0.0138405728356281,0.9838200619222528,0.9,0.8,C,C,disagrees,disagrees
980,980,disagrees,-1.0,Global warming is a hoax.,disagrees,disagrees,disagrees,disagrees,disagrees,disagrees,disagrees,disagrees,3,4,s0,,,,1.0,1.0,C,C,disagrees,disagrees
981,981,neutral,0.375,Alarming levels of sea level rise are predicted to threaten Florida over the next decades.,neutral,agrees,agrees,neutral,neutral,neutral,neutral,agrees,3,4,s1,,,,1.0,0.95,A,A,agrees,agrees
982,982,neutral,0.0,"Over the past several years, the United States has seen an increase in business growth that has counteracted the lingering effects of the recession.",neutral,neutral,neutral,neutral,neutral,neutral,neutral,neutral,3,4,s2,,,,0.0,0.95,B,B,neither agrees nor disagrees,neither agrees nor disagrees
983,983,agrees,1.0,Global warming is happening and it will be dangerous to human health and welfare.,agrees,agrees,agrees,agrees,agrees,agrees,agrees,agrees,3,4,s3,,,,1.0,0.95,A,A,agrees,agrees
984,984,neutral,0.0,Some icebergs are cute.,neutral,neutral,neutral,neutral,neutral,neutral,neutral,neutral,3,4,s4,,,,0.2,0.95,B,B,neither agrees nor disagrees,neither agrees nor disagrees
985,985,agrees,0.75,"The Trump Administration rejects science, ignores the reality of climate change, and pursues policies that are directly leading to more carbon emissions and a major exacerbation of the crisis.",agrees,agrees,agrees,agrees,agrees,disagrees,agrees,agrees,3,4,t0,0.0231154713589941,0.973820457542293,0.0030640710987129,1.0,0.95,A,A,agrees,agrees
986,986,disagrees,-1.0,The human impact on the atmosphere is just too small to have a major effect on global temperatures.,disagrees,disagrees,disagrees,disagrees,disagrees,disagrees,disagrees,disagrees,3,4,t1,0.9975571830421324,0.0011401802594479,0.0013026366984197,0.9,0.9,C,C,disagrees,disagrees
987,987,neutral,-0.125,Devout Americans are generally less likely to be concerned about global warming than their nonreligious peers.,neutral,neutral,neutral,neutral,neutral,disagrees,neutral,neutral,3,4,t10,0.0008741457134898,0.0012446054898538,0.9978812487966564,0.9,0.8,B,C,disagrees,neither agrees nor disagrees
988,988,neutral,0.0,The margins around Antarctica experience surface melting today .,neutral,neutral,neutral,neutral,neutral,neutral,neutral,neutral,3,4,t11,0.0035386636170479,0.4142573761387008,0.5822039602442514,0.9,0.8,B,A,agrees,neither agrees nor disagrees
989,989,neutral,0.0,The United States is committed to cutting its carbon footprint.,neutral,neutral,neutral,neutral,neutral,neutral,neutral,neutral,3,4,t12,0.0008638931248324,0.0012022947512835,0.997933812123884,0.8,0.8,A,A,agrees,agrees
990,990,agrees,0.75,Hurricane surges are more likely caused by global warming.,agrees,agrees,agrees,neutral,agrees,agrees,agrees,neutral,3,4,t13,0.1447378037094943,0.0039992429864653,0.8512629533040402,0.9,0.9,A,A,agrees,agrees
991,991,neutral,0.25,The planet’s remaining fossil fuels must be kept in the ground.,neutral,neutral,neutral,agrees,neutral,neutral,neutral,agrees,3,4,t14,0.0009642617841033,0.9975634458959068,0.0014722923199899,1.0,0.9,A,A,agrees,agrees
992,992,agrees,1.0,Global warming spells bad news for polar bears and other creatures that depend on Arctic sea ice.,agrees,agrees,agrees,agrees,agrees,agrees,agrees,agrees,3,4,t15,0.0227368071108285,0.9742653932047092,0.0029977996844623,1.0,0.95,A,A,agrees,agrees
993,993,neutral,0.125,"Do we really want to open up billions of barrels of high-carbon fuel in Alberta, and put in the infrastructure that will be here for 50 years to access that resource, and let it out into the global market.",neutral,neutral,neutral,agrees,neutral,neutral,neutral,neutral,3,4,t16,0.0008531927887426,0.0011896044519964,0.9979572027592608,0.9,0.9,A,A,agrees,agrees
994,994,disagrees,-1.0,"The human impact on the climate is small, future climate conditions can not be predicted, and the effects of modest global warming are more likely to be positive than negative.",disagrees,disagrees,disagrees,disagrees,disagrees,disagrees,disagrees,disagrees,3,4,t17,0.0009515204012106,0.997565690456984,0.0014827891418054,0.9,0.9,C,C,disagrees,disagrees
995,995,neutral,0.0,I was surprised to learn that shortage of good climate scientists is a global problem.,neutral,neutral,neutral,neutral,neutral,neutral,neutral,neutral,3,4,t18,0.0219289386553396,0.0026420406411252,0.9754290207035352,0.75,0.8,B,B,neither agrees nor disagrees,neither agrees nor disagrees
996,996,neutral,0.25,"If Brazil returned to its past rates of deforestation, that would be a real hit on global emissions.",agrees,neutral,neutral,agrees,neutral,neutral,neutral,neutral,3,4,t19,0.0008334324430614,0.0011502697633819,0.9980162977935566,0.9,0.8,A,A,agrees,agrees
997,997,neutral,0.0,The fossil fuel industry may be emitting twice as much methane as previously thought.,neutral,neutral,neutral,neutral,neutral,neutral,neutral,neutral,3,4,t2,0.0008437837202926,0.0011828453469411,0.9979733709327662,0.9,0.8,A,A,agrees,agrees
998,998,agrees,1.0,"We can avoid the worst consequences of global warming--more intense droughts, more frequent heat waves, rising sea levels--if we start cutting emissions from cars, power plants and other activity now.",agrees,agrees,agrees,agrees,agrees,agrees,agrees,agrees,3,4,t20,0.0029525192242554,0.8669068329748919,0.1301406478008526,1.0,0.9,A,A,agrees,agrees
999,999,neutral,0.0,The impact of global warming is headed straight for your freezer.,agrees,neutral,neutral,disagrees,neutral,neutral,neutral,neutral,3,4,t21,0.002877861913978,0.1257513361993238,0.871370801886698,0.9,0.8,A,A,agrees,agrees
1000,1000,agrees,0.375,That global warming constitutes a fraud is a hoot.,disagrees,neutral,agrees,agrees,agrees,disagrees,agrees,agrees,3,4,t22,0.0009517830339697,0.9976157009955744,0.0014325159704556,1.0,0.95,C,C,disagrees,disagrees
1001,1001,agrees,0.75,The difference in the sea level rise of the rate of warming between 1.5 and 2 degrees [ celsius ] would literally be life or death for them.,neutral,agrees,agrees,agrees,agrees,agrees,neutral,agrees,3,4,t23,0.0018312790458938,0.0207455158901807,0.9774232050639252,1.0,0.95,A,A,agrees,agrees
1002,1002,agrees,0.625,Humans are exacerbating global climate change.,agrees,agrees,agrees,agrees,agrees,disagrees,neutral,agrees,3,4,t24,0.9975811002141112,0.0011229860802891,0.0012959137055995,1.0,0.95,A,A,agrees,agrees
1003,1003,agrees,0.625,Dealing with global warming is an international responsibility.,agrees,neutral,agrees,neutral,agrees,agrees,neutral,agrees,3,4,t25,0.0009048233025916,0.0012410730589116,0.9978541036384968,1.0,0.9,A,A,agrees,agrees
1004,1004,neutral,0.125,"On a global basis, Professor Holloway notes, 1 in 8 deaths each year are caused by air pollution.",neutral,neutral,neutral,neutral,neutral,agrees,neutral,neutral,3,4,t26,0.0028767076095071,0.1121489346721936,0.884974357718299,1.0,0.8,B,A,agrees,neither agrees nor disagrees
1005,1005,disagrees,-0.875,Not often a scientist is prepared to call bull on the way the left-wing press routinely hypes up global warming scares.,disagrees,disagrees,disagrees,neutral,disagrees,disagrees,disagrees,disagrees,3,4,t27,0.000959037649736,0.9975879896671368,0.001452972683127,0.9,0.9,C,C,disagrees,disagrees
1006,1006,neutral,-0.125,The magnitude of the dryness is well beyond what global warming would be able to do so far.,agrees,disagrees,disagrees,neutral,neutral,disagrees,agrees,neutral,3,4,t28,0.0295323496554338,0.0543952190674297,0.9160724312771364,0.8,0.8,C,C,disagrees,disagrees
1007,1007,neutral,0.0,A nuclear war could plunge the world into a deadly ice age.,neutral,neutral,neutral,neutral,neutral,neutral,neutral,neutral,3,4,t29,0.1576275324865702,0.761355838554855,0.0810166289585748,1.0,0.9,B,B,neither agrees nor disagrees,neither agrees nor disagrees
1008,1008,neutral,0.5,This is an area of the world where temperatures are rising very rapidly and the ice shelves are responding.,agrees,neutral,neutral,agrees,neutral,agrees,neutral,agrees,3,4,t3,0.002997196155374,0.8409200237821934,0.1560827800624325,0.9,0.8,A,A,agrees,agrees
1009,1009,neutral,0.0,Last ice age is so cold that even Antarctica&apos;s emperor penguins had trouble with the chill.,neutral,neutral,neutral,neutral,neutral,neutral,neutral,neutral,3,4,t30,0.0332322967002341,0.9116704670677692,0.0550972362319964,0.2,0.9,B,B,neither agrees nor disagrees,neither agrees nor disagrees
1010,1010,neutral,0.0,People in India and Latin America more worried about global warming than those in developed nations.,neutral,neutral,neutral,neutral,neutral,neutral,neutral,neutral,3,4,t31,0.0033779825435193,0.7129988837331062,0.2836231337233744,0.75,0.8,B,B,neither agrees nor disagrees,neither agrees nor disagrees
1011,1011,neutral,0.125,Among the clearest: Sea surface temperatures are higher.,neutral,neutral,neutral,neutral,neutral,agrees,neutral,neutral,3,4,t32,0.001891855457465,0.0236948664914402,0.9744132780510948,0.9,0.8,A,A,agrees,agrees
1012,1012,agrees,0.75,Global warming is caused mostly by human carbon emissions.,agrees,agrees,neutral,agrees,agrees,agrees,neutral,agrees,3,4,t33,0.9783129765406569,0.0022306827540504,0.0194563407052927,0.9,0.9,A,A,agrees,agrees
1013,1013,agrees,1.0,We must address global warming by weaning our state off of fossil fuels.,agrees,agrees,agrees,agrees,agrees,agrees,agrees,agrees,3,4,t34,0.4060440187859062,0.208544579688948,0.3854114015251458,1.0,0.95,A,A,agrees,agrees
1014,1014,neutral,0.0,There is a pause in global climate change between the years 1995 and 2010.,neutral,neutral,neutral,neutral,neutral,neutral,neutral,neutral,3,4,t35,0.0008279140596043,0.0012001200553868,0.9979719658850088,0.75,0.7,C,B,neither agrees nor disagrees,disagrees
1015,1015,agrees,0.625,"We are seeing more extremes: more substantial droughts, followed by substantial floods.",neutral,agrees,neutral,agrees,agrees,agrees,agrees,neutral,3,4,t36,0.0008844477955569,0.001236684593828,0.9978788676106152,0.9,0.85,A,A,agrees,agrees
1016,1016,agrees,1.0,"Because of a warming climate, we could see more of these wetter atmospheric events that drench the ground, sparking floods and mudslides.",agrees,agrees,agrees,agrees,agrees,agrees,agrees,agrees,3,4,t37,0.0008371448213912,0.0011878979010401,0.9979749572775686,1.0,0.9,A,A,agrees,agrees
1017,1017,neutral,0.0,"Plants absorb carbon dioxide, a major greenhouse gas, as part of photosynthesis.",neutral,neutral,neutral,neutral,neutral,neutral,neutral,neutral,3,4,t38,0.0018094744968961,0.0231165671471633,0.9750739583559404,1.0,0.8,B,B,neither agrees nor disagrees,neither agrees nor disagrees
1018,1018,neutral,0.0,"So, ironically you might have some really cold days in the Midwest despite global warming.",neutral,disagrees,neutral,agrees,neutral,neutral,neutral,neutral,3,4,t39,0.0031212264496544,0.8184958250767107,0.1783829484736347,0.8,0.8,B,B,neither agrees nor disagrees,neither agrees nor disagrees
1019,1019,neutral,0.0,"Following intense melt episodes, the ice melt can pond in crevasses and form lakes that destabilize ice shelves in a process.",neutral,neutral,neutral,neutral,neutral,neutral,neutral,neutral,3,4,t4,0.0009978816798309,0.9974684848919204,0.0015336334282485,0.9,0.8,B,A,agrees,neither agrees nor disagrees
1020,1020,neutral,-0.25,The IPCC is taking a huge credibility hit over the hiatus and its pronouncement that it is 95 percent certain that human activity is responsible for most global warming.,neutral,neutral,neutral,neutral,disagrees,disagrees,neutral,neutral,3,4,t5,0.0008484415157758,0.001160498195819,0.9979910602884052,0.9,0.8,C,A,agrees,disagrees
1021,1021,agrees,1.0,Such problems will be vastly worse if global temperatures continue to rise.,agrees,agrees,agrees,agrees,agrees,agrees,agrees,agrees,3,4,t6,0.0034717370632486,0.6281000701355529,0.3684281928011984,0.9,0.9,A,A,agrees,agrees
1022,1022,agrees,0.75,"If you've been hearing that extreme cold spells, like the one we're having in the United States now, disproves global warming, don't believe it.",agrees,agrees,agrees,agrees,agrees,disagrees,agrees,agrees,3,4,t7,0.0009553571527373,0.997583071528378,0.0014615713188846,0.9,0.9,A,A,agrees,agrees
1023,1023,neutral,0.0,Pricing carbon obviously adds a cost to our production and our products.,neutral,neutral,neutral,neutral,neutral,neutral,neutral,neutral,3,4,t8,0.0008866579674571,0.0012109287139027,0.9979024133186402,0.5,0.9,B,B,neither agrees nor disagrees,neither agrees nor disagrees
1024,1024,agrees,1.0,I agree with the consensus view that combustion of fossil fuels is a leading cause for increased concentrations of greenhouse gases in the atmosphere.,agrees,agrees,agrees,agrees,agrees,agrees,agrees,agrees,3,4,t9,0.0617748420116838,0.0323683655587473,0.9058567924295688,0.9,0.9,A,A,agrees,agrees
1025,1025,disagrees,-1.0,Global warming is a hoax.,disagrees,disagrees,disagrees,disagrees,disagrees,disagrees,disagrees,disagrees,3,5,s0,,,,1.0,1.0,C,C,disagrees,disagrees
1026,1026,agrees,0.625,Alarming levels of sea level rise are predicted to threaten Florida over the next decades.,agrees,agrees,neutral,neutral,neutral,agrees,agrees,agrees,3,5,s1,,,,1.0,0.95,A,A,agrees,agrees
1027,1027,neutral,-0.125,"Over the past several years, the United States has seen an increase in business growth that has counteracted the lingering effects of the recession.",neutral,neutral,neutral,disagrees,neutral,neutral,neutral,neutral,3,5,s2,,,,0.0,0.95,B,B,neither agrees nor disagrees,neither agrees nor disagrees
1028,1028,agrees,1.0,Global warming is happening and it will be dangerous to human health and welfare.,agrees,agrees,agrees,agrees,agrees,agrees,agrees,agrees,3,5,s3,,,,1.0,1.0,A,A,agrees,agrees
1029,1029,neutral,0.0,Some icebergs are cute.,neutral,neutral,neutral,neutral,neutral,neutral,neutral,neutral,3,5,s4,,,,0.2,0.95,B,B,neither agrees nor disagrees,neither agrees nor disagrees
1030,1030,neutral,-0.375,Global temperatures had not risen in the past decade.,neutral,neutral,neutral,neutral,neutral,disagrees,disagrees,disagrees,3,5,t0,0.3863145346440954,0.0041872921867788,0.6094981731691257,0.8,0.8,C,C,disagrees,disagrees
1031,1031,neutral,0.125,Most Americans are somewhat or very interested in global warming.,agrees,neutral,neutral,neutral,neutral,neutral,neutral,neutral,3,5,t1,0.001723318093005,0.0127189446966848,0.98555773721031,0.5,0.8,B,B,neither agrees nor disagrees,neither agrees nor disagrees
1032,1032,neutral,0.125,"Coastlines around the world hold enormous ecological value, both as habitats for species that can live nowhere else and as a buffer for surging seas during storm events.",agrees,neutral,neutral,neutral,neutral,neutral,neutral,neutral,3,5,t10,0.0038185629784414,0.6858967730197346,0.310284664001824,0.75,0.9,B,B,neither agrees nor disagrees,neither agrees nor disagrees
1033,1033,neutral,0.0,Climate change may or may not bear responsibility for the flood on last night.,neutral,neutral,neutral,neutral,neutral,neutral,neutral,neutral,3,5,t11,0.4679428405744973,0.0042185214154982,0.5278386380100045,0.5,0.8,B,B,neither agrees nor disagrees,neither agrees nor disagrees
1034,1034,disagrees,-0.75,"Global warming effects will never occur, the lowest rate since 2000.",neutral,neutral,disagrees,disagrees,disagrees,disagrees,disagrees,disagrees,3,5,t12,0.0783011381495857,0.0698533869940775,0.8518454748563367,1.0,0.95,C,C,disagrees,disagrees
1035,1035,disagrees,-0.5,Bringing up climate change derails discussions of community-based solutions for problems like flooding and the resulting problems of transportation and public health.,disagrees,neutral,neutral,disagrees,disagrees,neutral,neutral,disagrees,3,5,t13,0.999291231980964,0.0004155620371127,0.0002932059819233,0.8,0.8,B,B,neither agrees nor disagrees,neither agrees nor disagrees
1036,1036,neutral,0.125,A global reduction in HFCs could prevent 0.5 degrees Celsius in warming over the next century.,neutral,neutral,neutral,neutral,neutral,agrees,neutral,neutral,3,5,t14,0.0651691934906334,0.0030546567779119,0.9317761497314544,1.0,0.8,A,A,agrees,agrees
1037,1037,neutral,0.0,Fewer than half of Americans believe human activity is responsible for most global warming.,neutral,neutral,neutral,neutral,neutral,neutral,neutral,neutral,3,5,t15,0.6075769986517691,0.0040734466303784,0.3883495547178525,0.8,0.8,B,C,disagrees,neither agrees nor disagrees
1038,1038,agrees,0.5,"As a result of our past, present, and expected future emissions of carbon dioxide, we are committed to climate change and effects will persist for many centuries even if emissions of carbon dioxide stop.",disagrees,agrees,agrees,neutral,neutral,agrees,agrees,agrees,3,5,t16,0.2439319196551911,0.0040364750631492,0.7520316052816596,1.0,0.95,A,A,agrees,agrees
1039,1039,neutral,0.375,Thousands more homes are damaged by Florence because of rising seas.,agrees,neutral,neutral,agrees,neutral,neutral,agrees,neutral,3,5,t17,0.0024331367076737,0.0431438374151954,0.9544230258771308,1.0,0.9,A,A,agrees,agrees
1040,1040,neutral,0.0,Hundreds of government scientists have perceived or personally experienced pressure from the Bush administration to eliminate phrases such as “climate change” and “global warming” from their reports and public statements.,neutral,neutral,neutral,neutral,neutral,neutral,neutral,neutral,3,5,t18,0.0017324038898114,0.0128115496103371,0.9854560464998512,1.0,0.9,A,A,agrees,agrees
1041,1041,neutral,0.25,Carbon trading actually delays the crucial process of big polluters reducing their emissions.,neutral,neutral,neutral,agrees,neutral,neutral,agrees,neutral,3,5,t19,0.000855888241792,0.0009888888404853,0.9981552229177226,0.8,0.8,A,A,agrees,agrees
1042,1042,agrees,0.625,"Just to give you one last quick example, scientists have documented already the deep oceans are warming, the glaciers are melting.",agrees,agrees,neutral,agrees,neutral,agrees,neutral,agrees,3,5,t2,0.9811360741302584,0.0014722838102615,0.01739164205948,0.9,0.9,A,A,agrees,agrees
1043,1043,agrees,1.0,The powerful of the world ignore the immense devastation wrought by pollution in favor of an ideologically driven crusade against global warming.,agrees,agrees,agrees,agrees,agrees,agrees,agrees,agrees,3,5,t20,0.7078492211381403,0.0038462741069813,0.2883045047548784,0.9,0.8,C,A,agrees,disagrees
1044,1044,neutral,0.25,A study recently that concludes children are detrimental to the environment because they contribute to global warming.,agrees,neutral,agrees,neutral,neutral,neutral,agrees,disagrees,3,5,t21,0.0019008683424132,0.0163018649054008,0.981797266752186,0.9,0.8,A,C,disagrees,agrees
1045,1045,neutral,0.125,The United States ratified the United Nations Framework Convention on Climate Change and participates actively in global climate diplomacy.,neutral,neutral,neutral,neutral,neutral,agrees,neutral,neutral,3,5,t22,0.0008540688692211,0.0010270582759051,0.9981188728548736,1.0,0.8,B,A,agrees,neither agrees nor disagrees
1046,1046,neutral,0.25,Australia would have been better off keeping the ill-fated carbon pricing scheme introduced by the Gillard government in 2010.,disagrees,neutral,neutral,agrees,neutral,agrees,neutral,agrees,3,5,t23,0.0285045249954428,0.7657186167153196,0.2057768582892374,0.8,0.9,A,B,neither agrees nor disagrees,agrees
1047,1047,disagrees,-0.5,"If we allow the Environmental Protection Agency to ignore the will of Congress and move forward with the Environmental Protection Agency global warming regulatory agenda, I believe this economic hole will only crater further.",neutral,agrees,disagrees,disagrees,disagrees,neutral,disagrees,disagrees,3,5,t24,0.0041429548568276,0.3784104579882071,0.6174465871549654,1.0,0.8,C,C,disagrees,disagrees
1048,1048,neutral,0.125,"The global sea level rise is caused by two main factors: water expanding as it warms, and large-scale melting of glaciers and polar ice caps.",neutral,neutral,neutral,neutral,neutral,agrees,neutral,neutral,3,5,t25,0.0008923417129632,0.0010315425729786,0.998076115714058,1.0,0.9,A,A,agrees,agrees
1049,1049,agrees,0.625,But a global threat warrants a global response.,neutral,neutral,agrees,agrees,neutral,agrees,agrees,agrees,3,5,t26,0.0038035320817972,0.2389917153779919,0.7572047525402108,0.8,0.8,A,A,agrees,agrees
1050,1050,neutral,0.0,"Antarctica is not currently contributing to sea level rise, but is taking 0.23 millimeters per year away.",agrees,neutral,neutral,neutral,neutral,neutral,neutral,disagrees,3,5,t27,0.0006349497790524,0.9988333117941756,0.0005317384267718,1.0,0.8,B,B,neither agrees nor disagrees,neither agrees nor disagrees
1051,1051,agrees,0.875,Human emissions of greenhouse gasses essentially control the future of surface melting in Antarctica.,agrees,agrees,neutral,agrees,agrees,agrees,agrees,agrees,3,5,t28,0.0950793129736336,0.3743831418288045,0.5305375451975617,1.0,0.9,A,A,agrees,agrees
1052,1052,agrees,0.875,Climate change is a global catastrophe that’s unfolding before our very eyes in slow motion.,agrees,neutral,agrees,agrees,agrees,agrees,agrees,agrees,3,5,t29,0.0018150808570824,0.0160897070575927,0.9820952120853246,1.0,1.0,A,A,agrees,agrees
1053,1053,neutral,-0.375,More clarity is needed on what the targets really mean for global warming.,neutral,neutral,disagrees,neutral,disagrees,neutral,neutral,disagrees,3,5,t3,0.0319639362775175,0.46609172380154,0.5019443399209423,0.75,0.8,B,B,neither agrees nor disagrees,neither agrees nor disagrees
1054,1054,disagrees,-1.0,Global warming alarmists are the equivalent of the flat-Earthers.,disagrees,disagrees,disagrees,disagrees,disagrees,disagrees,disagrees,disagrees,3,5,t30,0.953390618247426,0.0121915472439723,0.0344178345086016,1.0,0.95,C,C,disagrees,disagrees
1055,1055,agrees,1.0,"If we reach a certain point in the warming the warming, what we’ll end up with is a vicious cycle, where the warming causes additional permafrost melt, which causes additional CO2 to be released to the atmosphere, which causes additional warming, which creates this vicious cycle.",agrees,agrees,agrees,agrees,agrees,agrees,agrees,agrees,3,5,t31,0.0018586069306043,0.01577944383557,0.9823619492338256,1.0,0.9,A,A,agrees,agrees
1056,1056,disagrees,-0.375,"In fact, the earth has been warming very gradually for 300 years, since the Little Ice Age ended, and that is long before heavy use of fossil fuels.",agrees,agrees,disagrees,disagrees,disagrees,neutral,disagrees,disagrees,3,5,t32,0.003106924337712,0.8546972678048933,0.1421958078573946,0.8,0.8,C,B,neither agrees nor disagrees,disagrees
1057,1057,disagrees,-0.375,Then there’s the evidence that higher concentrations of carbon dioxide (which is a plant food after all) are actually greening the planet and helping to lift agricultural yields.,agrees,neutral,neutral,disagrees,disagrees,neutral,disagrees,disagrees,3,5,t33,0.0661249249619009,0.0231759015068422,0.9106991735312568,0.9,0.8,C,C,disagrees,disagrees
1058,1058,disagrees,-0.75,"There are a ""tremendous number of factors"" influencing global climate, and outlandish predictions almost always turn out to be false.",disagrees,neutral,disagrees,disagrees,disagrees,neutral,disagrees,disagrees,3,5,t34,0.0016784570771539,0.9827110154038428,0.0156105275190031,0.8,0.8,C,C,disagrees,disagrees
1059,1059,agrees,0.75,Even minor increases in sea level could have severe consequences around the world.,agrees,neutral,neutral,agrees,agrees,agrees,agrees,agrees,3,5,t35,0.0012190391377782,0.9936713682387992,0.0051095926234229,0.9,0.9,A,A,agrees,agrees
1060,1060,disagrees,-0.875,Human impact on the global climate is small.,disagrees,disagrees,neutral,disagrees,disagrees,disagrees,disagrees,disagrees,3,5,t36,0.999290393459107,0.0004227839524476,0.0002868225884453,0.9,0.9,C,C,disagrees,disagrees
1061,1061,agrees,0.875,Global warming is under way.,agrees,neutral,agrees,agrees,agrees,agrees,agrees,agrees,3,5,t37,0.0006330415109327,0.9988311152449691,0.0005358432440981,1.0,0.8,A,A,agrees,agrees
1062,1062,neutral,0.375,"Pruitt didn't believe carbon dioxide is a ""primary contributor"" to climate change — also recently tried and failed to delay an Obama-era rule on monitoring methane leaks.",agrees,agrees,neutral,neutral,neutral,agrees,neutral,neutral,3,5,t38,0.9505758460605256,0.0377843648466832,0.0116397890927912,0.9,0.9,C,A,agrees,disagrees
1063,1063,agrees,0.625,"Even if we manage to keep the rise in global temperatures to 2C, major climatic events such as heatwaves will continue to have unprecedented effects on our environment.",agrees,neutral,agrees,agrees,agrees,agrees,disagrees,agrees,3,5,t39,0.8545786798521278,0.0223430639390033,0.1230782562088688,1.0,0.95,A,A,agrees,agrees
1064,1064,neutral,0.0,Carbon emissions did not peak in 2014 and are set to rise until 2030.,neutral,neutral,neutral,neutral,neutral,neutral,agrees,disagrees,3,5,t4,0.977856002458272,0.0015741435520141,0.0205698539897135,1.0,0.8,A,C,disagrees,agrees
1065,1065,disagrees,-1.0,Temperature readings from the Arctic and Antarctic used to estimate the effects of global warming are nothing more than guesswork.,disagrees,disagrees,disagrees,disagrees,disagrees,disagrees,disagrees,disagrees,3,5,t5,0.0022203746877968,0.9542535878502167,0.0435260374619864,0.8,0.9,C,C,disagrees,disagrees
1066,1066,neutral,-0.125,We should have unbiased studies that examine ALL of the data to determine whether global warming is myth or reality.,neutral,neutral,neutral,disagrees,neutral,neutral,neutral,neutral,3,5,t6,0.9884292486373176,0.0012713885293897,0.0102993628332924,1.0,0.8,B,C,disagrees,neither agrees nor disagrees
1067,1067,disagrees,-0.5,Sea levels have not risen by as much as previously predicted.,disagrees,neutral,disagrees,neutral,neutral,neutral,disagrees,disagrees,3,5,t7,0.001216521684163,0.993694063579196,0.0050894147366407,0.8,0.7,C,B,neither agrees nor disagrees,disagrees
1068,1068,neutral,-0.25,To strip its $3.5 billion endowment fund of fossil fuel investments would needlessly cost the school money.,neutral,neutral,neutral,neutral,disagrees,neutral,neutral,disagrees,3,5,t8,0.0031977863372645,0.1319284991699088,0.8648737144928267,0.8,0.8,B,C,disagrees,neither agrees nor disagrees
1069,1069,neutral,0.125,Methane can be much easier and less expensive to contain than carbon dioxide emissions.,neutral,neutral,neutral,neutral,neutral,neutral,agrees,neutral,3,5,t9,0.048939047933939,0.9410660174544077,0.0099949346116534,0.2,0.8,B,B,neither agrees nor disagrees,neither agrees nor disagrees
1070,1070,disagrees,-1.0,Global warming is a hoax.,disagrees,disagrees,disagrees,disagrees,disagrees,disagrees,disagrees,disagrees,3,6,s0,,,,1.0,1.0,C,C,disagrees,disagrees
1071,1071,neutral,0.375,Alarming levels of sea level rise are predicted to threaten Florida over the next decades.,neutral,neutral,agrees,neutral,neutral,neutral,agrees,agrees,3,6,s1,,,,1.0,0.95,A,A,agrees,agrees
1072,1072,neutral,0.125,"Over the past several years, the United States has seen an increase in business growth that has counteracted the lingering effects of the recession.",neutral,neutral,neutral,neutral,neutral,agrees,neutral,neutral,3,6,s2,,,,0.1,1.0,B,B,neither agrees nor disagrees,neither agrees nor disagrees
1073,1073,agrees,0.875,Global warming is happening and it will be dangerous to human health and welfare.,agrees,agrees,agrees,agrees,agrees,neutral,agrees,agrees,3,6,s3,,,,1.0,0.95,A,A,agrees,agrees
1074,1074,neutral,0.0,Some icebergs are cute.,neutral,neutral,neutral,neutral,neutral,neutral,neutral,neutral,3,6,s4,,,,0.0,0.95,B,B,neither agrees nor disagrees,neither agrees nor disagrees
1075,1075,neutral,0.0,Fossil fuel methane emissions are greater than what we previously thought.,neutral,neutral,neutral,neutral,neutral,neutral,neutral,neutral,3,6,t0,0.0005540245764071,0.0007749779535391,0.9986709974700536,0.9,0.8,A,A,agrees,agrees
1076,1076,disagrees,-0.5,The e-mail messages showed scientists using faulty data to support the notion of manmade global warming.,disagrees,disagrees,disagrees,agrees,neutral,neutral,disagrees,disagrees,3,6,t1,0.9410323133229176,0.008359342385482,0.0506083442916004,0.9,0.9,C,C,disagrees,disagrees
1077,1077,neutral,-0.375,The real Arctic environmental worries are oil spills and similar disasters.,neutral,neutral,neutral,disagrees,neutral,neutral,disagrees,disagrees,3,6,t10,0.0005574023100267,0.9987829767242894,0.0006596209656839,0.85,0.7,C,B,neither agrees nor disagrees,disagrees
1078,1078,agrees,0.75,"Brussels survived this week’s terrorist attacks, but it may not survive climate change (much of the city is less than 100 feet above sea level).",agrees,agrees,agrees,neutral,neutral,agrees,agrees,agrees,3,6,t11,0.8323661912353291,0.0525833803353994,0.1150504284292716,1.0,0.9,A,A,agrees,agrees
1079,1079,disagrees,-0.875,There has been no increase in global temperature for 18 years.,disagrees,disagrees,disagrees,disagrees,neutral,disagrees,disagrees,disagrees,3,6,t12,0.0005480153794299,0.9988317667868492,0.0006202178337209,0.8,0.9,C,C,disagrees,disagrees
1080,1080,neutral,0.125,We need to get rid of fossil fuel subsidies now.,neutral,agrees,neutral,disagrees,neutral,neutral,agrees,neutral,3,6,t13,0.0033479921989181,0.483227232515457,0.5134247752856249,1.0,0.85,A,A,agrees,agrees
1081,1081,neutral,0.25,"There is a coming transition from fossil fuels to renewables, but are reluctant to speak about it because it’s tied to climate change.",neutral,neutral,neutral,disagrees,neutral,agrees,agrees,agrees,3,6,t14,0.002704658198267,0.8334949262229976,0.1638004155787353,0.8,0.8,B,A,agrees,neither agrees nor disagrees
1082,1082,neutral,0.25,It’s important to keep in mind that there are natural short-term variations in global temperature that happen right alongside human-induced warming.,agrees,neutral,neutral,agrees,neutral,neutral,agrees,disagrees,3,6,t15,0.956677873649786,0.0024716599891013,0.0408504663611125,0.75,0.8,B,B,neither agrees nor disagrees,neither agrees nor disagrees
1083,1083,neutral,0.125,"Old forests are particularly successful as carbon sinks, with those in the Pacific Northwest, Canada, and Russia taking in up to 0.4 gigatons of carbon annually.",neutral,neutral,neutral,neutral,neutral,agrees,neutral,neutral,3,6,t16,0.0118690756873788,0.9866947036223456,0.0014362206902757,0.8,0.9,B,A,agrees,neither agrees nor disagrees
1084,1084,agrees,0.625,"The disputed ""climate hiatus"", the period in which global surface air temperatures had risen more slowly than models had predicted, is over, with the last three years each being the hottest on record at the time.",agrees,agrees,neutral,agrees,agrees,disagrees,agrees,agrees,3,6,t17,0.99876470742025,0.000680657256898,0.000554635322852,1.0,0.9,A,A,agrees,agrees
1085,1085,disagrees,-0.75,Global Warming is a theory and should be taught as such in our schools.,disagrees,disagrees,neutral,neutral,disagrees,disagrees,disagrees,disagrees,3,6,t18,0.2308749358714488,0.0039985608562489,0.7651265032723022,1.0,0.8,C,C,disagrees,disagrees
1086,1086,disagrees,-1.0,"Global warming is pure crap, a punchline to punctuate the occasional warm day in January.",disagrees,disagrees,disagrees,disagrees,disagrees,disagrees,disagrees,disagrees,3,6,t19,0.0014851435809934,0.9788345779767788,0.0196802784422275,1.0,1.0,C,C,disagrees,disagrees
1087,1087,agrees,1.0,"As climate change contributes to rising sea levels and extreme weather, at least one in four people will live in a country with chronic or recurring shortages of fresh water by 2050.",agrees,agrees,agrees,agrees,agrees,agrees,agrees,agrees,3,6,t2,0.9907083359986422,0.0014837368860537,0.0078079271153042,0.9,0.95,A,A,agrees,agrees
1088,1088,agrees,0.625,The challenge moving forward will be getting countries to more deeply cut their carbon pollution.,agrees,neutral,agrees,agrees,agrees,neutral,agrees,neutral,3,6,t20,0.0086288970427063,0.1574871659399955,0.833883937017298,0.9,0.9,A,A,agrees,agrees
1089,1089,neutral,0.125,"It's a bit of a chicken-egg thing: we have less ice because it’s warm, but it’s really warm, so we have less ice.",agrees,neutral,neutral,agrees,neutral,neutral,disagrees,neutral,3,6,t21,0.0108804600439549,0.3586484351395058,0.6304711048165391,0.8,0.7,A,A,agrees,agrees
1090,1090,neutral,0.0,"64 percent of US adults are worried a ""great deal"" or ""fair amount"" about global warming – an eight-year high.",neutral,neutral,neutral,neutral,neutral,neutral,neutral,neutral,3,6,t22,0.0886920516632583,0.3613896642671017,0.5499182840696397,0.9,0.64,A,A,agrees,agrees
1091,1091,agrees,0.75,"Climate deniers can still call global warming a hoax when looking at hotter temperatures, dying forests and increasing wildfires.",agrees,agrees,agrees,disagrees,agrees,agrees,agrees,agrees,3,6,t23,0.001238860058385,0.0131850987399273,0.9855760412016876,1.0,0.95,A,A,agrees,agrees
1092,1092,neutral,0.375,"The meltdown results from the complex interaction of players including emissions-driven climate change, warm air and water, and shrinking ice area.",neutral,agrees,neutral,neutral,neutral,agrees,agrees,neutral,3,6,t24,0.0228539964013783,0.9329008438685404,0.0442451597300811,0.9,0.9,A,A,agrees,agrees
1093,1093,disagrees,-0.625,"Global warming has ceased and that if carbon dioxide in the atmosphere are doubled, then plants would love it.",disagrees,disagrees,disagrees,agrees,neutral,disagrees,disagrees,disagrees,3,6,t25,0.9454062594583974,0.0027230097014381,0.0518707308401644,0.9,0.9,C,C,disagrees,disagrees
1094,1094,agrees,0.25,"State-of-the-art global climate models do not capture this characteristic of hydroclimate variability, suggesting that the models underestimate the risk of future persistent droughts.",agrees,agrees,neutral,disagrees,neutral,disagrees,agrees,agrees,3,6,t26,0.9987823063620136,0.0006687268917192,0.0005489667462672,0.9,0.2,B,A,agrees,neither agrees nor disagrees
1095,1095,neutral,0.125,China passed the United States in 2007 as the world’s largest emitter of carbon dioxide.,neutral,neutral,neutral,agrees,neutral,neutral,neutral,neutral,3,6,t27,0.0030528932127789,0.6979711755923897,0.2989759311948314,1.0,0.9,B,A,agrees,neither agrees nor disagrees
1096,1096,agrees,0.75,Somewhere between 90% and 100% of active climate scientists agree that global warming is real and human-caused.,neutral,neutral,agrees,agrees,agrees,agrees,agrees,agrees,3,6,t28,0.0495886873880342,0.1302763629441758,0.8201349496677899,1.0,0.95,A,A,agrees,agrees
1097,1097,neutral,-0.25,We will not be imposing a carbon tax and we will not be imposing an emissions trading scheme.,neutral,disagrees,neutral,neutral,neutral,neutral,disagrees,neutral,3,6,t29,0.0005515308196422,0.0007964446443645,0.9986520245359932,1.0,0.8,B,B,neither agrees nor disagrees,neither agrees nor disagrees
1098,1098,disagrees,-0.25,"All that our world leaders need is a little more common sense, in order to avoid the nonsense of seeking a globally-binding treaty to reduce CO2 emissions.",disagrees,neutral,disagrees,agrees,agrees,neutral,disagrees,disagrees,3,6,t3,0.002730865042679,0.9962825270474942,0.0009866079098268,0.9,0.9,C,C,disagrees,disagrees
1099,1099,agrees,0.625,"Global warming is caused due to human activity, and only 44 percent believe it to be a “very serious problem” versus 90 percent of Brazilians, 68 percent of the French and 65 percent of the Japanese population.",agrees,neutral,neutral,agrees,neutral,agrees,agrees,agrees,3,6,t30,0.0031864855436626,0.2860853606981383,0.7107281537581991,0.8,0.44,A,A,agrees,agrees
1100,1100,disagrees,-0.25,The rising level of carbon dioxide in the earth’s atmosphere is currently net beneficial for both humanity and the biosphere generally.,disagrees,agrees,disagrees,neutral,neutral,agrees,disagrees,disagrees,3,6,t31,0.9843666611781532,0.0055574722423021,0.0100758665795448,0.95,0.9,C,C,disagrees,disagrees
1101,1101,agrees,0.875,Is increasingly necessary if the world wants to avoid the most severe repercussions of global warming.,agrees,agrees,agrees,neutral,agrees,agrees,agrees,agrees,3,6,t32,0.0551301433051842,0.8163150709210749,0.1285547857737407,1.0,0.95,A,A,agrees,agrees
1102,1102,neutral,0.375,"Fracking wells leak massive quantities of methane gas, which is eighty-six times more potent than carbon dioxide at trapping heat over a twenty-year span.",agrees,neutral,neutral,neutral,neutral,agrees,agrees,neutral,3,6,t33,0.0008659673435776,0.0033721838640614,0.9957618487923608,1.0,0.9,A,A,agrees,agrees
1103,1103,disagrees,-0.5,"If you're a believer in the Bible, one would have to say the Great Flood is an example of climate change and that certainly is n't because mankind had overdeveloped hydrocarbon energy.",disagrees,disagrees,disagrees,neutral,disagrees,neutral,disagrees,agrees,3,6,t34,0.0027167484104551,0.821022147910138,0.1762611036794069,0.85,0.8,C,B,neither agrees nor disagrees,disagrees
1104,1104,disagrees,-0.625,Climate catastrophism produces a level of obsession with reducing carbon footprints that is otherwise reserved for reducing waistlines.,disagrees,disagrees,disagrees,disagrees,agrees,disagrees,disagrees,neutral,3,6,t35,0.1367137207084049,0.0034373330423335,0.8598489462492616,0.75,0.9,C,B,neither agrees nor disagrees,disagrees
1105,1105,agrees,0.625,U.s. emissions of global warming gases will increase by 43 percent over the next eighteen years.,agrees,neutral,neutral,agrees,agrees,neutral,agrees,agrees,3,6,t36,0.0030644535549698,0.7304572708195187,0.2664782756255114,1.0,0.5,B,A,agrees,neither agrees nor disagrees
1106,1106,neutral,-0.375,You can’t run the machine called America without fossil fuels and nuclear energy or the millions of jobs this deal seeks to eliminate.,neutral,disagrees,neutral,disagrees,neutral,neutral,disagrees,neutral,3,6,t37,0.8241020193574253,0.1381687086109406,0.0377292720316339,0.9,0.8,C,C,disagrees,disagrees
1107,1107,agrees,0.625,Major dams in California are five times more likely to flood this century than the last one due to global warming.,agrees,agrees,agrees,neutral,neutral,neutral,agrees,agrees,3,6,t38,0.0008265351555215,0.99657849856194,0.0025949662825385,1.0,0.9,A,A,agrees,agrees
1108,1108,disagrees,-0.875,Global warming does not make more hurricanes.,disagrees,disagrees,disagrees,disagrees,neutral,disagrees,disagrees,disagrees,3,6,t39,0.0031960589527311,0.3479282202838386,0.6488757207634303,0.75,0.7,C,B,neither agrees nor disagrees,disagrees
1109,1109,agrees,1.0,So it is our moral responsibility to really do the maximum to mitigate the effects of carbon emissions.,agrees,agrees,agrees,agrees,agrees,agrees,agrees,agrees,3,6,t4,0.8942574836799947,0.0660676070740659,0.0396749092459394,1.0,0.9,A,A,agrees,agrees
1110,1110,neutral,0.5,"Last month had been the hottest September on record, and in fact took the biggest leap above the previous September that any month has displayed since 1880, when tracking began at a global scale.",agrees,neutral,neutral,agrees,neutral,agrees,neutral,agrees,3,6,t5,0.9338178255142752,0.020765986420536,0.0454161880651887,1.0,0.9,A,A,agrees,agrees
1111,1111,agrees,0.625,"In California alone, rising sea levels could threaten $100 billion in infrastructure and imperil half a million people.",neutral,agrees,agrees,neutral,neutral,agrees,agrees,agrees,3,6,t6,0.0030105941034196,0.7145208798517335,0.2824685260448468,1.0,0.9,A,A,agrees,agrees
1112,1112,disagrees,-0.75,Global warming has made next to no difference to Britain’s climate.,disagrees,neutral,disagrees,neutral,disagrees,disagrees,disagrees,disagrees,3,6,t7,0.1939700403942464,0.0038704866137566,0.802159472991997,0.9,0.9,C,C,disagrees,disagrees
1113,1113,agrees,0.75,"Evidence of the climate 's warming ""is unequivocal"" based on observed increases in the world's average air and ocean temperatures, the widespread melting of snow and ice and a rising global average sea level.",agrees,agrees,agrees,agrees,agrees,disagrees,agrees,agrees,3,6,t8,0.0021432515135704,0.922511316760618,0.0753454317258114,1.0,0.95,A,A,agrees,agrees
1114,1114,disagrees,-1.0,Global warming isn't happening.,disagrees,disagrees,disagrees,disagrees,disagrees,disagrees,disagrees,disagrees,3,6,t9,0.990641915432082,0.0014956620251073,0.0078624225428105,1.0,1.0,C,C,disagrees,disagrees
1115,1115,disagrees,-1.0,Global warming is a hoax.,disagrees,disagrees,disagrees,disagrees,disagrees,disagrees,disagrees,disagrees,3,7,s0,,,,1.0,1.0,C,C,disagrees,disagrees
1116,1116,agrees,0.625,Alarming levels of sea level rise are predicted to threaten Florida over the next decades.,neutral,neutral,agrees,agrees,agrees,neutral,agrees,agrees,3,7,s1,,,,0.9,0.95,A,A,agrees,agrees
1117,1117,neutral,0.0,"Over the past several years, the United States has seen an increase in business growth that has counteracted the lingering effects of the recession.",neutral,neutral,neutral,neutral,neutral,neutral,neutral,neutral,3,7,s2,,,,0.0,0.95,B,B,neither agrees nor disagrees,neither agrees nor disagrees
1118,1118,agrees,1.0,Global warming is happening and it will be dangerous to human health and welfare.,agrees,agrees,agrees,agrees,agrees,agrees,agrees,agrees,3,7,s3,,,,1.0,0.95,A,A,agrees,agrees
1119,1119,neutral,0.0,Some icebergs are cute.,neutral,neutral,neutral,neutral,neutral,neutral,neutral,neutral,3,7,s4,,,,0.2,0.95,B,B,neither agrees nor disagrees,neither agrees nor disagrees
1120,1120,neutral,0.125,"A global price on carbon is politically and economically unlikely, but individual nations have already implemented and may continue to implement such systems to meet their climate goals.",neutral,agrees,neutral,neutral,neutral,neutral,neutral,neutral,3,7,t0,0.0028813731147651,0.0540205497408805,0.9430980771443545,0.8,0.8,B,B,neither agrees nor disagrees,neither agrees nor disagrees
1121,1121,neutral,0.125,Increased revenue from a carbon tax can be used to alleviate other tax burdens.,neutral,neutral,agrees,neutral,neutral,neutral,neutral,neutral,3,7,t1,0.0029554921192899,0.0650292974629887,0.9320152104177212,0.2,0.8,B,B,neither agrees nor disagrees,neither agrees nor disagrees
1122,1122,agrees,0.75,"If global temperatures are allowed to rise to 2 degrees Celsius, “virtually all” coral reefs will be lost.",neutral,agrees,agrees,neutral,agrees,agrees,agrees,agrees,3,7,t10,0.1987338649532491,0.0049675516819076,0.7962985833648433,1.0,0.95,A,A,agrees,agrees
1123,1123,agrees,0.5,"The reality of sea level rise forced everyone to come up with a plan, including trusted local business leaders and Republican politicians.",neutral,neutral,neutral,agrees,agrees,neutral,agrees,agrees,3,7,t11,0.0005984464743982,0.998614164831336,0.0007873886942656,0.9,0.9,A,A,agrees,agrees
1124,1124,neutral,-0.375,The world will avoid global warming of more than 2C above pre-industrial levels.,neutral,neutral,disagrees,neutral,disagrees,neutral,disagrees,neutral,3,7,t12,0.0082945402216227,0.0020997172441666,0.9896057425342104,1.0,0.5,B,A,agrees,neither agrees nor disagrees
1125,1125,neutral,-0.125,Snow accumulation has dramatically increased on West Antarctica’s coastal ice sheet in the 20th century.,neutral,neutral,disagrees,neutral,neutral,neutral,neutral,neutral,3,7,t13,0.0019547755426024,0.9682296745551452,0.0298155499022525,0.8,0.8,B,B,neither agrees nor disagrees,neither agrees nor disagrees
1126,1126,agrees,0.5,"Human activity is the main cause of global warming, while the other investigation reveals widespread political interference in federal climate science here in the United States.",agrees,neutral,neutral,neutral,neutral,agrees,agrees,agrees,3,7,t14,0.000898407939349,0.0011789150667505,0.9979226769939004,0.5,0.95,A,B,neither agrees nor disagrees,agrees
1127,1127,agrees,0.375,A carbon fee would be a fantastic thing for the world.,neutral,agrees,agrees,neutral,neutral,neutral,neutral,agrees,3,7,t15,0.0022169100815953,0.956352060121834,0.0414310297965707,0.8,0.8,A,A,agrees,agrees
1128,1128,agrees,0.5,The most important outcome of the international agreement in Paris is the pressure that 200 countries agreeing to environmentally conscious practices put on global markets.,agrees,agrees,agrees,neutral,neutral,neutral,neutral,agrees,3,7,t16,0.0141178425430652,0.0025137412676137,0.9833684161893212,0.8,0.8,A,A,agrees,agrees
1129,1129,disagrees,-0.25,"This, as those familiar with the Climategate and Climategate 2 emails will recall, is very similar to what has happened to those climate scientists and journal editors who have failed to conform with the “global warming” orthodoxy: their reputations are blackened.",neutral,disagrees,disagrees,agrees,neutral,neutral,disagrees,neutral,3,7,t17,0.0141993066157049,0.0023766965655017,0.9834239968187934,0.9,0.9,C,C,disagrees,disagrees
1130,1130,agrees,0.75,"It is because of these benefits and the concerns regarding the adverse impacts that global warming will have upon the state and our environment, including desert ecosystems.",agrees,agrees,agrees,agrees,agrees,neutral,agrees,neutral,3,7,t18,0.0012199825862341,0.9919166578999776,0.0068633595137882,1.0,0.9,A,A,agrees,agrees
1131,1131,agrees,0.5,The fossil fuel industry can be part of the solution–though others say what’s needed is a more rapid transition to a clean energy economy.,neutral,agrees,agrees,neutral,agrees,neutral,neutral,agrees,3,7,t19,0.0045003200524286,0.6082208122189077,0.3872788677286637,0.5,0.8,B,B,neither agrees nor disagrees,neither agrees nor disagrees
1132,1132,neutral,-0.25,All these plants would have put hundreds of millions of tons of carbon dioxide in the atmosphere.,neutral,neutral,disagrees,disagrees,neutral,neutral,neutral,neutral,3,7,t2,0.4847028067360201,0.0053694594648783,0.5099277337991014,1.0,0.9,A,A,agrees,agrees
1133,1133,neutral,0.25,The long-term trajectory is toward low-and zero-carbon transportation.,neutral,agrees,neutral,neutral,agrees,neutral,neutral,neutral,3,7,t20,0.0688055860098212,0.0038291743066728,0.927365239683506,0.9,0.8,B,A,agrees,neither agrees nor disagrees
1134,1134,agrees,0.75,"The global population of polar bears, estimated at 26,000, will decline by 30 percent over the next 35 years due to melting Arctic ice.",neutral,agrees,agrees,agrees,neutral,agrees,agrees,agrees,3,7,t21,0.0044556350495613,0.5875051882459408,0.4080391767044977,1.0,0.9,A,A,agrees,agrees
1135,1135,neutral,-0.125,Most of their potential for catastrophic ice mass loss has already run its course.,neutral,disagrees,disagrees,neutral,agrees,neutral,neutral,neutral,3,7,t22,0.0043885787962921,0.670841830221587,0.3247695909821208,0.9,0.8,B,C,disagrees,neither agrees nor disagrees
1136,1136,agrees,0.625,"Climate change is, beyond a reasonable doubt, the result of humans releasing fossil fuels and other greenhouse gases into the atmosphere.",neutral,agrees,agrees,agrees,neutral,neutral,agrees,agrees,3,7,t23,0.0039734178265965,0.7559570686164356,0.2400695135569678,1.0,0.95,A,A,agrees,agrees
1137,1137,disagrees,-0.625,There may have been an orchestrated effort to mislead the public about the threat of global climate change.,neutral,disagrees,disagrees,disagrees,disagrees,disagrees,neutral,neutral,3,7,t24,0.7718835740723579,0.0314965942310259,0.1966198316966163,0.9,0.9,A,A,agrees,agrees
1138,1138,agrees,0.75,Global warming is going to cause more wars.,neutral,agrees,agrees,agrees,agrees,agrees,agrees,neutral,3,7,t25,0.0024204799623207,0.943019149749416,0.0545603702882634,1.0,0.9,A,B,neither agrees nor disagrees,agrees
1139,1139,neutral,0.125,Carbon dioxide is in fact a greenhouse gas.,neutral,agrees,agrees,disagrees,neutral,neutral,neutral,neutral,3,7,t26,0.0037383179515285,0.7948451974876342,0.2014164845608372,1.0,0.8,B,A,agrees,neither agrees nor disagrees
1140,1140,disagrees,-1.0,The global warming hoax is a plot to increase government control and spending.,disagrees,disagrees,disagrees,disagrees,disagrees,disagrees,disagrees,disagrees,3,7,t27,0.0035149447914638,0.1185925681514807,0.8778924870570556,1.0,1.0,C,C,disagrees,disagrees
1141,1141,agrees,0.75,The seeming durability of the ecosystem is no reason to relax about global warming.,neutral,agrees,agrees,agrees,agrees,agrees,neutral,agrees,3,7,t28,0.0010236713707645,0.9945260574048884,0.0044502712243469,0.9,0.9,A,A,agrees,agrees
1142,1142,neutral,0.375,"A real investment in getting off the fossil fuel addiction is far more likely to produce long-term, high-paying jobs than building the Keystone XL pipeline.",neutral,agrees,neutral,neutral,agrees,neutral,neutral,agrees,3,7,t29,0.41256105460176,0.0255512662343057,0.5618876791639342,0.9,0.9,A,A,agrees,agrees
1143,1143,agrees,0.875,"Basically all of the warming in the last 60 years is attributed to human activities, and carbon dioxide emissions are the top driver.",neutral,agrees,agrees,agrees,agrees,agrees,agrees,agrees,3,7,t3,0.0020796442036071,0.9669525644616423,0.0309677913347503,1.0,0.95,A,A,agrees,agrees
1144,1144,neutral,0.0,"Had Exxon continued in that role, there might not be such a cacophony of anti-climate arguments that are ongoing now because there would have been somebody at the table who came from the side of fossil fuel use and would have been shown to be a leader in terms of the science.",disagrees,disagrees,neutral,agrees,agrees,neutral,neutral,neutral,3,7,t30,0.8832359854931372,0.0034274299569895,0.1133365845498732,0.8,0.8,A,C,disagrees,agrees
1145,1145,disagrees,-0.75,"Carbon dioxide fertilizes plants, and emissions from fossil fuels have already had a hugely beneficial effect on crops, increasing yields by at least 10-15 percent.",neutral,disagrees,disagrees,disagrees,disagrees,disagrees,neutral,disagrees,3,7,t31,0.0018655799959622,0.9754521673524774,0.0226822526515603,0.9,0.8,C,C,disagrees,disagrees
1146,1146,agrees,0.375,"Global warming is the tide coming in, and El Niño is the waves.",neutral,disagrees,agrees,agrees,neutral,neutral,agrees,agrees,3,7,t32,0.0404287797098198,0.3935255937449878,0.5660456265451924,0.9,0.8,B,C,disagrees,neither agrees nor disagrees
1147,1147,agrees,0.625,The global south in particular is both more vulnerable to the effects of climate change and less equipped to deal with those effects.,neutral,agrees,agrees,agrees,neutral,neutral,agrees,agrees,3,7,t33,0.999403897324168,0.0004260119598078,0.000170090716024,0.9,0.9,A,A,agrees,agrees
1148,1148,neutral,0.125,"The effect will be to eliminate emissions that are equivalent to 400,000 metric tons of carbon dioxide a year, about the same global warming impact as 78,000 cars.",neutral,neutral,neutral,neutral,agrees,neutral,neutral,neutral,3,7,t34,0.0017856186469394,0.9771336704734028,0.0210807108796575,1.0,0.8,A,A,agrees,agrees
1149,1149,disagrees,-0.625,Global temperature had dropped in the last 10 years.,neutral,neutral,disagrees,disagrees,neutral,disagrees,disagrees,disagrees,3,7,t35,0.0046624186922341,0.4257975479415717,0.5695400333661941,0.9,0.8,C,C,disagrees,disagrees
1150,1150,neutral,-0.125,Exxonmobil has spent at least $8 million dollars funding a network of groups to challenge the existence of global warming.,neutral,neutral,agrees,neutral,neutral,disagrees,disagrees,neutral,3,7,t36,0.1603313172360654,0.0961791958994287,0.7434894868645058,1.0,0.9,A,A,agrees,agrees
1151,1151,disagrees,-0.625,Global temperatures had stopped rising.,neutral,disagrees,disagrees,neutral,disagrees,neutral,disagrees,disagrees,3,7,t37,0.9797302733899248,0.0018977296596852,0.0183719969503898,0.9,0.8,C,C,disagrees,disagrees
1152,1152,neutral,-0.25,Humanity will not alter its energy course as consequences of burning all fossil fuels become clearer.,disagrees,disagrees,disagrees,neutral,agrees,neutral,neutral,neutral,3,7,t38,0.0777950204260208,0.8634705122902993,0.0587344672836799,0.9,0.9,A,A,agrees,agrees
1153,1153,neutral,0.125,This is a clear conflict of interest for a financial institution to both profit from financing fossil fuels and profit from carbon trading.,agrees,neutral,neutral,agrees,neutral,neutral,neutral,disagrees,3,7,t39,0.0019709738022414,0.967659294238495,0.0303697319592635,1.0,0.7,A,A,agrees,agrees
1154,1154,neutral,-0.125,The White House had received ”a lot of communications” from those critical of any attempt to regulate emissions that are viewed as contributing to global warming.,neutral,neutral,neutral,neutral,disagrees,neutral,neutral,neutral,3,7,t4,0.0016556598683712,0.0089008461668853,0.9894434939647436,0.5,0.8,B,B,neither agrees nor disagrees,neither agrees nor disagrees
1155,1155,agrees,0.625,Global warming is occurring thanks to human activity.,neutral,agrees,agrees,agrees,neutral,neutral,agrees,agrees,3,7,t5,0.9439707850038483,0.0026484341238035,0.0533807808723481,1.0,0.9,A,A,agrees,agrees
1156,1156,neutral,0.0,China has already overtaken the United States when it comes to being the biggest emitter of carbon dioxide.,neutral,neutral,neutral,neutral,neutral,neutral,neutral,neutral,3,7,t6,0.2858937418300945,0.1227331731589415,0.591373085010964,1.0,0.9,B,A,agrees,neither agrees nor disagrees
1157,1157,agrees,0.625,There is a connection between human activity and an assumptive change in global climate.,neutral,agrees,agrees,neutral,agrees,neutral,agrees,agrees,3,7,t7,0.9623709537100013,0.0023677803524305,0.0352612659375681,0.9,0.8,B,A,agrees,neither agrees nor disagrees
1158,1158,neutral,-0.125,They tell us to reduce our carbon emissions.,neutral,neutral,neutral,disagrees,neutral,neutral,neutral,neutral,3,7,t8,0.5116887517921245,0.0247095818821048,0.4636016663257708,1.0,0.8,B,A,agrees,neither agrees nor disagrees
1159,1159,neutral,-0.125,The forests of the world are continuing to take up a large amount of carbon.,neutral,neutral,neutral,disagrees,neutral,neutral,neutral,neutral,3,7,t9,0.0830711316382509,0.0607370843834888,0.8561917839782602,0.75,0.8,B,B,neither agrees nor disagrees,neither agrees nor disagrees
1160,1160,disagrees,-1.0,Global warming is a hoax.,disagrees,disagrees,disagrees,disagrees,disagrees,disagrees,disagrees,disagrees,3,8,s0,,,,1.0,1.0,C,C,disagrees,disagrees
1161,1161,agrees,0.625,Alarming levels of sea level rise are predicted to threaten Florida over the next decades.,agrees,neutral,agrees,neutral,agrees,agrees,neutral,agrees,3,8,s1,,,,1.0,0.95,A,A,agrees,agrees
1162,1162,neutral,0.0,"Over the past several years, the United States has seen an increase in business growth that has counteracted the lingering effects of the recession.",neutral,neutral,neutral,neutral,neutral,neutral,neutral,neutral,3,8,s2,,,,0.0,0.95,B,B,neither agrees nor disagrees,neither agrees nor disagrees
1163,1163,agrees,1.0,Global warming is happening and it will be dangerous to human health and welfare.,agrees,agrees,agrees,agrees,agrees,agrees,agrees,agrees,3,8,s3,,,,1.0,0.95,A,A,agrees,agrees
1164,1164,neutral,0.0,Some icebergs are cute.,neutral,neutral,neutral,neutral,neutral,neutral,neutral,neutral,3,8,s4,,,,0.2,0.95,B,B,neither agrees nor disagrees,neither agrees nor disagrees
1165,1165,disagrees,-1.0,"NOAA researchers had used misleading data to exaggerate global warming, and failed to archive it so it couldn’t be verified.",disagrees,disagrees,disagrees,disagrees,disagrees,disagrees,disagrees,disagrees,3,8,t0,0.9983033966284472,0.0009391922529648,0.0007574111185879,0.9,0.9,C,C,disagrees,disagrees
1166,1166,agrees,0.375,"Global warming causes more prostitution, barroom brawls, airline turbulence.",neutral,agrees,agrees,neutral,agrees,agrees,disagrees,neutral,3,8,t1,0.0596585042351957,0.6564340358237161,0.2839074599410883,0.9,0.8,A,C,disagrees,agrees
1167,1167,neutral,0.0,Carbon footprint calculations do not take into account the emissions produced by goods that are imported into countries.,neutral,neutral,neutral,disagrees,neutral,neutral,agrees,neutral,3,8,t10,0.0163827601048232,0.0025628508416485,0.9810543890535284,0.8,0.8,B,A,agrees,neither agrees nor disagrees
1168,1168,neutral,-0.125,"Some cars (such as hybrids) are heavy, but relatively low in fossil-fuel emissions.",disagrees,neutral,neutral,neutral,neutral,neutral,neutral,neutral,3,8,t11,0.0008444848008283,0.0012224910008979,0.9979330241982736,0.8,0.9,B,A,agrees,neither agrees nor disagrees
1169,1169,neutral,-0.125,"Some portions of Manhattan could experience flooding, but not the entire island, even under the most catastrophic models.",disagrees,neutral,neutral,neutral,neutral,neutral,neutral,neutral,3,8,t12,0.8400527065996763,0.1398010603727377,0.0201462330275858,0.85,0.8,B,B,neither agrees nor disagrees,neither agrees nor disagrees
1170,1170,neutral,-0.125,"In the spring of that year, 10 percent of Americans viewed global warming as a religious issue.",neutral,neutral,disagrees,neutral,neutral,neutral,neutral,neutral,3,8,t13,0.0007944455716182,0.0011818203083417,0.99802373412004,1.0,0.9,B,B,neither agrees nor disagrees,neither agrees nor disagrees
1171,1171,neutral,0.0,Pressure to reduce carbon dioxide emissions will continue.,neutral,neutral,neutral,neutral,neutral,neutral,neutral,neutral,3,8,t14,0.0026462822891763,0.9016156969197172,0.0957380207911065,1.0,0.8,B,A,agrees,neither agrees nor disagrees
1172,1172,agrees,0.75,"Global Greenhouse Gas emissions must fall by 75–90 percent by 2050, compared with 2010 levels, to provide the best chance of limiting climate change to 1.5 degrees Celsius.",agrees,neutral,agrees,agrees,agrees,agrees,agrees,neutral,3,8,t15,0.0016284008134847,0.980493218843104,0.0178783803434113,1.0,0.95,A,A,agrees,agrees
1173,1173,disagrees,-1.0,The dangers of a warming planet are being wildly exaggerated and question the impact that fossil fuels have had on climate change.,disagrees,disagrees,disagrees,disagrees,disagrees,disagrees,disagrees,disagrees,3,8,t16,0.0031858149817752,0.170983330807519,0.8258308542107058,0.9,0.9,C,C,disagrees,disagrees
1174,1174,agrees,0.875,Global warming is a reality.,agrees,agrees,agrees,agrees,agrees,neutral,agrees,agrees,3,8,t17,0.0029931518901946,0.1390333622840472,0.8579734858257579,1.0,0.9,A,A,agrees,agrees
1175,1175,agrees,1.0,"The utilities are creating a public nuisance by burning coal and pouring heat-trapping gases into the atmosphere, adding to the problem of global warming.",agrees,agrees,agrees,agrees,agrees,agrees,agrees,agrees,3,8,t18,0.0828891872749688,0.0571787559452517,0.8599320567797795,1.0,0.95,A,A,agrees,agrees
1176,1176,agrees,0.75,Human activity is responsible for most global warming.,agrees,neutral,agrees,agrees,agrees,neutral,agrees,agrees,3,8,t19,0.0158648325392497,0.0025382374450594,0.9815969300156908,0.9,0.9,A,A,agrees,agrees
1177,1177,neutral,-0.125,"Gor the first time, carbon dioxide emissions have stabilized, at least temporarily, while global gross domestic product grew robustly.",disagrees,neutral,neutral,neutral,neutral,neutral,neutral,neutral,3,8,t2,0.0155762836384489,0.0023615312187947,0.9820621851427564,0.75,0.8,B,B,neither agrees nor disagrees,neither agrees nor disagrees
1178,1178,agrees,0.625,Arctic ice is a canary in a coal mine that provides clear warnings on climate.,neutral,agrees,neutral,agrees,agrees,neutral,agrees,agrees,3,8,t20,0.0453293105243649,0.0032140617351996,0.9514566277404354,1.0,0.9,A,A,agrees,agrees
1179,1179,agrees,0.75,"Women are more likely to be harmed in the kinds of natural disasters made more likely by global warming, bear greater responsibility for getting access to water, energy, and other basics of domestic life, and often are shut out of opportunities when resources decline.",agrees,neutral,neutral,agrees,agrees,agrees,agrees,agrees,3,8,t21,0.0008540456856628,0.0012020800588729,0.9979438742554644,1.0,0.9,A,A,agrees,agrees
1180,1180,neutral,0.0,The expansion in Antarctic ice began to accelerate around the turn of the 21st century.,neutral,neutral,neutral,neutral,neutral,neutral,neutral,neutral,3,8,t22,0.0025385546431596,0.9123011713991792,0.0851602739576612,0.2,0.9,B,A,agrees,neither agrees nor disagrees
1181,1181,agrees,1.0,"Unfortunately, what is happening now in our central regions is evidence of this global climate change, because we have never in our history faced such weather conditions in the past.",agrees,agrees,agrees,agrees,agrees,agrees,agrees,agrees,3,8,t23,0.9983145265271972,0.0009145762104053,0.0007708972623973,0.9,0.9,A,A,agrees,agrees
1182,1182,agrees,0.5,Global warming could eventually reach these levels.,agrees,neutral,neutral,agrees,agrees,neutral,neutral,agrees,3,8,t24,0.0016543580674457,0.9782478984729462,0.0200977434596078,0.8,0.8,B,A,agrees,neither agrees nor disagrees
1183,1183,neutral,0.125,President Obama could not approve Keystone XL if it increases the carbon emissions that fuel climate change.,neutral,neutral,neutral,neutral,neutral,neutral,agrees,neutral,3,8,t25,0.0007051959311609,0.998494829406884,0.000799974661955,1.0,0.9,A,A,agrees,agrees
1184,1184,neutral,0.125,"For 1.5 degrees, carbon emissions must reach zero by 2050.",agrees,neutral,neutral,neutral,neutral,neutral,neutral,neutral,3,8,t26,0.0025295373756319,0.9169610524463409,0.0805094101780272,1.0,0.9,A,A,agrees,agrees
1185,1185,neutral,-0.125,Carbon trading is the same colonialism we’ve been fighting for centuries.,disagrees,neutral,neutral,agrees,neutral,neutral,disagrees,neutral,3,8,t27,0.0031101675371168,0.7938625853112752,0.203027247151608,0.8,0.7,A,C,disagrees,agrees
1186,1186,neutral,-0.125,The scientific community is under tremendous financial and peer pressure to reach the conclusion that global industry is damaging the environment.,neutral,neutral,agrees,neutral,neutral,neutral,disagrees,disagrees,3,8,t28,0.0027651122580531,0.8954782021590532,0.1017566855828937,0.8,0.8,C,B,neither agrees nor disagrees,disagrees
1187,1187,neutral,0.25,Global temperatures last year ranked as the second warmest since record keeping began in 1888.,agrees,neutral,neutral,neutral,agrees,neutral,neutral,neutral,3,8,t29,0.0008382449388834,0.0011706175404071,0.9979911375207094,1.0,0.8,A,A,agrees,agrees
1188,1188,neutral,0.0,We found out that the majority of our carbon emissions are actually coming from our supply chains.,neutral,neutral,neutral,neutral,neutral,neutral,neutral,neutral,3,8,t3,0.0007299936365675,0.9984438698713988,0.0008261364920336,0.8,0.8,B,A,agrees,neither agrees nor disagrees
1189,1189,agrees,0.875,Significant numbers of people are leaving their homelands because of global warming.,agrees,agrees,agrees,agrees,agrees,neutral,agrees,agrees,3,8,t30,0.0037404550740982,0.5771923272070605,0.4190672177188413,1.0,0.9,A,A,agrees,agrees
1190,1190,agrees,0.75,Radical innovation in low-carbon energy technology is critical to long term climate mitigation.,neutral,agrees,agrees,agrees,agrees,agrees,agrees,neutral,3,8,t31,0.0021139786650947,0.0346400601127925,0.9632459612221126,1.0,0.9,A,A,agrees,agrees
1191,1191,agrees,0.875,"Earlier this year painted a bleaker portrait than the IPCC, stating that without a ""decisive shift"" by 2030 the globe will pass the point of no return and be unable to keep the global temperature rise to below 2C.",agrees,agrees,agrees,agrees,neutral,agrees,agrees,agrees,3,8,t32,0.0016895862372173,0.0172882442202121,0.9810221695425706,1.0,0.95,A,A,agrees,agrees
1192,1192,agrees,0.5,The ice is prone to collapse because of warmer weather.,agrees,neutral,agrees,agrees,agrees,neutral,neutral,neutral,3,8,t33,0.1419153912303646,0.0973935144288102,0.7606910943408252,1.0,0.9,A,A,agrees,agrees
1193,1193,neutral,0.0,The university keeps its fossil fuel investments due to financial reasons.,neutral,neutral,neutral,neutral,neutral,neutral,neutral,neutral,3,8,t34,0.1949550864007966,0.0813206688436175,0.7237242447555857,1.0,0.8,B,B,neither agrees nor disagrees,neither agrees nor disagrees
1194,1194,neutral,-0.125,Mankind is contributing to global warming but is not yet convinced that this contribution will be catastrophic.,disagrees,neutral,neutral,neutral,neutral,neutral,neutral,neutral,3,8,t35,0.0030290334342884,0.1362530059867586,0.8607179605789529,0.5,0.1,B,B,neither agrees nor disagrees,neither agrees nor disagrees
1195,1195,disagrees,-0.5,"There is no evidence I’ve seen from any climate scientist that says hurricanes are going to get weaker, or seas will come down, or air is going to get drier.",disagrees,agrees,disagrees,disagrees,disagrees,disagrees,disagrees,agrees,3,8,t36,0.0016408696200744,0.9788603406878824,0.0194987896920429,1.0,0.9,A,A,agrees,agrees
1196,1196,agrees,0.625,Earth is more sensitive to fossil-fuel emissions than what is commonly believed.,agrees,neutral,neutral,agrees,agrees,neutral,agrees,agrees,3,8,t37,0.0023276224580485,0.9321566872768392,0.0655156902651122,0.9,0.9,A,A,agrees,agrees
1197,1197,neutral,-0.375,It would take decades of warming to melt permafrost buried beneath the active layer of soil that freezes and thaws with the seasons.,disagrees,neutral,disagrees,disagrees,neutral,neutral,neutral,neutral,3,8,t38,0.0019807693953164,0.9633428718330116,0.0346763587716718,0.75,0.8,B,B,neither agrees nor disagrees,neither agrees nor disagrees
1198,1198,disagrees,-1.0,"The seas will rise by a few inches by 2100, but that prediction is as ridiculous as a 1910 prediction that the world would be covered by horse droppings by 2000.",disagrees,disagrees,disagrees,disagrees,disagrees,disagrees,disagrees,disagrees,3,8,t39,0.0036137820796631,0.6082760102861619,0.388110207634175,0.9,0.9,C,C,disagrees,disagrees
1199,1199,disagrees,-0.375,The idea that carbon emissions could turn Earth into Venus is not just laughable.,neutral,disagrees,disagrees,disagrees,disagrees,disagrees,agrees,agrees,3,8,t4,0.0008448189444271,0.0012047546286756,0.9979504264268972,0.9,0.1,A,C,disagrees,agrees
1200,1200,neutral,0.0,Catholics in the United States are divided over global warming.,neutral,neutral,neutral,neutral,neutral,neutral,neutral,neutral,3,8,t5,0.01530152876352,0.002449457040467,0.9822490141960128,1.0,0.8,B,B,neither agrees nor disagrees,neither agrees nor disagrees
1201,1201,agrees,0.75,"Just to drive home to people what that means, it means that in 40 years from now we can’t be driving cars that are fueled with fossil fuels, with oil.",agrees,agrees,agrees,agrees,agrees,agrees,neutral,neutral,3,8,t6,0.89487476604021,0.1024899363698629,0.002635297589927,0.8,0.8,A,A,agrees,agrees
1202,1202,agrees,0.875,"If we are to fully exploit this new oil source, and continue to burn we conventional oil, gas and coal supplies, concentrations of carbon dioxide in the atmosphere eventually would reach levels higher than in the Pliocene era, more than 2.5 million years ago, when sea level is at least 50 feet higher than it is now.",agrees,neutral,agrees,agrees,agrees,agrees,agrees,agrees,3,8,t7,0.003327480921677,0.7631590566469053,0.2335134624314176,1.0,0.9,A,A,agrees,agrees
1203,1203,neutral,0.25,Most scientists agree on whether global warming is happening.,neutral,neutral,agrees,neutral,neutral,neutral,agrees,neutral,3,8,t8,0.3639439601563907,0.0049850993880755,0.6310709404555337,0.5,0.8,A,B,neither agrees nor disagrees,agrees
1204,1204,neutral,0.25,This year tied with 2007 as having the second smallest ice extent ever recorded.,agrees,neutral,neutral,neutral,agrees,neutral,neutral,neutral,3,8,t9,0.9983257420794194,0.0009218712217688,0.0007523866988116,0.9,0.9,A,A,agrees,agrees
1205,1205,disagrees,-1.0,Global warming is a hoax.,disagrees,disagrees,disagrees,disagrees,disagrees,disagrees,disagrees,disagrees,3,9,s0,,,,1.0,1.0,C,C,disagrees,disagrees
1206,1206,agrees,0.625,Alarming levels of sea level rise are predicted to threaten Florida over the next decades.,neutral,agrees,agrees,agrees,agrees,neutral,agrees,neutral,3,9,s1,,,,1.0,0.95,A,A,agrees,agrees
1207,1207,neutral,0.0,"Over the past several years, the United States has seen an increase in business growth that has counteracted the lingering effects of the recession.",neutral,neutral,neutral,neutral,neutral,neutral,neutral,neutral,3,9,s2,,,,0.0,1.0,B,B,neither agrees nor disagrees,neither agrees nor disagrees
1208,1208,agrees,1.0,Global warming is happening and it will be dangerous to human health and welfare.,agrees,agrees,agrees,agrees,agrees,agrees,agrees,agrees,3,9,s3,,,,1.0,0.95,A,A,agrees,agrees
1209,1209,neutral,0.0,Some icebergs are cute.,neutral,neutral,neutral,neutral,neutral,neutral,neutral,neutral,3,9,s4,,,,0.2,0.95,B,B,neither agrees nor disagrees,neither agrees nor disagrees
1210,1210,disagrees,0.0,Not one of 928 papers on “global climate change” in a database of scientific journals questioned whether the event is human-induced or natural.,agrees,agrees,disagrees,neutral,disagrees,agrees,neutral,disagrees,3,9,t0,0.7654761951949878,0.1180876674131662,0.1164361373918459,1.0,0.9,A,A,agrees,agrees
1211,1211,neutral,0.125,This summer is seeing record lows for Arctic ice.,neutral,neutral,neutral,neutral,agrees,neutral,neutral,neutral,3,9,t1,0.0024530923134866,0.0193883547055272,0.978158552980986,1.0,0.8,A,A,agrees,agrees
1212,1212,agrees,0.5,What remains is an enhanced global ambition to curb climate change and safeguard against its effects.,neutral,agrees,agrees,agrees,neutral,neutral,neutral,agrees,3,9,t10,0.005648821059627,0.4141144108200271,0.5802367681203461,0.9,0.95,A,A,agrees,agrees
1213,1213,agrees,0.5,"Around 20 percent of global greenhouse gas emissions are caused by deforestation from agricultural expansion and destructive logging practices, among other factors.",neutral,agrees,agrees,neutral,agrees,neutral,agrees,neutral,3,9,t11,0.0036621683951811,0.0747420756740726,0.9215957559307464,0.9,0.8,A,A,agrees,agrees
1214,1214,neutral,0.375,A broad swath of both Democrats and Republicans supports efforts to bolster clean energy and to limit carbon emissions from power plants.,agrees,agrees,neutral,neutral,agrees,neutral,neutral,neutral,3,9,t12,0.0025278789451358,0.0198768318950525,0.9775952891598116,0.9,0.8,A,A,agrees,agrees
1215,1215,agrees,0.625,Climate change is a likely threat to national security – though scientists can not yet predict particular climate effects of anticipated global warming with any degree of certainty.,agrees,neutral,agrees,agrees,agrees,neutral,neutral,agrees,3,9,t13,0.0012376047214628,0.0019589157870564,0.9968034794914808,0.75,0.8,A,B,neither agrees nor disagrees,agrees
1216,1216,disagrees,-0.625,Perhaps the most inconvenient fact is the lack of global warming for well over 10 years now.,disagrees,agrees,disagrees,disagrees,disagrees,disagrees,neutral,disagrees,3,9,t14,0.0246528341624096,0.0023984052203617,0.9729487606172288,0.9,0.9,C,C,disagrees,disagrees
1217,1217,agrees,0.5,The current commitments are insufficient to limit global warming to 2 degrees C.,neutral,disagrees,agrees,agrees,agrees,agrees,neutral,agrees,3,9,t15,0.4013817347601931,0.0044688585028964,0.5941494067369105,1.0,0.9,A,A,agrees,agrees
1218,1218,neutral,-0.125,No justification exists for continuing to base sea-level policy and coastal management regulation upon the outcomes of deterministic or semi-empirical sea-level modelling.,neutral,neutral,agrees,neutral,neutral,disagrees,neutral,disagrees,3,9,t16,0.005337826228605,0.3641595971582526,0.6305025766131422,0.2,0.8,C,A,agrees,disagrees
1219,1219,agrees,0.875,"The algae is yet another example of the many environmental crises plaguing Florida, along with sea levels [ that ] are already causing the streets of Miami Beach to flood at high tide.",agrees,agrees,agrees,agrees,agrees,neutral,agrees,agrees,3,9,t17,0.0023077372321476,0.0154033133408361,0.9822889494270164,1.0,0.9,A,A,agrees,agrees
1220,1220,agrees,1.0,Global warming is damaging tourism and people’s health.,agrees,agrees,agrees,agrees,agrees,agrees,agrees,agrees,3,9,t18,0.004953796838743,0.7633949350034037,0.2316512681578532,1.0,0.9,A,A,agrees,agrees
1221,1221,agrees,0.625,That’s what we’re going to use to push other countries to join in global climate action.,agrees,neutral,agrees,agrees,agrees,neutral,agrees,neutral,3,9,t19,0.0054617861652605,0.4153853723280426,0.5791528415066968,1.0,0.8,B,A,agrees,neither agrees nor disagrees
1222,1222,agrees,0.5,Scientific analysis pointing to a human role in warming the climate through burning fossil fuels.,neutral,agrees,agrees,neutral,agrees,neutral,agrees,neutral,3,9,t2,0.0044062402863678,0.132775510448755,0.8628182492648772,0.9,0.95,A,A,agrees,agrees
1223,1223,agrees,0.75,"We have about a ten-year window to make very, very deep cuts in our carbon fuel use.",agrees,neutral,agrees,agrees,agrees,neutral,agrees,agrees,3,9,t20,0.0023937642779742,0.9745421244933358,0.02306411122869,1.0,0.9,A,A,agrees,agrees
1224,1224,agrees,0.875,"Global warning, and not El Niño, has caused the record highs.",agrees,agrees,agrees,agrees,agrees,neutral,agrees,agrees,3,9,t21,0.9964877178864604,0.0013120003683235,0.0022002817452159,1.0,0.9,A,A,agrees,agrees
1225,1225,disagrees,-0.625,"Global warming doesn’t worry me — at least not in a gut-twisting, obsessive way.",neutral,neutral,disagrees,disagrees,neutral,disagrees,disagrees,disagrees,3,9,t22,0.0050455406113721,0.9580272675045708,0.0369271918840568,0.75,0.9,C,B,neither agrees nor disagrees,disagrees
1226,1226,disagrees,-0.375,"The more educated a population is about climate change, the more sceptical it is likely to be about claims that global warming will have catastrophic effects.",neutral,neutral,disagrees,disagrees,disagrees,agrees,neutral,disagrees,3,9,t23,0.2727046070780381,0.1370977614988167,0.5901976314231453,0.9,0.8,C,C,disagrees,disagrees
1227,1227,agrees,0.75,Around 250 million people will be displaced globally by climate change by the year 2050.,agrees,agrees,agrees,agrees,agrees,neutral,neutral,agrees,3,9,t24,0.0013526224747819,0.995328343082244,0.003319034442974,1.0,0.9,A,A,agrees,agrees
1228,1228,neutral,0.25,One ninety-year-old local woman who has lived her entire life on the isthmus had never seen flooding there like the inundations of October 2011.,neutral,agrees,neutral,neutral,agrees,neutral,neutral,neutral,3,9,t25,0.0006370310714989,0.9990313042825306,0.0003316646459704,0.9,0.8,A,A,agrees,agrees
1229,1229,agrees,0.875,Global warming could wipe out more than half the earth’s species in the next few centuries.,agrees,agrees,agrees,agrees,agrees,neutral,agrees,agrees,3,9,t26,0.0036411658419524,0.910422712548726,0.0859361216093215,1.0,0.95,A,A,agrees,agrees
1230,1230,agrees,0.75,"The world only had a few decades, if even, to keep global future warming below 2 degrees Celsius and prevent practically all coral reefs from dying, more substantial sea level rise, and other catastrophic impacts.",agrees,agrees,agrees,agrees,agrees,neutral,neutral,agrees,3,9,t27,0.0014578093221576,0.9934764290870678,0.0050657615907745,1.0,0.95,A,A,agrees,agrees
1231,1231,disagrees,-0.375,Multi-year ice has been staging a recovery since 2000.,neutral,neutral,disagrees,neutral,disagrees,neutral,neutral,disagrees,3,9,t28,0.0012769945874656,0.9954848899961388,0.0032381154163953,0.9,0.8,C,C,disagrees,disagrees
1232,1232,neutral,0.125,Reservoirs may account for 1.3 percent of global methane emissions.,neutral,agrees,neutral,neutral,neutral,neutral,neutral,neutral,3,9,t29,0.9568184695902652,0.0020502366961654,0.0411312937135692,0.9,0.95,B,B,neither agrees nor disagrees,neither agrees nor disagrees
1233,1233,neutral,0.25,"Carbon dioxide emissions will remain on their current upward trajectory, leveling out only toward the end of the century.",neutral,agrees,neutral,neutral,neutral,neutral,neutral,agrees,3,9,t3,0.9472842161710464,0.0129236736888399,0.0397921101401134,0.8,0.8,B,A,agrees,neither agrees nor disagrees
1234,1234,neutral,0.25,"At high amounts of warming large fractions of the permafrost could melt, and some of the projections have that at from 60 to 90 percent of the permafrost melting.",neutral,disagrees,neutral,agrees,agrees,neutral,agrees,neutral,3,9,t30,0.0022318377651797,0.9805233325171272,0.0172448297176931,0.9,0.8,A,A,agrees,agrees
1235,1235,neutral,0.375,"We see often that the so-called villains of the large scale, often oil companies, are operating both at the local level and at the global level.",neutral,neutral,neutral,agrees,neutral,agrees,neutral,agrees,3,9,t31,0.0026662854682215,0.02721434437204,0.9701193701597384,0.75,0.9,B,B,neither agrees nor disagrees,neither agrees nor disagrees
1236,1236,agrees,0.875,"Addressing these challenges, and reducing our carbon footprint, is a moral imperative.",agrees,neutral,agrees,agrees,agrees,agrees,agrees,agrees,3,9,t32,0.0013107006555232,0.9953922152840264,0.0032970840604505,1.0,0.9,A,A,agrees,agrees
1237,1237,neutral,0.0,The adjustments are made to account for shifting patterns of climate-data collection (the same adjustments are among the targets of those challenging global warming evidence).,neutral,neutral,neutral,agrees,disagrees,neutral,neutral,neutral,3,9,t33,0.0022779570228047,0.9802310951788296,0.0174909477983656,0.75,0.8,B,B,neither agrees nor disagrees,neither agrees nor disagrees
1238,1238,neutral,0.25,The study’s conclusion is renewing hope that we may yet be able to avoid global warming exceeding [ 3.6 ° F].,disagrees,agrees,neutral,agrees,agrees,neutral,neutral,neutral,3,9,t34,0.6576249250761452,0.0039930248997737,0.338382050024081,0.9,0.8,A,A,agrees,agrees
1239,1239,agrees,0.75,Like electricity should be more expensive if we want to burn fewer fossil fuels for power generation and do something to curb global warming.,neutral,neutral,agrees,agrees,agrees,agrees,agrees,agrees,3,9,t35,0.0012165249513423,0.0019665225932454,0.996816952455412,1.0,0.9,A,A,agrees,agrees
1240,1240,disagrees,-0.625,Climate models have failed to accurately predict global temperatures.,disagrees,neutral,neutral,disagrees,disagrees,disagrees,neutral,disagrees,3,9,t36,0.008968516561837,0.3692804994212225,0.6217509840169404,0.5,0.8,C,B,neither agrees nor disagrees,disagrees
1241,1241,neutral,0.125,There are a lot of Republican economists who would like us to put a price on carbon.,neutral,neutral,neutral,neutral,neutral,neutral,neutral,agrees,3,9,t37,0.0055386677544908,0.479003745502399,0.5154575867431102,0.2,0.8,B,B,neither agrees nor disagrees,neither agrees nor disagrees
1242,1242,neutral,0.25,"Exxon, and perhaps the fossil fuel industry more generally, might help propel a vigorous new burst of research in ways to take back the CO2 added to the atmosphere by fossil fuel combustion at a scale that would matter to the climate system.",neutral,agrees,neutral,neutral,neutral,neutral,neutral,agrees,3,9,t38,0.00079249689448,0.9985670647933113,0.0006404383122086,0.75,0.8,B,B,neither agrees nor disagrees,neither agrees nor disagrees
1243,1243,neutral,0.0,"For example, media reports of the summary yelled that global warming is going to cause more wars.",neutral,disagrees,neutral,neutral,agrees,neutral,neutral,neutral,3,9,t39,0.0526468843854797,0.100289404383611,0.8470637112309092,0.5,0.8,B,B,neither agrees nor disagrees,neither agrees nor disagrees
1244,1244,neutral,0.125,A majority of Americans feel that global climate change is either extremely or very important.,neutral,neutral,neutral,neutral,agrees,neutral,neutral,neutral,3,9,t4,0.0714060478738663,0.3135634215788098,0.6150305305473238,0.9,0.9,A,A,agrees,agrees
1245,1245,neutral,0.125,"Through the 1980s, Exxon researched the emerging science of man-made climate change by, among other things, modeling increases in global temperatures due to carbon dioxide emissions.",neutral,agrees,neutral,neutral,neutral,neutral,neutral,neutral,3,9,t5,0.0019829134888667,0.9853254693595024,0.0126916171516307,1.0,0.8,B,A,agrees,neither agrees nor disagrees
1246,1246,neutral,-0.125,"Americans between the ages of 18 and 34 are, for the most part, split on the issue of global warming and, on some indicators, relatively disengaged when compared to older generations.",neutral,neutral,neutral,neutral,disagrees,neutral,neutral,neutral,3,9,t6,0.9227371725241816,0.0024880953295254,0.0747747321462927,0.85,0.8,B,B,neither agrees nor disagrees,neither agrees nor disagrees
1247,1247,neutral,-0.25,It is cold and dark in the Arctic so it will revert to its colder temperatures.,neutral,neutral,neutral,disagrees,neutral,neutral,neutral,disagrees,3,9,t7,0.0034333063263705,0.0576089342108542,0.9389577594627752,0.9,0.8,C,C,disagrees,disagrees
1248,1248,neutral,0.375,Carbon fees or taxes are a potentially effective strategy for reducing greenhouse-gas initiatives.,neutral,agrees,neutral,agrees,neutral,neutral,neutral,agrees,3,9,t8,0.003586719720569,0.0742579890497841,0.9221552912296468,0.8,0.8,A,A,agrees,agrees
1249,1249,neutral,0.25,We now have 380 parts per million of carbon dioxide in the atmosphere.,neutral,agrees,neutral,neutral,neutral,neutral,agrees,neutral,3,9,t9,0.004646701837928,0.022337174481136,0.973016123680936,1.0,0.9,B,A,agrees,neither agrees nor disagrees
1250,1250,disagrees,-1.0,Global warming is a hoax.,disagrees,disagrees,disagrees,disagrees,disagrees,disagrees,disagrees,disagrees,4,0,s0,,,,1.0,1.0,C,C,disagrees,disagrees
1251,1251,agrees,0.75,Alarming levels of sea level rise are predicted to threaten Florida over the next decades.,agrees,agrees,agrees,agrees,agrees,agrees,neutral,neutral,4,0,s1,,,,1.0,0.95,A,A,agrees,agrees
1252,1252,neutral,0.0,"Over the past several years, the United States has seen an increase in business growth that has counteracted the lingering effects of the recession.",neutral,neutral,neutral,neutral,neutral,neutral,neutral,neutral,4,0,s2,,,,0.0,0.95,B,B,neither agrees nor disagrees,neither agrees nor disagrees
1253,1253,agrees,1.0,Global warming is happening and it will be dangerous to human health and welfare.,agrees,agrees,agrees,agrees,agrees,agrees,agrees,agrees,4,0,s3,,,,1.0,0.95,A,A,agrees,agrees
1254,1254,neutral,0.0,Some icebergs are cute.,neutral,neutral,neutral,neutral,neutral,neutral,neutral,neutral,4,0,s4,,,,0.2,0.95,B,B,neither agrees nor disagrees,neither agrees nor disagrees
1255,1255,neutral,-0.125,"The researchers suspect that the glacial melting in the Everest region is due to global warming, but they have not yet established a firm connection between the mountains&apos; changes and climate change.",agrees,neutral,disagrees,neutral,neutral,neutral,disagrees,neutral,4,0,t0,0.3495592391838153,0.0185389269084416,0.6319018339077431,0.8,0.8,B,A,agrees,neither agrees nor disagrees
1256,1256,agrees,0.625,Global climate change will have important and extensive implications for US national security interests over the next 20 years.,agrees,neutral,agrees,agrees,neutral,neutral,agrees,agrees,4,0,t1,0.0048235480180305,0.7925713684004076,0.2026050835815619,1.0,0.9,A,A,agrees,agrees
1257,1257,neutral,0.125,Senator Murkowskiâs stance symbolizes a fundamental challenge of climate politics : how to bridge the gap between moderate Republicans from states reliant on fossil fuels on one side and Democrats and environmental activists on the other.,neutral,agrees,neutral,neutral,neutral,neutral,neutral,neutral,4,0,t10,0.002528452965344,0.9749351227274556,0.0225364243072004,0.75,0.9,B,B,neither agrees nor disagrees,neither agrees nor disagrees
1258,1258,agrees,1.0,Vastly greater efforts would be needed to get long-term global warming within tolerable limits.,agrees,agrees,agrees,agrees,agrees,agrees,agrees,agrees,4,0,t11,0.0054072823929999,0.6087394839530114,0.3858532336539887,0.9,0.95,A,A,agrees,agrees
1259,1259,agrees,0.5,The rate at which they are diminishing is more or less parallel to the increase in the rate of global warming.,agrees,agrees,agrees,agrees,neutral,disagrees,agrees,neutral,4,0,t12,0.0032631772566673,0.0640371875556328,0.9326996351876998,0.9,0.8,A,A,agrees,agrees
1260,1260,agrees,0.75,The scale of emission reductions necessary to prevent the most dangerous effects of global warming can only come as a result of national and international policies to cut carbon pollution.,neutral,agrees,neutral,agrees,agrees,agrees,agrees,agrees,4,0,t13,0.1174685453412912,0.0020827223786778,0.8804487322800308,1.0,0.95,A,A,agrees,agrees
1261,1261,agrees,0.75,Since then weâve watched the summer Arctic disappear and the ocean turn steadily acidic.,agrees,neutral,agrees,agrees,agrees,agrees,agrees,neutral,4,0,t14,0.0016377978275505,0.0066582912559732,0.991703910916476,0.9,0.9,A,A,agrees,agrees
1262,1262,neutral,0.125,Several factors combine to determine sea-level rise in any one location.,neutral,agrees,neutral,neutral,neutral,neutral,neutral,neutral,4,0,t15,0.0120770658411063,0.5065902957042946,0.4813326384545991,1.0,0.9,B,B,neither agrees nor disagrees,neither agrees nor disagrees
1263,1263,agrees,0.5,Global warming is such an important issue they are giving up carbon for Lent.,agrees,neutral,agrees,agrees,neutral,agrees,neutral,neutral,4,0,t16,0.0015565177438345,0.0063869635691297,0.9920565186870356,1.0,0.9,A,A,agrees,agrees
1264,1264,agrees,0.75,Reducing carbon emissions is a win-win.,agrees,agrees,agrees,agrees,agrees,neutral,agrees,neutral,4,0,t17,0.0009078685304226,0.9984330541905924,0.0006590772789852,0.8,0.8,A,A,agrees,agrees
1265,1265,neutral,0.25,"For too long, a lot of the climate change and global warming arguments have been looking at melting ice and polar bears and not at the human suffering side of it.",neutral,agrees,disagrees,neutral,agrees,agrees,neutral,neutral,4,0,t18,0.0010130405666446,0.0013349046746894,0.9976520547586658,0.9,0.8,A,A,agrees,agrees
1266,1266,agrees,0.875,Global warming could open new holes in Earth 's ozone layer at latitudes that until now have seemed immune to the ozone destruction that recurs over Antarctica and the Arctic.,agrees,neutral,agrees,agrees,agrees,agrees,agrees,agrees,4,0,t19,0.0008654333560159,0.9984408490293178,0.0006937176146662,0.9,0.8,A,A,agrees,agrees
1267,1267,agrees,0.875,"The increase in greenhouse gases from burning fossil fuels and from land-use changes ""is unrelenting, and that, in the end, is going to dominate most of the other things that are going on"" that contribute to the slowdown.",agrees,agrees,agrees,agrees,neutral,agrees,agrees,agrees,4,0,t2,0.1210771865696197,0.743648699444083,0.1352741139862973,1.0,0.9,A,A,agrees,agrees
1268,1268,neutral,-0.25,"The Keystone XL pipeline would not substantially worsen carbon pollution, leaving an opening for President Obama to approve the politically divisive project.",neutral,neutral,neutral,disagrees,neutral,disagrees,neutral,neutral,4,0,t20,0.0038780094544474,0.9024631465531188,0.0936588439924337,0.2,0.8,B,A,agrees,neither agrees nor disagrees
1269,1269,neutral,0.0,Terrestrial plants terrestrial plants can help absorb some carbon dioxide.,disagrees,agrees,neutral,neutral,neutral,neutral,neutral,neutral,4,0,t21,0.0023603424789167,0.9790679809013187,0.0185716766197642,0.7,0.8,B,A,agrees,neither agrees nor disagrees
1270,1270,neutral,0.25,The typical American diet of something like 600 pounds of animal products a year is inconsistent with a progressive or even realistic view of slowing global warming.,neutral,neutral,neutral,agrees,neutral,neutral,agrees,neutral,4,0,t22,0.0010108143724676,0.0013643280465478,0.9976248575809844,1.0,0.9,A,A,agrees,agrees
1271,1271,agrees,0.5,"Methane pollution is an intense contributor to global climate change, and the White House methane strategy is a smart roadmap for taking on the biggest sources of emissions, including natural gas leaks from the oil and gas sector.",agrees,agrees,neutral,agrees,neutral,neutral,agrees,neutral,4,0,t23,0.0054654170990376,0.6038064430464145,0.3907281398545479,0.9,0.95,A,A,agrees,agrees
1272,1272,agrees,0.875,Global warming caused by human emissions has most likely intensified the drought in California by 15 to 20 percent.,agrees,neutral,agrees,agrees,agrees,agrees,agrees,agrees,4,0,t24,0.0039743549585625,0.88470095974454,0.1113246852968974,0.9,0.9,A,A,agrees,agrees
1273,1273,agrees,0.625,Global warming exists.,agrees,agrees,agrees,neutral,neutral,neutral,agrees,agrees,4,0,t25,0.1288725728987216,0.267450328828416,0.6036770982728623,1.0,0.1,B,A,agrees,neither agrees nor disagrees
1274,1274,agrees,0.5,"Overall, evidence for global warming's effect on the planet is most obvious in changes to natural systems.",disagrees,agrees,agrees,agrees,neutral,neutral,agrees,agrees,4,0,t26,0.0011922957160164,0.997038247993895,0.0017694562900886,0.9,0.9,A,A,agrees,agrees
1275,1275,agrees,0.625,"The earth is likely to undergo a ""mini ice age"" that may last about a decade.",agrees,disagrees,agrees,agrees,agrees,agrees,agrees,neutral,4,0,t27,0.2436771153397832,0.0025807343110927,0.7537421503491238,0.9,0.8,B,B,neither agrees nor disagrees,neither agrees nor disagrees
1276,1276,agrees,0.75,"Human-created carbon emissions are steadily melting more ice, creating more dangerous sea level rise, stressing ecosystems around the globe and creating more ocean acidification, from oceans absorbing more C02, posing â a fundamental challenge to marine organisms and ecosystems.",agrees,neutral,agrees,agrees,agrees,agrees,agrees,neutral,4,0,t28,0.0141470839071334,0.0025499877559226,0.983302928336944,0.9,0.95,A,A,agrees,agrees
1277,1277,agrees,1.0,"We could soon reach a point where global warming is irreversible, leading to a ""hothouse"" effect where parts of Earth are uninhabitable.",agrees,agrees,agrees,agrees,agrees,agrees,agrees,agrees,4,0,t29,0.0038990989720696,0.1397088138120538,0.8563920872158766,0.9,0.95,A,A,agrees,agrees
1278,1278,agrees,0.5,"Global warming may lead to less rainfall and more evaporation in the region, further reducing the supply of water.",agrees,neutral,neutral,agrees,neutral,agrees,agrees,neutral,4,0,t3,0.0052557840470375,0.3255370656487952,0.6692071503041673,0.9,0.8,A,A,agrees,agrees
1279,1279,agrees,0.125,"This gives cause for hope that once greenhouse-gas concentrations stabilize, the average temperatures in the Arctic would respond in ways that would keep the sea ice from declining further, although natural shifts in seasonal weather patterns would continue to play its role in varying sea-ice extent from one year to the next.",agrees,neutral,neutral,agrees,disagrees,disagrees,agrees,neutral,4,0,t30,0.0011379540238405,0.9971899076660184,0.0016721383101411,0.75,0.7,A,B,neither agrees nor disagrees,agrees
1280,1280,neutral,0.25,"According to the United Nations Intergovernmental Panel on Climate Change, the expected economic costs of unaddressed global warming over the next century are likely to be about 3 percent of world gross domestic product.",agrees,neutral,neutral,neutral,neutral,agrees,neutral,neutral,4,0,t31,0.0053183675513504,0.5868126334939164,0.4078689989547332,1.0,0.8,A,A,agrees,agrees
1281,1281,neutral,0.25,The hiatus in measured global warming could persist.,agrees,agrees,neutral,neutral,neutral,neutral,neutral,neutral,4,0,t32,0.0400892410239103,0.7564930228855979,0.2034177360904917,0.5,0.8,B,B,neither agrees nor disagrees,neither agrees nor disagrees
1282,1282,neutral,-0.125,"Here, scientists are more measured in putting all the blame on global warming, in part because the impact of El NiÃ±o is tough to disentangle.",neutral,neutral,neutral,disagrees,agrees,neutral,disagrees,neutral,4,0,t33,0.0050634483442074,0.9825286202150568,0.0124079314407356,0.75,0.8,B,B,neither agrees nor disagrees,neither agrees nor disagrees
1283,1283,agrees,0.5,"While many scientists are wary of drawing firm links between any particular storm and climate change, a rising sea level adds to the destructiveness of storm surges, and a warming atmosphere holds more moisture, leading to more rain.",agrees,neutral,neutral,neutral,agrees,agrees,agrees,neutral,4,0,t34,0.0023818094071087,0.9798917622887868,0.0177264283041045,0.9,0.8,A,A,agrees,agrees
1284,1284,agrees,1.0,"The likely consequences would include killer storms stronger than any in modern times, the disintegration of large parts of the polar ice sheets and a rise of the sea sufficient to begin drowning the worldâs coastal cities before the end of this century.",agrees,agrees,agrees,agrees,agrees,agrees,agrees,agrees,4,0,t35,0.0008669899233462,0.9984980007208424,0.0006350093558113,1.0,0.95,A,A,agrees,agrees
1285,1285,agrees,0.75,"By 2100, sea levels may rise by as much as six feet, and furious storms will pound our coasts.",agrees,neutral,agrees,agrees,agrees,agrees,agrees,neutral,4,0,t36,0.4268579608233926,0.3634233194502548,0.2097187197263526,1.0,0.9,A,A,agrees,agrees
1286,1286,disagrees,-0.625,Higher carbon dioxide levels in the future might give crops a major boost.,disagrees,neutral,neutral,disagrees,disagrees,disagrees,disagrees,neutral,4,0,t37,0.0036227929417187,0.0844889548004341,0.9118882522578472,0.2,0.8,B,A,agrees,neither agrees nor disagrees
1287,1287,disagrees,-0.625,Devastating allegations that even the tiny amount of global warming the grandees of Parisâve been able to document is based largely on falsified data and manipulated spreadsheets.,disagrees,neutral,disagrees,disagrees,disagrees,disagrees,neutral,neutral,4,0,t38,0.00193260766466,0.0121106647359294,0.9859567275994104,0.9,0.9,C,C,disagrees,disagrees
1288,1288,neutral,0.25,"The average American who switches from beef to pork would reduce the equivalent of 1,200 pounds of carbon dioxide a year, which is about nine days' worth of the nation's per capita greenhouse gas emissions.",neutral,neutral,neutral,agrees,neutral,neutral,agrees,neutral,4,0,t39,0.3420578830064964,0.0434116300209865,0.6145304869725171,1.0,0.8,A,A,agrees,agrees
1289,1289,neutral,0.25,"In the long run, we expect the sea levels on the west coast to catch up to global mean and even exceed the global mean.",agrees,neutral,neutral,agrees,neutral,neutral,neutral,neutral,4,0,t4,0.0053498704261561,0.6109131188321005,0.3837370107417433,1.0,0.8,A,A,agrees,agrees
1290,1290,disagrees,-0.75,"The Southern Hemisphere must be balancing the warming of the Northern Hemisphere by becoming colder (and thus, net global warming is zero).",disagrees,neutral,disagrees,neutral,disagrees,disagrees,disagrees,disagrees,4,0,t40,0.0008888486508138,0.99843183416807,0.0006793171811161,0.9,0.9,C,C,disagrees,disagrees
1291,1291,neutral,0.25,"Christiana Figueres, executive secretary of the United Nations Framework Convention on Climate Change are putting the global climate and their shareholders at risk by failing to support the search for alternative methods of producing energy.",neutral,neutral,neutral,neutral,agrees,agrees,neutral,neutral,4,0,t41,0.0023481597570076,0.9796640238633186,0.0179878163796736,0.9,0.9,A,A,agrees,agrees
1292,1292,agrees,0.5,"Existing national pledges to restrict greenhouse gas emissions are insufficient to limit warming to 2 degrees Celsius (3.6 Fahrenheit) above pre-industrial times, a U.N. ceiling set in 2010 to limit heatwaves, floods, storms and rising seas.",agrees,neutral,neutral,agrees,disagrees,agrees,agrees,agrees,4,0,t42,0.9229125472722648,0.001520371553987,0.0755670811737481,1.0,0.9,A,A,agrees,agrees
1293,1293,neutral,0.0,Some legitimate uncertainty about the human contribution to global warming did exist within my specialty of paleoclimatology several decades ago.,agrees,neutral,neutral,disagrees,neutral,neutral,neutral,neutral,4,0,t43,0.9210892193861276,0.0015500899515725,0.0773606906622997,0.75,0.8,B,B,neither agrees nor disagrees,neither agrees nor disagrees
1294,1294,agrees,1.0,Global warming could result in expensive increases in hurricane damage and other climate-related costs.,agrees,agrees,agrees,agrees,agrees,agrees,agrees,agrees,4,0,t44,0.0042577217939497,0.1405780068286042,0.8551642713774459,0.9,0.9,A,A,agrees,agrees
1295,1295,neutral,-0.25,A carbon tax is politically toxic.,disagrees,neutral,neutral,neutral,disagrees,neutral,neutral,neutral,4,0,t5,0.9835747960193584,0.0009195502825181,0.0155056536981234,0.2,0.8,B,B,neither agrees nor disagrees,neither agrees nor disagrees
1296,1296,neutral,0.125,Favorable ratings of legislators who question a threat from global warming dropped once voters knew of their views.,agrees,neutral,neutral,neutral,neutral,neutral,neutral,neutral,4,0,t6,0.0041178323005216,0.1435618077675732,0.8523203599319051,1.0,0.9,A,A,agrees,agrees
1297,1297,agrees,0.375,Such tweaks will not be nearly enough to curb global warming.,agrees,disagrees,neutral,agrees,neutral,neutral,agrees,agrees,4,0,t7,0.0784590638932943,0.8469905787579638,0.0745503573487418,1.0,0.9,A,A,agrees,agrees
1298,1298,neutral,0.125,The Trump administrationâs rejection of the Paris deal could lead other countries to disengage from global efforts to address climate change.,agrees,neutral,neutral,neutral,neutral,neutral,neutral,neutral,4,0,t8,0.0532185571441652,0.0132658224314917,0.933515620424343,0.9,0.9,A,A,agrees,agrees
1299,1299,agrees,1.0,"But with a global failure to limit greenhouse gases, the risk is rising that climatic changes in coming decades could overwhelm such efforts to adapt.",agrees,agrees,agrees,agrees,agrees,agrees,agrees,agrees,4,0,t9,0.0008653362472707,0.9985004462492828,0.0006342175034466,0.9,0.9,A,A,agrees,agrees
1300,1300,disagrees,-0.625,Global warming is a hoax.,agrees,neutral,disagrees,disagrees,disagrees,disagrees,disagrees,disagrees,4,1,s0,,,,1.0,1.0,C,C,disagrees,disagrees
1301,1301,agrees,0.5,Alarming levels of sea level rise are predicted to threaten Florida over the next decades.,agrees,neutral,neutral,neutral,agrees,neutral,agrees,agrees,4,1,s1,,,,0.9,0.95,A,A,agrees,agrees
1302,1302,neutral,0.125,"Over the past several years, the United States has seen an increase in business growth that has counteracted the lingering effects of the recession.",agrees,neutral,neutral,neutral,neutral,neutral,neutral,neutral,4,1,s2,,,,0.1,0.95,B,B,neither agrees nor disagrees,neither agrees nor disagrees
1303,1303,agrees,0.75,Global warming is happening and it will be dangerous to human health and welfare.,disagrees,agrees,agrees,agrees,agrees,agrees,agrees,agrees,4,1,s3,,,,1.0,1.0,A,A,agrees,agrees
1304,1304,neutral,0.125,Some icebergs are cute.,neutral,agrees,neutral,neutral,neutral,neutral,neutral,neutral,4,1,s4,,,,0.0,0.95,B,B,neither agrees nor disagrees,neither agrees nor disagrees
1305,1305,neutral,0.0,"The pace is most consistent with the slowing of Atlantic currents along the coast, either from warming waters, melting ice, or some combination.",neutral,disagrees,neutral,neutral,neutral,agrees,neutral,neutral,4,1,t0,0.0024781739248229,0.0232229643407777,0.9742988617343994,0.9,0.7,A,A,agrees,agrees
1306,1306,neutral,-0.125,The spread between the carbon emissions from the worst and the best kinds of crude is large.,neutral,neutral,neutral,neutral,neutral,neutral,disagrees,neutral,4,1,t1,0.0169263950258399,0.0024364007346695,0.9806372042394906,0.7,0.8,B,A,agrees,neither agrees nor disagrees
1307,1307,agrees,0.625,"Some people don't believe in global warming or whatever, but I certainly do.",neutral,disagrees,agrees,agrees,agrees,agrees,agrees,agrees,4,1,t10,0.4582771842353219,0.0579267779425635,0.4837960378221146,1.0,0.9,A,A,agrees,agrees
1308,1308,neutral,0.125,"US power plants are the largest source of greenhouse gases in the country, responsible for 41 percent of the nationâs carbon dioxide pollution.",disagrees,agrees,neutral,neutral,neutral,agrees,neutral,neutral,4,1,t11,0.0033948350669724,0.067217957900365,0.9293872070326624,1.0,0.8,A,A,agrees,agrees
1309,1309,neutral,0.125,"While this past month is the hottest May on record globally, average temperatures in the United States are near normal, with high temperatures in the West countering unseasonably low temperatures in the East.",agrees,agrees,neutral,neutral,neutral,neutral,disagrees,neutral,4,1,t12,0.0007707271475422,0.0014314430909356,0.997797829761522,0.75,0.8,B,B,neither agrees nor disagrees,neither agrees nor disagrees
1310,1310,agrees,0.5,"Over the coming century, the impact of human-caused global warming will diminish the once-thick snowpack across the Sierra Nevada and other Western ranges.",neutral,agrees,disagrees,agrees,agrees,agrees,agrees,neutral,4,1,t13,0.0019488983037035,0.031627272266015,0.9664238294302816,1.0,0.9,A,A,agrees,agrees
1311,1311,neutral,0.25,Burning all fossil fuels might raise the average temperature of the planet by something like 20 degrees Fahrenheit.,neutral,agrees,neutral,neutral,neutral,neutral,agrees,neutral,4,1,t14,0.0016804021336088,0.9797230339498996,0.0185965639164915,1.0,0.9,A,A,agrees,agrees
1312,1312,agrees,0.625,The United States can fulfill its promise as part of the Paris climate agreement to ratchet down emissions that are warming the planet and contributing to heat waves and sea-level rise.,agrees,neutral,agrees,agrees,neutral,neutral,agrees,agrees,4,1,t15,0.0052603208542212,0.5909482413559074,0.4037914377898714,1.0,0.95,A,A,agrees,agrees
1313,1313,disagrees,-0.625,The rise in global average temperatures stopped in the late 1990s.,neutral,neutral,disagrees,neutral,disagrees,disagrees,disagrees,disagrees,4,1,t16,0.0458912900038986,0.4518471370649628,0.5022615729311385,0.8,0.8,C,C,disagrees,disagrees
1314,1314,agrees,0.875,"Global warming is happening, and carbon emissions should be scaled back.",agrees,neutral,agrees,agrees,agrees,agrees,agrees,agrees,4,1,t17,0.0007510650018333,0.0014970325440411,0.9977519024541256,1.0,0.9,A,A,agrees,agrees
1315,1315,disagrees,-0.375,It simply takes longer than a century for large-scale melting to begin.,agrees,neutral,neutral,disagrees,disagrees,disagrees,disagrees,neutral,4,1,t18,0.0011204703276162,0.9975795031348876,0.0013000265374961,0.5,0.9,B,B,neither agrees nor disagrees,neither agrees nor disagrees
1316,1316,agrees,0.75,"To avoid a climate catastrophe, the world the world must leave a big chunk of its fossil fuels in the ground and spend heavily on more benign forms of energy.",neutral,neutral,agrees,agrees,agrees,agrees,agrees,agrees,4,1,t19,0.0026389032880711,0.0291145195157901,0.9682465771961388,0.9,0.95,A,A,agrees,agrees
1317,1317,neutral,-0.25,"Plants and animals in mountain regions, on the other hand, appear to face a lower risk of being overtaken by global warming, because mountains exhibit large temperature swings with altitude.",disagrees,neutral,disagrees,disagrees,neutral,agrees,neutral,neutral,4,1,t2,0.0199308742664491,0.0048022175140791,0.9752669082194716,0.85,0.8,B,B,neither agrees nor disagrees,neither agrees nor disagrees
1318,1318,neutral,-0.125,Many climate scientists are much less sure about man-made global warming than they will admit in public.,agrees,neutral,disagrees,neutral,neutral,neutral,disagrees,neutral,4,1,t20,0.0858949817653154,0.8532459970892107,0.0608590211454739,0.9,0.8,C,C,disagrees,disagrees
1319,1319,neutral,0.375,Fossil fuels are the primary source of about 375 billion tonnes of carbon that has been released into the atmosphere since the industrial era began in 1750.,agrees,neutral,neutral,agrees,neutral,neutral,agrees,neutral,4,1,t21,0.0017386834175478,0.0257831679855472,0.9724781485969048,1.0,0.8,A,A,agrees,agrees
1320,1320,neutral,-0.375,There are still large uncertainties in discerning global trends in observed droughts.,disagrees,neutral,neutral,neutral,neutral,disagrees,disagrees,neutral,4,1,t22,0.0030516209437393,0.8486569623596935,0.1482914166965672,0.75,0.9,B,B,neither agrees nor disagrees,neither agrees nor disagrees
1321,1321,agrees,0.625,"Despite the worldwide recession, the urgency of reaching an international agreement on reducing carbon emissions cannot be overstated.",agrees,neutral,neutral,agrees,agrees,neutral,agrees,agrees,4,1,t23,0.9359254858276038,0.0034509524140083,0.0606235617583878,1.0,0.95,A,A,agrees,agrees
1322,1322,neutral,0.125,"The ice underwent an ""unprecedented"" loss of volume of 12.9 percent.",neutral,neutral,neutral,neutral,neutral,agrees,neutral,neutral,4,1,t24,0.0007501510665299,0.9980212149856016,0.0012286339478684,0.9,0.9,A,A,agrees,agrees
1323,1323,agrees,0.625,Global warming alone is projected to affect roughly 30 percent of the Earth in ways that would require species to migrate at rates higher than those inferred from the fossil record as they spread during the end of the last ice age.,disagrees,neutral,agrees,agrees,agrees,agrees,agrees,agrees,4,1,t25,0.7754923701132928,0.0067442968967636,0.2177633329899435,0.9,0.9,A,A,agrees,agrees
1324,1324,neutral,0.25,"Policies, technologies, and incentives such as a global price on carbon are in place now, with the world in effect hitting the ground running today.",neutral,agrees,neutral,neutral,neutral,neutral,agrees,neutral,4,1,t26,0.0008032663174683,0.9975073373872976,0.0016893962952338,0.9,0.8,B,A,agrees,neither agrees nor disagrees
1325,1325,neutral,0.375,Half the glacial ice in the Alps has already melted.,neutral,agrees,neutral,agrees,neutral,agrees,neutral,neutral,4,1,t27,0.204313753561408,0.0069147758899785,0.7887714705486133,1.0,0.9,A,A,agrees,agrees
1326,1326,neutral,-0.125,There is nearly 300 to 400 times as much carbon biomass underground (most of it still undiscovered) as there is in all the humans on Earth.,disagrees,neutral,neutral,agrees,neutral,neutral,disagrees,neutral,4,1,t28,0.0035427857683974,0.2330820024527449,0.7633752117788575,0.8,0.9,B,B,neither agrees nor disagrees,neither agrees nor disagrees
1327,1327,neutral,0.0,"The results indicate a progressive cooling has affected the year-to-year climate of the sub-Antarctic since the 1990s and that the SIC [ sea ice concentration ] shows upward annual, spring, and summer trends.",agrees,neutral,neutral,neutral,neutral,neutral,disagrees,neutral,4,1,t29,0.1112771628598189,0.0045014004276491,0.8842214367125321,1.0,0.8,B,C,disagrees,neither agrees nor disagrees
1328,1328,neutral,0.0,"Although climate change is not his top concern, a candidate who questioned global warming would seem out of touch.",neutral,disagrees,agrees,neutral,neutral,neutral,neutral,neutral,4,1,t3,0.0029550531929344,0.8437720888639861,0.1532728579430794,0.8,0.8,A,A,agrees,agrees
1329,1329,neutral,0.25,"The global average temperature in January-October set a new record in the nine-month period, while land temperatures are the fourth or fifth highest since record-keeping began in the 19th century.",neutral,agrees,neutral,neutral,neutral,neutral,agrees,neutral,4,1,t30,0.0016435396320376,0.0216414175744764,0.976715042793486,1.0,0.8,A,A,agrees,agrees
1330,1330,disagrees,-0.625,Global warming is a Chinese hoax.,neutral,agrees,disagrees,disagrees,disagrees,disagrees,disagrees,disagrees,4,1,t31,0.0011049710145298,0.9975795582130276,0.0013154707724424,1.0,1.0,C,C,disagrees,disagrees
1331,1331,agrees,0.5,The US government has known for decades that carbon dioxide emissions are endangering the planet.,disagrees,neutral,agrees,agrees,agrees,agrees,agrees,neutral,4,1,t32,0.0018324899036705,0.0259252241706081,0.9722422859257214,1.0,0.9,A,A,agrees,agrees
1332,1332,disagrees,-0.5,Ice cubes melting in a glass donât make the water overflowâ so melting glaciers wonât make sea levels rise.,neutral,agrees,neutral,disagrees,disagrees,disagrees,disagrees,disagrees,4,1,t33,0.0034286771643644,0.2382814800752509,0.7582898427603848,0.9,0.9,C,C,disagrees,disagrees
1333,1333,disagrees,-0.375,Researchers are gaming the science to win public support for the idea that countries need to act to correct global warming.,neutral,neutral,disagrees,neutral,disagrees,agrees,disagrees,disagrees,4,1,t34,0.045053982084912,0.1086552350901266,0.8462907828249613,0.9,0.9,C,C,disagrees,disagrees
1334,1334,neutral,-0.25,Different data and averaging methods lead to slightly different global temperature estimates that can lead to small switches in the ranking of years.,disagrees,neutral,neutral,neutral,neutral,neutral,disagrees,neutral,4,1,t35,0.0187891362617716,0.0037142584898844,0.9774966052483438,0.75,0.95,B,B,neither agrees nor disagrees,neither agrees nor disagrees
1335,1335,disagrees,-0.75,There is not solid evidence of global warming.,neutral,neutral,disagrees,disagrees,disagrees,disagrees,disagrees,disagrees,4,1,t36,0.0018482814422993,0.0257847804235566,0.9723669381341442,0.9,0.9,C,C,disagrees,disagrees
1336,1336,disagrees,-0.5,"The number of floods and droughts has not increased because of climate change, and extensive research by geophysicist Dennis Hedke shows sea-level trends are not significantly different from what they are seven to nine decades ago.",agrees,neutral,disagrees,disagrees,disagrees,disagrees,disagrees,neutral,4,1,t37,0.9970329062818024,0.0016274373650046,0.0013396563531929,0.9,0.9,C,C,disagrees,disagrees
1337,1337,neutral,-0.25,The Trump administration will abandon the global climate change pact and make no effort to meet its voluntary target to curb planet-warming emissions.,disagrees,disagrees,neutral,neutral,neutral,neutral,neutral,neutral,4,1,t38,0.002784093488519,0.9613741260563172,0.0358417804551637,1.0,0.8,C,A,agrees,disagrees
1338,1338,neutral,-0.125,"We measured thousands of samples of coal from mines across China, and found that the carbon content of the coal being burned in China is actually much lower than what has been assumed in previous estimates of emissions.",neutral,neutral,neutral,neutral,neutral,neutral,disagrees,neutral,4,1,t39,0.9454412499068792,0.0043721066011525,0.0501866434919681,0.85,0.8,B,B,neither agrees nor disagrees,neither agrees nor disagrees
1339,1339,neutral,0.125,Submitting the USâs 26 to 28 percent emissions reduction goal early will spark global cooperation in December climate negotiations in Paris.,agrees,neutral,neutral,neutral,neutral,neutral,neutral,neutral,4,1,t4,0.869520490532621,0.0412152235322562,0.0892642859351227,1.0,0.8,B,A,agrees,neither agrees nor disagrees
1340,1340,agrees,0.5,"As the Arctic gets warmer and warmer, the severe weather picks up.",agrees,disagrees,agrees,agrees,neutral,agrees,neutral,agrees,4,1,t40,0.021119848842361,0.0027535797001484,0.9761265714574906,0.9,0.9,A,A,agrees,agrees
1341,1341,neutral,0.25,Some experts do see some potential for a legislative path to cut United States carbon pollution.,agrees,neutral,neutral,neutral,neutral,agrees,neutral,neutral,4,1,t41,0.9968916914344697,0.0012382925173932,0.001870016048137,0.75,0.8,B,B,neither agrees nor disagrees,neither agrees nor disagrees
1342,1342,agrees,0.5,There is little doubt that climate change is causing ice shelves to disappear in some parts of Antarctica at the moment.,neutral,neutral,agrees,agrees,neutral,agrees,agrees,neutral,4,1,t42,0.9599888975871076,0.0038979877399423,0.0361131146729501,0.9,0.9,A,A,agrees,agrees
1343,1343,disagrees,-0.625,"The fraction of CO2 emissions from human activity appears to have declined by about 5 percent between 1959 and 2008, essentially as the sinks themselves respond to global warming.",agrees,disagrees,disagrees,disagrees,neutral,disagrees,disagrees,disagrees,4,1,t43,0.001519607381354,0.0012299852065868,0.9972504074120592,0.2,0.8,B,C,disagrees,neither agrees nor disagrees
1344,1344,neutral,0.375,Obama will work with environmentalists to curb the detrimental effects of heat-trapping carbon emissions.,neutral,neutral,neutral,agrees,neutral,agrees,agrees,neutral,4,1,t44,0.0170099556583608,0.0026235270319834,0.9803665173096556,1.0,0.9,A,A,agrees,agrees
1345,1345,neutral,0.375,"In the energy sector, responsible for two-thirds of the greenhouse-gas emissions globally, major emitters are making progress.",agrees,agrees,neutral,neutral,neutral,agrees,neutral,neutral,4,1,t5,0.0041600140530229,0.8624182932974173,0.1334216926495597,0.8,0.8,B,A,agrees,neither agrees nor disagrees
1346,1346,agrees,0.75,"Climate change is affecting weather all across the planet and when it comes to extreme weather, the strongest links are to coastal flooding [ and ] heat waves.",agrees,neutral,agrees,agrees,agrees,neutral,agrees,agrees,4,1,t6,0.0018722307933053,0.0270301288299486,0.971097640376746,0.9,0.9,A,A,agrees,agrees
1347,1347,neutral,0.25,"As an outspoken scientist who warns that the Earth already has a dangerous level of carbon dioxide in the atmosphere, Hansen naturally has his critics.",disagrees,neutral,agrees,agrees,neutral,agrees,neutral,neutral,4,1,t7,0.0034501108391932,0.7805796417745448,0.215970247386262,1.0,0.2,B,A,agrees,neither agrees nor disagrees
1348,1348,neutral,0.375,Extracting energy from wind power on a huge scale can cause its own global climate consequences.,agrees,agrees,agrees,neutral,agrees,neutral,disagrees,neutral,4,1,t8,0.9558579517300916,0.0040654647074036,0.0400765835625048,0.75,0.8,B,B,neither agrees nor disagrees,neither agrees nor disagrees
1349,1349,neutral,0.125,"In light of Shellâs announcement, the amount of acreage already under lease and current market conditions, it does not make sense to prepare for lease sales in the Arctic in the next year and a half.",agrees,neutral,neutral,neutral,neutral,neutral,neutral,neutral,4,1,t9,0.0038791700506876,0.4367187582053653,0.5594020717439471,0.2,0.9,B,A,agrees,neither agrees nor disagrees
1350,1350,disagrees,-1.0,Global warming is a hoax.,disagrees,disagrees,disagrees,disagrees,disagrees,disagrees,disagrees,disagrees,4,2,s0,,,,1.0,1.0,C,C,disagrees,disagrees
1351,1351,agrees,0.625,Alarming levels of sea level rise are predicted to threaten Florida over the next decades.,agrees,agrees,neutral,neutral,agrees,neutral,agrees,agrees,4,2,s1,,,,1.0,0.95,A,A,agrees,agrees
1352,1352,neutral,0.0,"Over the past several years, the United States has seen an increase in business growth that has counteracted the lingering effects of the recession.",neutral,neutral,neutral,neutral,neutral,neutral,neutral,neutral,4,2,s2,,,,0.0,0.95,B,B,neither agrees nor disagrees,neither agrees nor disagrees
1353,1353,agrees,1.0,Global warming is happening and it will be dangerous to human health and welfare.,agrees,agrees,agrees,agrees,agrees,agrees,agrees,agrees,4,2,s3,,,,1.0,0.95,A,A,agrees,agrees
1354,1354,neutral,-0.125,Some icebergs are cute.,neutral,neutral,neutral,neutral,neutral,neutral,disagrees,neutral,4,2,s4,,,,0.2,0.95,B,B,neither agrees nor disagrees,neither agrees nor disagrees
1355,1355,neutral,0.25,A portion of every dollar raised by a carbon tax in A Green New Deal would be invested in two new community colleges and high-speed broadband in rural areas of every state.,agrees,neutral,neutral,neutral,neutral,neutral,agrees,neutral,4,2,t0,0.0031014837910169,0.102603206225416,0.894295309983567,1.0,0.9,B,B,neither agrees nor disagrees,neither agrees nor disagrees
1356,1356,neutral,-0.25,Carbon offsets do more harm than help for native peoples.,disagrees,neutral,neutral,neutral,disagrees,neutral,agrees,disagrees,4,2,t1,0.5030828559382753,0.0231312860238026,0.4737858580379221,0.2,0.8,B,B,neither agrees nor disagrees,neither agrees nor disagrees
1357,1357,agrees,1.0,"If nothing is done to reduce emissions, global warming will be a very or somewhat serious problem in the future.",agrees,agrees,agrees,agrees,agrees,agrees,agrees,agrees,4,2,t10,0.0035640481856497,0.7668604310833329,0.2295755207310174,0.9,0.9,A,A,agrees,agrees
1358,1358,disagrees,-1.0,"Reining in carbon emissions is both futile and unnecessary, and that money is better spent adapting to what he says will be moderately higher temperatures.",disagrees,disagrees,disagrees,disagrees,disagrees,disagrees,disagrees,disagrees,4,2,t11,0.0021001611919331,0.96030490711908,0.0375949316889869,0.9,0.9,C,C,disagrees,disagrees
1359,1359,disagrees,-0.625,"Science doesn't know how bad the greenhouse effect is ""and that global warming is"" enmeshed in scientific uncertainty.",neutral,neutral,disagrees,disagrees,disagrees,disagrees,neutral,disagrees,4,2,t12,0.328289487318247,0.0044576848972834,0.6672528277844696,0.9,0.8,B,C,disagrees,neither agrees nor disagrees
1360,1360,neutral,0.125,Thereâs no safe way to pursue oil exploration in the frozen wastes of the Arctic Ocean.,agrees,neutral,neutral,neutral,neutral,neutral,neutral,neutral,4,2,t13,0.0016700370976324,0.9788890503677083,0.0194409125346591,0.8,0.9,A,A,agrees,agrees
1361,1361,agrees,0.875,"Greenhouse-gas emissions are causing global warming, and the rising temperatures are leading to the disappearance of Arctic Ocean ice, which is crucial to the health of polar bear populations.",agrees,agrees,agrees,neutral,agrees,agrees,agrees,agrees,4,2,t14,0.6282597680780404,0.0045249794635361,0.3672152524584234,1.0,0.95,A,A,agrees,agrees
1362,1362,neutral,0.125,"The great ice sheets are sensitive to small changes in the earthâs average temperature, caused by wobbles in its orbit around the sun.",neutral,neutral,neutral,neutral,neutral,neutral,agrees,neutral,4,2,t15,0.7097281275372213,0.0206394365826614,0.2696324358801172,0.9,0.8,B,A,agrees,neither agrees nor disagrees
1363,1363,agrees,1.0,Extreme storms will be much more frequent as a result of global warming.,agrees,agrees,agrees,agrees,agrees,agrees,agrees,agrees,4,2,t16,0.1990161472769356,0.0041208709310182,0.7968629817920461,1.0,0.9,A,A,agrees,agrees
1364,1364,neutral,0.0,"To be sure, the American greens have greater ambitions than just taxing carbon â like Macron.",neutral,neutral,neutral,neutral,disagrees,neutral,agrees,neutral,4,2,t17,0.0008746683638269,0.0010959478002942,0.9980293838358788,0.7,0.9,B,A,agrees,neither agrees nor disagrees
1365,1365,neutral,-0.25,"And contrary to the claims of many greens, when nuclear plants nuclear plants shut down, they are being replaced by fossil fuels, not renewables.",disagrees,neutral,neutral,neutral,neutral,disagrees,neutral,neutral,4,2,t18,0.000542075150243,0.9990316713116,0.0004262535381567,0.2,0.8,B,A,agrees,neither agrees nor disagrees
1366,1366,neutral,-0.125,The Trump budget would eliminate $250 million for NOAAâs coastal research programs that prepare communities for rising seas and worsening storms.,neutral,neutral,neutral,neutral,neutral,neutral,disagrees,neutral,4,2,t19,0.9989442919929366,0.0006254387989361,0.0004302692081273,1.0,0.9,A,A,agrees,agrees
1367,1367,agrees,0.625,"Worldwide levels of the chief greenhouse gas that causes global warming have hit a milestone, reaching an amount never before encountered by humans.",neutral,agrees,agrees,neutral,agrees,agrees,agrees,neutral,4,2,t2,0.8202261449849937,0.003592178424694,0.1761816765903122,1.0,0.95,A,A,agrees,agrees
1368,1368,neutral,0.25,"As the biggest emitter, China has to be on board for any global climate agreement to work.",neutral,neutral,neutral,neutral,agrees,agrees,neutral,neutral,4,2,t20,0.0025410587843491,0.0466999463730072,0.9507589948426438,1.0,0.8,B,A,agrees,neither agrees nor disagrees
1369,1369,neutral,0.25,The difference in ocean-surface temperatures from the Medieval Warm Period to the Little Ice Age is about 0.72 degrees F (0.4 degrees C) over 900 years.,neutral,neutral,neutral,neutral,agrees,neutral,agrees,neutral,4,2,t21,0.0012008467738949,0.99248319188441,0.0063159613416948,1.0,0.95,B,B,neither agrees nor disagrees,neither agrees nor disagrees
1370,1370,neutral,0.125,"Dust, ozone and carbon can accumulate in valleys and basins in California and other Western states.",neutral,neutral,neutral,neutral,agrees,neutral,neutral,neutral,4,2,t22,0.0014959430066768,0.0084990293080089,0.9900050276853144,1.0,0.95,B,B,neither agrees nor disagrees,neither agrees nor disagrees
1371,1371,neutral,0.0,Melting is not uniform.,neutral,neutral,neutral,neutral,neutral,neutral,neutral,neutral,4,2,t23,0.000515125088828,0.9990848416636962,0.0004000332474756,0.2,0.9,B,B,neither agrees nor disagrees,neither agrees nor disagrees
1372,1372,agrees,0.875,"A changing climate means that weather-related disasters like droughts, wildfires, storms, floods are potentially going to be costlier and theyâre going to be harsher.",agrees,agrees,agrees,neutral,agrees,agrees,agrees,agrees,4,2,t24,0.0423252029752642,0.0156889638307291,0.9419858331940064,1.0,0.9,A,A,agrees,agrees
1373,1373,neutral,0.125,A comprehensive and long-range plan to tackle global warming has yet to be passed.,neutral,neutral,neutral,neutral,agrees,neutral,neutral,neutral,4,2,t25,0.2617097128282475,0.0042467683006688,0.7340435188710835,0.9,0.2,B,A,agrees,neither agrees nor disagrees
1374,1374,agrees,0.125,Antarctica alone will make sea levels fall by between 2 and 14 cms this century because more snowfall will extract water from the sea.,disagrees,agrees,neutral,neutral,disagrees,neutral,agrees,agrees,4,2,t26,0.0085904253898941,0.0018990658980265,0.9895105087120792,0.9,0.8,B,C,disagrees,neither agrees nor disagrees
1375,1375,agrees,0.625,"Every gas station on it, every car should have a warning label on it, every product that has fossil fuels should have a warning label on it.",agrees,agrees,neutral,neutral,agrees,neutral,agrees,agrees,4,2,t27,0.003598650776306,0.2149231712491258,0.7814781779745682,1.0,0.8,A,A,agrees,agrees
1376,1376,neutral,-0.25,Global emissions of carbon dioxide are slowing somewhat from the rapid pace of the last decade.,neutral,neutral,neutral,neutral,disagrees,neutral,neutral,disagrees,4,2,t28,0.0028788285802687,0.0796560710074052,0.917465100412326,0.75,0.8,B,B,neither agrees nor disagrees,neither agrees nor disagrees
1377,1377,disagrees,-0.75,"When the media the media speak of unusually hot weather as a sign of global warming, the media never seem to look for places where it is unusually cold to show natureâs balance.",disagrees,disagrees,disagrees,disagrees,disagrees,disagrees,neutral,neutral,4,2,t29,0.002309703037921,0.0337563220793644,0.9639339748827144,0.75,0.8,C,B,neither agrees nor disagrees,disagrees
1378,1378,agrees,0.75,The trend will likely continue because of global warming.,agrees,agrees,neutral,neutral,agrees,agrees,agrees,agrees,4,2,t3,0.0008486571513167,0.001020609758553,0.9981307330901302,1.0,0.8,A,A,agrees,agrees
1379,1379,neutral,0.25,"The threat of future regulations, geopolitical instability, and overestimated reserves make fossil fuels financially risky.",agrees,neutral,neutral,neutral,neutral,neutral,neutral,agrees,4,2,t30,0.0011871115036672,0.9924058354469408,0.0064070530493917,0.8,0.8,A,A,agrees,agrees
1380,1380,disagrees,0.0,Natural climate swings are playing a greater role in the loss of ice from West Antarctica than global warming.,agrees,disagrees,neutral,neutral,agrees,disagrees,agrees,disagrees,4,2,t31,0.0022683027112257,0.0336959266403925,0.9640357706483816,0.9,0.7,C,C,disagrees,disagrees
1381,1381,neutral,0.0,"Scientists tease out relationships between Antarctic sea ice and natural climate variations, such as swings between El NiÃ±o and La NiÃ±a in the tropical Pacific.",neutral,neutral,neutral,neutral,neutral,neutral,neutral,neutral,4,2,t32,0.2761175452496454,0.4278767342295135,0.296005720520841,0.85,0.95,B,B,neither agrees nor disagrees,neither agrees nor disagrees
1382,1382,agrees,0.875,The overall increase in fire in northern regions would not be happening without global warming.,agrees,agrees,agrees,agrees,agrees,agrees,neutral,agrees,4,2,t33,0.0033563409195655,0.8050962898152448,0.1915473692651896,0.9,0.9,A,A,agrees,agrees
1383,1383,disagrees,-0.25,China to continue to expand its energy infrastructure and increase emissions through 2030 while American taxpayers and businesses foot the bill of his extremist global warming agenda.,disagrees,disagrees,agrees,neutral,disagrees,disagrees,agrees,neutral,4,2,t34,0.2002391633253897,0.0042188254193308,0.7955420112552795,1.0,0.9,C,C,disagrees,disagrees
1384,1384,neutral,0.0,"Action by the United States alone will not slow global warming significantly unless other large economies commit to carbon cuts, as well.",neutral,neutral,neutral,neutral,neutral,neutral,neutral,neutral,4,2,t35,0.947876006799446,0.0024357238604365,0.0496882693401174,0.9,0.8,B,A,agrees,neither agrees nor disagrees
1385,1385,disagrees,-1.0,"Global warming is not supported by data, despite scientific consensus to the contrary.",disagrees,disagrees,disagrees,disagrees,disagrees,disagrees,disagrees,disagrees,4,2,t36,0.0037271112698352,0.2190748626134356,0.7771980261167292,0.9,0.9,C,C,disagrees,disagrees
1386,1386,agrees,0.75,"Burning all the worldâs deposits of coal, oil and natural gas would raise the temperature enough to melt the entire ice sheet covering Antarctica, driving the level of the sea up by more than 160 feet.",agrees,agrees,neutral,neutral,agrees,agrees,agrees,agrees,4,2,t37,0.5996698577265578,0.3240815117437625,0.0762486305296796,1.0,0.95,A,A,agrees,agrees
1387,1387,agrees,0.5,Parks help cities become more resilient and sustainable as communities and governments try to lighten their carbon footprints and prepare for climate change.,agrees,neutral,neutral,neutral,agrees,agrees,neutral,agrees,4,2,t38,0.0008362168087875,0.0010357389237796,0.9981280442674328,1.0,0.9,A,A,agrees,agrees
1388,1388,agrees,0.75,People around the world are going to be greatly encouraged by the fact that 54 members of the United States Senate said they want to support a response to global warming â a real mandatory response.,agrees,agrees,neutral,neutral,agrees,agrees,agrees,agrees,4,2,t39,0.0009464465419864,0.9959583321695276,0.0030952212884859,1.0,0.9,A,A,agrees,agrees
1389,1389,neutral,-0.375,People would never accept carbon rationing.,neutral,neutral,neutral,neutral,disagrees,disagrees,disagrees,neutral,4,2,t4,0.8108476893969244,0.0837133342335298,0.1054389763695456,0.8,0.8,B,C,disagrees,neither agrees nor disagrees
1390,1390,agrees,0.75,The most expensive option for California is inaction in fighting global warming.,agrees,agrees,neutral,agrees,agrees,agrees,neutral,agrees,4,2,t40,0.0008640670252131,0.0010265921163605,0.9981093408584262,0.9,0.95,A,A,agrees,agrees
1391,1391,neutral,0.125,Reducing food waste from 20 to 50 percent globally could save $120 billion to $300 billion a year by 2030.,neutral,neutral,neutral,neutral,neutral,neutral,agrees,neutral,4,2,t41,0.9989080453344334,0.0006465933793065,0.0004453612862599,0.2,0.95,B,A,agrees,neither agrees nor disagrees
1392,1392,neutral,-0.375,The global fight against climate change is a threat to the American economy.,neutral,neutral,neutral,neutral,disagrees,disagrees,neutral,disagrees,4,2,t42,0.0020894017446603,0.9596729700815791,0.0382376281737606,0.8,0.8,C,C,disagrees,disagrees
1393,1393,neutral,0.0,It will be important to include this in our efforts to estimate whether the Antarctic ice sheet might become unstable and further increase sea level rise.,neutral,neutral,neutral,neutral,neutral,neutral,neutral,neutral,4,2,t43,0.003669849422622,0.7468593570520813,0.2494707935252967,1.0,0.8,A,A,agrees,agrees
1394,1394,neutral,-0.5,"With respect to climate change, it has yet to be determined precisely what the role of human activity is, and in particular, how sensitive the climate is to increased atmospheric carbon dioxide.",neutral,neutral,disagrees,disagrees,neutral,neutral,disagrees,disagrees,4,2,t44,0.0020908093599278,0.961093781761065,0.0368154088790072,0.75,0.8,B,B,neither agrees nor disagrees,neither agrees nor disagrees
1395,1395,agrees,0.875,"Ice at both ends of the Earth is melting far faster, and oceans are warming far faster, than previously thought, suggesting that scientific estimates of a warming planet have been too conservative.",agrees,neutral,agrees,agrees,agrees,agrees,agrees,agrees,4,2,t5,0.0018561569186917,0.9730039433855532,0.0251398996957549,0.9,0.95,A,A,agrees,agrees
1396,1396,disagrees,-0.5,It is nonetheless the case that once freed of the burden of having to earn a living or retain their tenure in an academe in thrall to the man-made global warming narrative.,disagrees,disagrees,disagrees,neutral,disagrees,neutral,neutral,neutral,4,2,t6,0.0015902662266113,0.0089836411561234,0.9894260926172652,0.8,0.8,C,C,disagrees,disagrees
1397,1397,disagrees,-0.375,"Mr. Pruitt is preparing to convene a âred teamâ of researchers to challenge the notion, broadly accepted among climate scientists, that carbon dioxide and other emissions from fossil fuels are the primary drivers of climate change.",neutral,neutral,neutral,disagrees,disagrees,disagrees,agrees,disagrees,4,2,t7,0.5034832709883033,0.004420708745668,0.4920960202660288,1.0,0.8,C,C,disagrees,disagrees
1398,1398,neutral,-0.25,"According to a NASA study in 2015, the land ice is actually growing in Antarctica.",neutral,neutral,neutral,neutral,disagrees,neutral,neutral,disagrees,4,2,t8,0.000858591717796,0.0010752267313991,0.9980661815508048,0.1,0.8,B,C,disagrees,neither agrees nor disagrees
1399,1399,neutral,0.0,"The United States reduce carbon dioxide emissions to the lowest level since the mid-1990s, even as emissions rise globally.",neutral,neutral,neutral,neutral,neutral,neutral,neutral,neutral,4,2,t9,0.4202798024165246,0.0045692834707658,0.5751509141127095,1.0,0.8,B,B,neither agrees nor disagrees,neither agrees nor disagrees
1400,1400,disagrees,-0.625,Global warming is a hoax.,disagrees,disagrees,neutral,neutral,disagrees,neutral,disagrees,disagrees,4,3,s0,,,,1.0,1.0,C,C,disagrees,disagrees
1401,1401,agrees,0.625,Alarming levels of sea level rise are predicted to threaten Florida over the next decades.,neutral,agrees,agrees,agrees,agrees,disagrees,agrees,agrees,4,3,s1,,,,1.0,0.95,A,A,agrees,agrees
1402,1402,neutral,0.125,"Over the past several years, the United States has seen an increase in business growth that has counteracted the lingering effects of the recession.",neutral,neutral,agrees,disagrees,neutral,agrees,neutral,neutral,4,3,s2,,,,0.0,0.95,B,B,neither agrees nor disagrees,neither agrees nor disagrees
1403,1403,agrees,0.875,Global warming is happening and it will be dangerous to human health and welfare.,agrees,agrees,agrees,neutral,agrees,agrees,agrees,agrees,4,3,s3,,,,1.0,0.95,A,A,agrees,agrees
1404,1404,neutral,0.125,Some icebergs are cute.,neutral,neutral,agrees,neutral,neutral,neutral,neutral,neutral,4,3,s4,,,,0.2,0.95,B,B,neither agrees nor disagrees,neither agrees nor disagrees
1405,1405,neutral,0.0,Europe become a global leader in reducing greenhouse gases.,neutral,neutral,agrees,neutral,neutral,disagrees,neutral,neutral,4,3,t0,0.0021175093286627,0.0024295876708059,0.9954529030005312,1.0,0.3,B,A,agrees,neither agrees nor disagrees
1406,1406,neutral,0.125,It is premature to conclude that human activities â and particularly greenhouse gas emissions that cause global warming â have already had a detectable impact on Atlantic hurricane or global tropical cyclone activity.,neutral,disagrees,agrees,agrees,neutral,agrees,neutral,disagrees,4,3,t1,0.391426342151588,0.0156699908859484,0.5929036669624635,0.9,0.8,C,B,neither agrees nor disagrees,disagrees
1407,1407,agrees,0.5,"The Obama administration new plan to cut carbon pollution from power plants will not just fight climate change, but will also quickly improve public health, preventing up to 100,000 asthma attacks and 2,100 heart attacks in the first year the rules take effect.",agrees,neutral,neutral,disagrees,agrees,agrees,agrees,agrees,4,3,t10,0.9951741710234508,0.0021437995173884,0.0026820294591607,1.0,0.9,A,A,agrees,agrees
1408,1408,agrees,0.625,We are melting down the future.,agrees,agrees,disagrees,neutral,agrees,agrees,agrees,agrees,4,3,t11,0.3953688284813262,0.0116547784965522,0.5929763930221215,1.0,0.9,A,A,agrees,agrees
1409,1409,agrees,0.5,"Winter precipitation to fall as rain rather than snow, meaning less melting snowpack to help parched states through the hotter summers.",neutral,agrees,agrees,neutral,agrees,agrees,disagrees,agrees,4,3,t12,0.8849324308706185,0.0028625314372642,0.1122050376921171,0.9,0.9,A,A,agrees,agrees
1410,1410,agrees,0.75,"The countryâs climate scientists and politicians have come to agree that by 2050, rising sea levels will inundate some 17 percent of the land and displace about 18 million people.",agrees,agrees,agrees,agrees,agrees,disagrees,agrees,agrees,4,3,t13,0.0015254106309503,0.994148727808446,0.0043258615606036,1.0,0.9,A,A,agrees,agrees
1411,1411,neutral,0.0,"To reduce carbon emissions, youâll accomplish a lot more by sorting paper and aluminum cans than by worrying about yogurt containers and half-eaten slices of pizza.",agrees,neutral,agrees,disagrees,neutral,disagrees,neutral,neutral,4,3,t14,0.001531403449371,0.994594040530844,0.003874556019785,0.2,0.7,A,A,agrees,agrees
1412,1412,agrees,0.5,Changes in rain and snowfall patterns and melting glaciers are reducing water availability and quality in many regions.,neutral,agrees,agrees,disagrees,agrees,neutral,agrees,agrees,4,3,t15,0.0034436827523371,0.9287575492351016,0.0677987680125613,0.9,0.9,A,A,agrees,agrees
1413,1413,agrees,0.625,A third round of global bleaching is ravaging the worldâs coral reefs.,agrees,neutral,neutral,neutral,agrees,agrees,agrees,agrees,4,3,t16,0.0015705535621028,0.000996323551008,0.9974331228868888,1.0,0.9,A,A,agrees,agrees
1414,1414,agrees,0.75,"By burning fossil fuels at a prodigious pace and pouring heat-trapping gases into the atmosphere, humanity is about to provoke an abrupt climate shift.",agrees,agrees,agrees,agrees,agrees,disagrees,agrees,agrees,4,3,t17,0.4505852573263972,0.4607606536046464,0.0886540890689565,0.9,0.95,A,A,agrees,agrees
1415,1415,agrees,0.875,"Throughout her career, the global lack of action to slow climate change had become an increasingly alarming issue.",agrees,agrees,agrees,agrees,agrees,agrees,agrees,neutral,4,3,t18,0.0061202443947092,0.8846799946558707,0.10919976094942,0.9,0.95,A,A,agrees,agrees
1416,1416,neutral,0.375,"The surface temperatures of the Mediterranean Sea cooled rapidly during this time, severely reducing precipitation over the coasts.",neutral,neutral,disagrees,agrees,agrees,agrees,agrees,neutral,4,3,t19,0.0032860259693123,0.993187507611708,0.0035264664189796,1.0,0.9,B,B,neither agrees nor disagrees,neither agrees nor disagrees
1417,1417,disagrees,-0.625,The scientists are wrong when they say global warming is real.,disagrees,disagrees,agrees,neutral,disagrees,disagrees,disagrees,disagrees,4,3,t2,0.1201252183938222,0.7887088068906543,0.0911659747155236,1.0,0.95,C,C,disagrees,disagrees
1418,1418,neutral,0.0,U.s. carbon dioxide emissions dropped dramatically during Trumpâs first year in office.,neutral,disagrees,agrees,disagrees,neutral,agrees,neutral,neutral,4,3,t20,0.0019949052284411,0.9960713585537572,0.0019337362178019,0.2,0.8,B,A,agrees,neither agrees nor disagrees
1419,1419,disagrees,-0.25,"Science at this point cannot make the link between the specific greenhouse-gas emissions from, say, Kansas, and link it to the effect on a subset of polar bears or an individual polar bear in the Arctic region.",disagrees,disagrees,neutral,agrees,disagrees,neutral,neutral,neutral,4,3,t21,0.00792804241539,0.0596429698101236,0.9324289877744864,0.85,0.8,C,B,neither agrees nor disagrees,disagrees
1420,1420,agrees,0.625,"Continued global warming poses a risk of rapid, drastic changes in some human and natural systems.",agrees,agrees,agrees,disagrees,agrees,neutral,agrees,agrees,4,3,t22,0.0052210543053095,0.9355854565740818,0.0591934891206086,0.9,0.95,A,A,agrees,agrees
1421,1421,neutral,0.375,"Prosecutors may decide to investigate companies that chose to fund or join organizations that questioned climate science or policies designed to address the problem, such as the Global Climate Coalition and the American Legislative Exchange Council, to see if discrepancies exist between the companiesâ public and private statements.",neutral,neutral,agrees,agrees,neutral,agrees,neutral,neutral,4,3,t23,0.0040624878233921,0.8752160279302036,0.1207214842464042,0.85,0.8,A,B,neither agrees nor disagrees,agrees
1422,1422,neutral,-0.125,The U.S. going back to the stone age will not do anything to stop global warming.,disagrees,neutral,neutral,neutral,neutral,agrees,neutral,disagrees,4,3,t24,0.0020484739685124,0.9959688992525731,0.0019826267789142,1.0,0.8,C,A,agrees,disagrees
1423,1423,disagrees,-0.5,There is not one science or environment correspondent attached to any mainstream media publication prepared to do their due diligence on global warming scare stories.,disagrees,disagrees,agrees,agrees,disagrees,disagrees,disagrees,disagrees,4,3,t25,0.00359183837494,0.9053349249014216,0.0910732367236383,0.9,0.8,C,C,disagrees,disagrees
1424,1424,neutral,0.25,"When liberals talk about the dire threat of global warming, liberalsâre actually seizing opportunistically on the issue.",agrees,disagrees,agrees,agrees,neutral,agrees,disagrees,neutral,4,3,t26,0.0101142193339609,0.3724068427856504,0.6174789378803888,0.9,0.9,C,C,disagrees,disagrees
1425,1425,neutral,0.375,"If we create the right environment for innovation, we can accelerate the pace of progress, develop and deploy new solutions, and eventually provide everyone with reliable, affordable energy that is carbon free.",neutral,neutral,agrees,agrees,neutral,agrees,neutral,neutral,4,3,t27,0.1047209981819871,0.0091471627447166,0.8861318390732963,0.2,0.8,B,A,agrees,neither agrees nor disagrees
1426,1426,agrees,0.75,"The United States of America has disproportionately contributed to the climate and ecological crises and to preventing a transition away from fossil fuels, and Americans thus bear an extraordinary responsibility to solve the crises.",agrees,agrees,agrees,agrees,agrees,disagrees,agrees,agrees,4,3,t28,0.6136697103667658,0.0064215513391787,0.3799087382940553,1.0,0.95,A,A,agrees,agrees
1427,1427,agrees,0.75,"Climate change is upon us and that the last thing we should do is double down on drilling for oil, especially in a national treasure like the Arctic refuge.",agrees,agrees,agrees,disagrees,agrees,agrees,agrees,agrees,4,3,t29,0.0025652269558063,0.994252319094672,0.0031824539495215,0.9,0.95,A,A,agrees,agrees
1428,1428,neutral,-0.125,About one-third of the measuring stations in the team's global sample indicated cooling trends.,neutral,neutral,agrees,agrees,disagrees,disagrees,disagrees,neutral,4,3,t3,0.0016975758572411,0.0053975569912891,0.9929048671514696,0.9,0.8,B,C,disagrees,neither agrees nor disagrees
1429,1429,agrees,1.0,Future storms will be slightly stronger because of global warming and sea level is rising faster than researchers once thought.,agrees,agrees,agrees,agrees,agrees,agrees,agrees,agrees,4,3,t30,0.2941954491043779,0.0057061846705375,0.7000983662250844,0.9,0.9,A,A,agrees,agrees
1430,1430,agrees,0.75,Sea temperatures are rising.,agrees,agrees,agrees,neutral,agrees,agrees,neutral,agrees,4,3,t31,0.9949731975127064,0.0031747931099834,0.0018520093773103,1.0,0.9,A,A,agrees,agrees
1431,1431,disagrees,-0.25,Rising global temperatures are not necessarily a bad thing and humans have flourished during times of warming trends.,neutral,disagrees,agrees,disagrees,neutral,agrees,disagrees,disagrees,4,3,t32,0.4397867204157733,0.1289078636413279,0.4313054159428989,0.9,0.9,C,C,disagrees,disagrees
1432,1432,agrees,0.875,"The added burden of climate change, with climate change potentially negative effects on sea life, makes the establishment of refuges even more urgent.",agrees,agrees,agrees,agrees,agrees,neutral,agrees,agrees,4,3,t33,0.0016591891155933,0.0053629393096551,0.9929778715747516,0.9,0.9,A,A,agrees,agrees
1433,1433,neutral,0.5,No more than one-third of proven reserves of fossil fuels can be consumed prior to 2050 unless carbon capture and storage technology is widely deployed.,neutral,neutral,agrees,agrees,agrees,neutral,neutral,agrees,4,3,t34,0.0019751379049975,0.996069375133511,0.0019554869614915,1.0,0.9,A,A,agrees,agrees
1434,1434,neutral,0.0,One-in-100 year floods are starting to happen every 50 years.,neutral,neutral,agrees,disagrees,neutral,disagrees,agrees,neutral,4,3,t35,0.002237313378404,0.9957814163374448,0.0019812702841511,0.9,0.8,A,A,agrees,agrees
1435,1435,agrees,0.5,"The best place to begin is air travel, with its big carbon footprint.",agrees,neutral,agrees,neutral,agrees,disagrees,agrees,agrees,4,3,t36,0.0012008055465775,0.99704307177764,0.0017561226757825,0.9,0.8,A,A,agrees,agrees
1436,1436,disagrees,-0.625,Climate scientists can't attribute a single weather event like the Chinese heat wave to man-made global warming.,neutral,disagrees,agrees,disagrees,disagrees,disagrees,disagrees,disagrees,4,3,t37,0.00369125658608,0.902747044312966,0.093561699100954,0.8,0.8,B,B,neither agrees nor disagrees,neither agrees nor disagrees
1437,1437,neutral,0.25,Solar activity has varied a bit while global temperature keeps going up.,neutral,neutral,neutral,neutral,agrees,agrees,neutral,neutral,4,3,t38,0.7376207100790935,0.009805435033651,0.2525738548872555,0.8,0.8,A,A,agrees,agrees
1438,1438,disagrees,-0.5,Humans are not to blame for global warming.,disagrees,disagrees,disagrees,neutral,disagrees,agrees,neutral,disagrees,4,3,t39,0.0013470345214893,0.9959320452273116,0.0027209202511991,0.9,0.9,C,C,disagrees,disagrees
1439,1439,disagrees,-0.5,The alleged â consensus â behind the dangers of anthropogenic global warming is not nearly as settled among climate scientists as people imagine.,disagrees,neutral,neutral,neutral,disagrees,neutral,disagrees,disagrees,4,3,t4,0.0051628583686243,0.3896915216317065,0.6051456199996691,0.9,0.9,C,C,disagrees,disagrees
1440,1440,neutral,0.375,"Representative Markey wants to subpoena the EPA for its failure to turn over documents related to global warming, including the EPA 's draft proposal to regulate greenhouse gas emissions.",neutral,neutral,agrees,agrees,neutral,agrees,neutral,neutral,4,3,t40,0.0085011103019968,0.0931979029686269,0.8983009867293762,1.0,0.8,B,A,agrees,neither agrees nor disagrees
1441,1441,neutral,0.25,The fossil fuel industryâs tactics come straight out of the tobacco playbook.,neutral,neutral,agrees,disagrees,neutral,agrees,neutral,agrees,4,3,t41,0.0056826522064591,0.8955198922562337,0.098797455537307,0.8,0.85,A,A,agrees,agrees
1442,1442,agrees,0.75,A good year for sea ice in the Antarctic in no way nullifies the precipitous drop in Arctic sea-ice levels year after year â or the mounds of other evidence indicating global warming is really happening.,agrees,agrees,agrees,agrees,neutral,neutral,agrees,agrees,4,3,t42,0.9525708026308471,0.0045958039328378,0.0428333934363148,1.0,1.0,A,A,agrees,agrees
1443,1443,agrees,0.75,Global warming can increase snowfall by boosting the amount of moisture in the air.,neutral,agrees,agrees,agrees,agrees,agrees,neutral,agrees,4,3,t43,0.0036568448077255,0.0789449794041779,0.9173981757880966,0.5,0.8,B,B,neither agrees nor disagrees,neither agrees nor disagrees
1444,1444,neutral,0.375,The truth's very difficult to predict exactly how burning fossil fuels will impact the global climate.,neutral,neutral,agrees,agrees,neutral,agrees,neutral,neutral,4,3,t44,0.9138900966537216,0.0040305425150645,0.0820793608312138,0.8,0.8,B,B,neither agrees nor disagrees,neither agrees nor disagrees
1445,1445,agrees,0.75,Action is needed now to counter effects from a further rise in sea level.,agrees,agrees,agrees,neutral,agrees,neutral,agrees,agrees,4,3,t5,0.0015705319034433,0.005256559758768,0.9931729083377888,1.0,0.9,A,A,agrees,agrees
1446,1446,agrees,0.875,"Climate change is a global problem, and requires that the international community cooperate in its response.",agrees,agrees,neutral,agrees,agrees,agrees,agrees,agrees,4,3,t6,0.0064628188764616,0.118385725329099,0.8751514557944392,1.0,0.9,A,A,agrees,agrees
1447,1447,agrees,0.625,Seas in the region could rise five to six feet by 2100.,neutral,agrees,agrees,neutral,agrees,neutral,agrees,agrees,4,3,t7,0.0036526754571383,0.8997661957691331,0.0965811287737286,1.0,0.9,A,A,agrees,agrees
1448,1448,neutral,-0.125,Alaskans have something of an appetite for a carbon tax.,neutral,neutral,neutral,neutral,neutral,disagrees,neutral,neutral,4,3,t8,0.004706817699388,0.7358425240726792,0.2594506582279327,0.2,0.8,B,B,neither agrees nor disagrees,neither agrees nor disagrees
1449,1449,agrees,0.125,"Climate-change skeptics earn mainstream adherents last year, as global temperatures hung perilously close to falling beneath even the lowest model projections.",neutral,disagrees,agrees,agrees,agrees,disagrees,disagrees,agrees,4,3,t9,0.0016545627409028,0.0054363189854357,0.9929091182736616,0.2,0.9,C,A,agrees,disagrees
1450,1450,disagrees,-1.0,Global warming is a hoax.,disagrees,disagrees,disagrees,disagrees,disagrees,disagrees,disagrees,disagrees,4,4,s0,,,,1.0,1.0,C,C,disagrees,disagrees
1451,1451,agrees,0.875,Alarming levels of sea level rise are predicted to threaten Florida over the next decades.,agrees,neutral,agrees,agrees,agrees,agrees,agrees,agrees,4,4,s1,,,,1.0,0.95,A,A,agrees,agrees
1452,1452,neutral,0.0,"Over the past several years, the United States has seen an increase in business growth that has counteracted the lingering effects of the recession.",neutral,neutral,neutral,neutral,neutral,neutral,neutral,neutral,4,4,s2,,,,0.0,1.0,B,B,neither agrees nor disagrees,neither agrees nor disagrees
1453,1453,agrees,1.0,Global warming is happening and it will be dangerous to human health and welfare.,agrees,agrees,agrees,agrees,agrees,agrees,agrees,agrees,4,4,s3,,,,1.0,0.95,A,A,agrees,agrees
1454,1454,neutral,0.0,Some icebergs are cute.,neutral,neutral,neutral,neutral,neutral,neutral,neutral,neutral,4,4,s4,,,,0.2,0.95,B,B,neither agrees nor disagrees,neither agrees nor disagrees
1455,1455,agrees,0.875,Some form of carbon capture and storage (or recycling) ultimately will be needed to counter global warming.,agrees,agrees,agrees,agrees,agrees,agrees,agrees,neutral,4,4,t0,0.0011816494968868,0.9886738561731776,0.0101444943299357,1.0,0.9,A,A,agrees,agrees
1456,1456,neutral,-0.125,"Averaged over the period, sea-surface temperatures in the eastern equatorial Pacific are cooler than normal.",neutral,neutral,neutral,neutral,neutral,disagrees,neutral,neutral,4,4,t1,0.0427727975189008,0.0031251865216884,0.9541020159594106,1.0,0.9,B,B,neither agrees nor disagrees,neither agrees nor disagrees
1457,1457,neutral,0.0,"The sea level used to be much higher, and that tsunamis over the years have washed more and more sand on the shore, which created natural layers that could give Mr. Sieh a clue towards the frequency of tsunamis over time.",neutral,neutral,neutral,neutral,neutral,neutral,neutral,neutral,4,4,t10,0.0022010609384386,0.9267341050733188,0.0710648339882425,0.05,0.95,B,B,neither agrees nor disagrees,neither agrees nor disagrees
1458,1458,agrees,0.625,There are natural ways to address the modern global warming problem.,neutral,agrees,agrees,agrees,agrees,neutral,agrees,neutral,4,4,t11,0.1269548457225144,0.0411576125821057,0.8318875416953798,0.2,0.8,B,A,agrees,neither agrees nor disagrees
1459,1459,disagrees,-0.625,"If the Keystone XL pipeline, which American environmentalists oppose, is not built, the oil would still be extracted at the same rate but would be shipped by rail, so building the pipeline would not increase carbon emissions significantly.",neutral,disagrees,neutral,disagrees,disagrees,disagrees,neutral,disagrees,4,4,t12,0.5881767157573489,0.0051296727474264,0.4066936114952247,0.8,0.8,B,B,neither agrees nor disagrees,neither agrees nor disagrees
1460,1460,neutral,0.0,Many fossil-fuel companies have made similar contributions to such organizations and scientists over the years.,neutral,neutral,neutral,neutral,neutral,neutral,neutral,neutral,4,4,t13,0.0020316566095667,0.0462363137192585,0.9517320296711748,0.2,0.95,B,B,neither agrees nor disagrees,neither agrees nor disagrees
1461,1461,neutral,0.0,It puts a little time back on the carbon clock.,neutral,neutral,neutral,neutral,disagrees,neutral,neutral,agrees,4,4,t14,0.9982200798138527,0.0010605110465092,0.0007194091396379,0.7,0.9,B,A,agrees,neither agrees nor disagrees
1462,1462,neutral,-0.125,"This extended absence of solar activity may have been partly responsible for the Little Ice Age in Europe, during which temperatures were colder by about 1.8 degrees F than they are today.",neutral,neutral,disagrees,disagrees,agrees,neutral,neutral,neutral,4,4,t15,0.0018304133318305,0.9577696742164892,0.0403999124516802,0.8,0.9,B,B,neither agrees nor disagrees,neither agrees nor disagrees
1463,1463,agrees,0.625,"And ocean acidification, which comes from the added carbon absorbed by oceans, will harm marine life.",neutral,neutral,neutral,agrees,agrees,agrees,agrees,agrees,4,4,t16,0.2786082825593079,0.0049551479504752,0.7164365694902168,0.9,0.9,A,A,agrees,agrees
1464,1464,neutral,0.375,"Between 1982 and 1999, global net primary production â a key measure of plants 'carbon uptake â rose 6 percent, or roughly 3 percent per decade.",neutral,neutral,agrees,agrees,agrees,neutral,neutral,neutral,4,4,t17,0.0032857330127812,0.6583642577415298,0.3383500092456889,0.75,0.8,B,B,neither agrees nor disagrees,neither agrees nor disagrees
1465,1465,agrees,0.875,"If the natural sinks can't keep pace with the increased CO2 emissions, then the physical and biological impacts of global warming will accelerate over the next century.",agrees,neutral,agrees,agrees,agrees,agrees,agrees,agrees,4,4,t18,0.0007360632028247,0.0010896339484762,0.9981743028486988,0.9,0.9,A,A,agrees,agrees
1466,1466,disagrees,-0.625,Just how vacuous the global warming narrative has become.,neutral,neutral,neutral,disagrees,disagrees,disagrees,disagrees,disagrees,4,4,t19,0.0030744938529713,0.7617432144776228,0.2351822916694057,0.9,0.9,C,C,disagrees,disagrees
1467,1467,agrees,0.75,We had just lived through the third consecutive year of the highest global temperatures on record and the lowest levels of Arctic ice.,agrees,neutral,agrees,agrees,agrees,neutral,agrees,agrees,4,4,t2,0.6804293869785932,0.0049402405446637,0.3146303724767429,0.9,0.95,A,A,agrees,agrees
1468,1468,agrees,1.0,"Global-warming-driven extreme weather events â droughts, floods and wildfires â are sharply on the rise and we are staring through the last window of time to mitigate climate change so that we can manage the impacts that are already unavoidable and avoid the impacts that will be terrifyingly unmanageable.",agrees,agrees,agrees,agrees,agrees,agrees,agrees,agrees,4,4,t20,0.0007552384743969,0.001142249698063,0.99810251182754,1.0,0.95,A,A,agrees,agrees
1469,1469,agrees,0.25,Carbon dioxide has a fundamentally different mode of warming than natural climate change.,neutral,neutral,disagrees,agrees,agrees,agrees,neutral,neutral,4,4,t21,0.0264433735266587,0.0334207637093041,0.9401358627640372,0.8,0.7,A,A,agrees,agrees
1470,1470,disagrees,-1.0,"World temperatures have gone up only very slowly, less than half as fast as the scientific consensus predicted in 1990 when the global-warming scare began in earnest.",disagrees,disagrees,disagrees,disagrees,disagrees,disagrees,disagrees,disagrees,4,4,t22,0.2105832243848292,0.0440004996563393,0.7454162759588314,0.9,0.9,C,C,disagrees,disagrees
1471,1471,neutral,0.375,These new results will help us answer important questions in terms of both sea-level rise and how the planet's cold regions are responding to global change.,agrees,neutral,neutral,neutral,neutral,agrees,agrees,neutral,4,4,t23,0.0027785415059809,0.8113946920436295,0.1858267664503896,1.0,0.8,B,A,agrees,neither agrees nor disagrees
1472,1472,agrees,0.75,"Separating waste by type is anything but fussy, especially in the age of climate change, when scientists have shown that global warming is producing wetter storms and contributing to more destructive storm surges, and could also be making some storms more powerful.",agrees,agrees,agrees,agrees,disagrees,agrees,agrees,agrees,4,4,t24,0.0034643445448995,0.3317752222004526,0.6647604332546478,1.0,0.9,A,A,agrees,agrees
1473,1473,agrees,0.5,Emissions of carbon dioxide would cause the planet to warm.,neutral,neutral,neutral,agrees,agrees,agrees,agrees,neutral,4,4,t25,0.0010491570555361,0.9924327096941992,0.0065181332502649,1.0,0.8,A,A,agrees,agrees
1474,1474,neutral,0.375,The White House is abdicating its leadership and taking a backseat to other countries in the global fight against climate change.,neutral,neutral,agrees,neutral,agrees,neutral,agrees,neutral,4,4,t26,0.7935085871667458,0.0045934042185372,0.2018980086147168,0.9,0.9,A,A,agrees,agrees
1475,1475,disagrees,-1.0,"Environmental-extremist scientists have tampered with the raw data by adding an imagined (and imaginary) âglobal isostatic adjustmentâ, torturing the data until they show a rate of sea-level rise that has not in reality occurred.",disagrees,disagrees,disagrees,disagrees,disagrees,disagrees,disagrees,disagrees,4,4,t27,0.0004903700405776,0.9990206207352756,0.0004890092241468,0.9,0.9,C,C,disagrees,disagrees
1476,1476,agrees,0.625,Countries would recognize the dangers of continuing to dig up and burn the worldâs fossil fuels.,agrees,neutral,neutral,agrees,agrees,agrees,agrees,neutral,4,4,t28,0.0630412794572316,0.4479036209093973,0.489055099633371,0.9,0.9,A,A,agrees,agrees
1477,1477,disagrees,-1.0,"Carrying a climate agenda even further, through measures like a carbon tax on gasoline, natural gas and other products, would hurt ordinary Washingtonians.",disagrees,disagrees,disagrees,disagrees,disagrees,disagrees,disagrees,disagrees,4,4,t29,0.9981765122562302,0.00109981659035,0.0007236711534198,0.8,0.8,C,C,disagrees,disagrees
1478,1478,neutral,-0.125,Global warming was much more of an abstraction to New York City until two years ago.,disagrees,disagrees,neutral,neutral,agrees,neutral,neutral,neutral,4,4,t3,0.0034987097657004,0.4552890015765472,0.5412122886577524,0.9,0.8,B,A,agrees,neither agrees nor disagrees
1479,1479,neutral,-0.375,Scientists disagreed on whether global warming is happening.,disagrees,neutral,disagrees,neutral,neutral,neutral,disagrees,neutral,4,4,t30,0.0128250102110545,0.9860666035045036,0.0011083862844416,1.0,0.8,C,B,neither agrees nor disagrees,disagrees
1480,1480,agrees,0.375,"Even if countries slammed the brakes on emissions today, the climate would continue to warm because carbon dioxide remains in the atmosphere for centuries.",neutral,neutral,agrees,agrees,disagrees,agrees,agrees,neutral,4,4,t31,0.0032429238029007,0.6585341857527984,0.3382228904443008,1.0,0.9,A,A,agrees,agrees
1481,1481,neutral,0.375,"Now we've got to move away from coal and all the other fossil fuels, but I don't want to move away from the people who did the best they could to produce the energy that we relied on.",agrees,agrees,disagrees,neutral,agrees,neutral,neutral,agrees,4,4,t32,0.0033918358454101,0.3608067750092634,0.6358013891453264,0.8,0.8,A,A,agrees,agrees
1482,1482,neutral,0.375,Global warming might become a problem.,agrees,neutral,neutral,neutral,agrees,agrees,neutral,neutral,4,4,t33,0.9982354149886488,0.0010602141211856,0.0007043708901656,0.8,0.5,B,A,agrees,neither agrees nor disagrees
1483,1483,neutral,0.0,Economic success has historically been closely linked to the use of fossil fuels.,neutral,neutral,neutral,neutral,neutral,neutral,neutral,neutral,4,4,t34,0.0027714545077137,0.8510513294097432,0.1461772160825432,0.2,0.8,B,A,agrees,neither agrees nor disagrees
1484,1484,agrees,0.875,"Heat waves in recent years have become more intense, a consequence of global warming.",agrees,neutral,agrees,agrees,agrees,agrees,agrees,agrees,4,4,t35,0.9981626063099098,0.0011129739035706,0.0007244197865194,1.0,0.95,A,A,agrees,agrees
1485,1485,agrees,0.5,"If global average temperatures reach 1.6 degrees C (2.9 degrees F.) above preindustrial levels, the iconic ice sheet probably will tip toward irreversible loss.",agrees,neutral,neutral,agrees,agrees,agrees,neutral,neutral,4,4,t36,0.4016188738701195,0.0050739679924673,0.5933071581374132,1.0,0.9,A,A,agrees,agrees
1486,1486,agrees,0.75,Britain should help lead the global response to climate change.,agrees,neutral,agrees,agrees,agrees,agrees,agrees,neutral,4,4,t37,0.0353771042539122,0.7715765511628805,0.1930463445832072,1.0,0.9,A,A,agrees,agrees
1487,1487,neutral,0.0,Snow and ice is going to be frozen in place.,neutral,neutral,neutral,neutral,neutral,neutral,neutral,neutral,4,4,t38,0.0625026548341508,0.4916691890839754,0.4458281560818737,0.2,0.9,B,B,neither agrees nor disagrees,neither agrees nor disagrees
1488,1488,disagrees,-1.0,"Two of climate alarmists favorite bellwethers of global warming doom Greenland and the South Pole, are cooling not warming.",disagrees,disagrees,disagrees,disagrees,disagrees,disagrees,disagrees,disagrees,4,4,t39,0.0033879030754884,0.3444541830840261,0.6521579138404854,0.9,0.9,C,C,disagrees,disagrees
1489,1489,disagrees,-0.5,"Antarctica was once a lush, green continent, icing over only in the past 35 million years, amid a general cooling of the worldâs climate.",disagrees,neutral,neutral,disagrees,disagrees,disagrees,neutral,neutral,4,4,t4,0.0007501631008315,0.0010899996349444,0.9981598372642242,1.0,0.9,B,C,disagrees,neither agrees nor disagrees
1490,1490,agrees,0.75,"The vulnerability of the gauges comes in part from the continuing rise of the sea, which is believed to be caused largely by human emissions of greenhouse gases.",agrees,neutral,agrees,agrees,neutral,agrees,agrees,agrees,4,4,t40,0.0010377416311476,0.9922783306068108,0.0066839277620415,1.0,0.9,A,A,agrees,agrees
1491,1491,agrees,0.375,Reducing carbon emissions would also reduce airborne hazards like mercury and ozone.,neutral,neutral,neutral,agrees,agrees,agrees,neutral,neutral,4,4,t41,0.0034356365565815,0.6037826139332362,0.3927817495101822,0.9,0.8,A,A,agrees,agrees
1492,1492,neutral,-0.125,The Arctic had the power to put the United States into a deep freeze if you read the Associated Press story published in mid-December.,disagrees,neutral,neutral,neutral,neutral,neutral,neutral,neutral,4,4,t42,0.0018508661140572,0.9568254347244256,0.041323699161517,0.8,0.95,B,A,agrees,neither agrees nor disagrees
1493,1493,agrees,0.25,"Together, we've held our carbon emissions to levels not seen in about 20 years.",neutral,agrees,neutral,agrees,disagrees,agrees,neutral,neutral,4,4,t43,0.000770202019452,0.0011508051386317,0.9980789928419164,0.8,0.8,B,A,agrees,neither agrees nor disagrees
1494,1494,disagrees,-1.0,There is no real-world evidence that supports man-made global warming theory.,disagrees,disagrees,disagrees,disagrees,disagrees,disagrees,disagrees,disagrees,4,4,t44,0.9982215653069006,0.0010741758833585,0.0007042588097407,0.9,0.95,C,C,disagrees,disagrees
1495,1495,neutral,0.125,"Methane, the chief component of natural gas, is a powerful greenhouse gas in the short term, with more than 80 times the effect of carbon dioxide in its first 20 years in the atmosphere.",neutral,neutral,neutral,agrees,neutral,neutral,neutral,neutral,4,4,t5,0.0018256138895502,0.9596021522262156,0.0385722338842342,1.0,0.9,A,A,agrees,agrees
1496,1496,disagrees,-1.0,The hurricane isnât âentirely a product of climate changeâ and severe weather has existed for eons before fossil fuels were used.,disagrees,disagrees,disagrees,disagrees,disagrees,disagrees,disagrees,disagrees,4,4,t6,0.0033905843482182,0.3686151020728641,0.6279943135789178,0.8,0.8,C,B,neither agrees nor disagrees,disagrees
1497,1497,agrees,0.75,"Global warming may be contributing to huge fissures on Fuji 's slopes, prone to erosion and landslides.",agrees,neutral,agrees,agrees,agrees,agrees,agrees,neutral,4,4,t7,0.0338707006674303,0.0029761892879838,0.9631531100445858,0.9,0.8,A,A,agrees,agrees
1498,1498,neutral,-0.375,"Global climate change falls outside of the scope of NEPA, so the guidance has no legal basisâ particularly since Goldfuss, the acting head of the CEQ, has not been confirmed by the Senate.",neutral,neutral,neutral,disagrees,disagrees,neutral,neutral,disagrees,4,4,t8,0.0406663580906643,0.4110663063077649,0.5482673356015708,0.2,0.8,C,B,neither agrees nor disagrees,disagrees
1499,1499,agrees,0.5,New farming techniques will put some of that carbon back into the ground and help stem the rising tide of global warming.,neutral,neutral,neutral,agrees,agrees,agrees,agrees,neutral,4,4,t9,0.9981719759728588,0.0010891653905345,0.0007388586366065,1.0,0.9,A,A,agrees,agrees
1500,1500,disagrees,-1.0,Global warming is a hoax.,disagrees,disagrees,disagrees,disagrees,disagrees,disagrees,disagrees,disagrees,4,5,s0,,,,1.0,1.0,C,C,disagrees,disagrees
1501,1501,agrees,0.5,Alarming levels of sea level rise are predicted to threaten Florida over the next decades.,neutral,agrees,agrees,agrees,neutral,neutral,agrees,neutral,4,5,s1,,,,1.0,0.95,A,A,agrees,agrees
1502,1502,neutral,0.0,"Over the past several years, the United States has seen an increase in business growth that has counteracted the lingering effects of the recession.",neutral,neutral,neutral,neutral,neutral,neutral,neutral,neutral,4,5,s2,,,,0.0,0.95,B,B,neither agrees nor disagrees,neither agrees nor disagrees
1503,1503,agrees,1.0,Global warming is happening and it will be dangerous to human health and welfare.,agrees,agrees,agrees,agrees,agrees,agrees,agrees,agrees,4,5,s3,,,,1.0,0.95,A,A,agrees,agrees
1504,1504,neutral,0.0,Some icebergs are cute.,neutral,neutral,neutral,neutral,neutral,neutral,neutral,neutral,4,5,s4,,,,0.2,0.95,B,B,neither agrees nor disagrees,neither agrees nor disagrees
1505,1505,neutral,0.375,"Countries like China and India, which rank among the top greenhouse gas emitters globally, and are plagued by worsening air pollution, have shown growing interest in sustainable, environmentally friendly buildings.",neutral,agrees,agrees,neutral,agrees,neutral,neutral,neutral,4,5,t0,0.0032736726345139,0.3503702125887797,0.6463561147767063,0.8,0.8,A,A,agrees,agrees
1506,1506,disagrees,-0.5,The global warming agenda is a loser for them with the American people.,agrees,disagrees,disagrees,neutral,disagrees,disagrees,disagrees,neutral,4,5,t1,0.9156800359646328,0.0104482338619515,0.0738717301734156,0.9,0.9,C,C,disagrees,disagrees
1507,1507,disagrees,-0.25,"The Earth probably last had this much carbon dioxide in the atmosphere at least a few million years ago, when sea levels are higher.",disagrees,disagrees,agrees,neutral,disagrees,disagrees,agrees,neutral,4,5,t10,0.0004036215482971,0.0004703689924038,0.999126009459299,0.9,0.8,A,A,agrees,agrees
1508,1508,neutral,-0.375,"It provides a physical basis for the current global mean temperature leveling off, while at the same time, points to this equatorial cold tongue as being the major driver for that.",neutral,neutral,disagrees,neutral,disagrees,neutral,disagrees,neutral,4,5,t11,0.6013957028045027,0.0739977338427459,0.3246065633527513,0.75,0.9,B,B,neither agrees nor disagrees,neither agrees nor disagrees
1509,1509,agrees,0.625,"The steady retreat of sea ice sea ice may have a residual effect on all sorts of other things, like the ice covering Greenland or storms in New England.",neutral,agrees,agrees,neutral,agrees,agrees,agrees,neutral,4,5,t12,0.0021616222033713,0.922395149014242,0.0754432287823865,0.9,0.8,A,A,agrees,agrees
1510,1510,disagrees,-0.75,The impact of urban heat on rising global average temperatures is tiny.,disagrees,neutral,disagrees,disagrees,disagrees,neutral,disagrees,disagrees,4,5,t13,0.0025271431807098,0.8728825834034439,0.1245902734158462,0.8,0.7,C,B,neither agrees nor disagrees,disagrees
1511,1511,neutral,-0.125,Alternative-energy technologies will not advance and ignore jobs that might be created in new low-carbon industries.,disagrees,disagrees,agrees,neutral,neutral,neutral,neutral,neutral,4,5,t14,0.0028522893804709,0.1865096076382684,0.8106381029812606,0.2,0.8,B,C,disagrees,neither agrees nor disagrees
1512,1512,agrees,0.875,De-carbonization is not happening fast enough.,neutral,agrees,agrees,agrees,agrees,agrees,agrees,agrees,4,5,t15,0.002096008027742,0.9229037947441914,0.0750001972280665,1.0,0.9,A,A,agrees,agrees
1513,1513,disagrees,-0.375,The findings will infuriate environmental campaigners who argue by 2030 we could be facing increased sea levels and flooding due to glacial melt at the poles.,disagrees,disagrees,disagrees,neutral,disagrees,agrees,neutral,neutral,4,5,t16,0.0009891879166451,0.9913304587718008,0.007680353311554,0.9,0.9,A,A,agrees,agrees
1514,1514,disagrees,-0.75,Fossil fuels are the moral choice for the developing world.,disagrees,disagrees,disagrees,disagrees,neutral,disagrees,neutral,disagrees,4,5,t17,0.6146655110729078,0.0033411808180752,0.3819933081090169,1.0,0.8,C,C,disagrees,disagrees
1515,1515,neutral,0.25,The court is sensitive to the plaintiff 's arguments for a strong mechanism to combat the effects of global climate change.,neutral,neutral,agrees,neutral,agrees,neutral,neutral,neutral,4,5,t18,0.6812040855235642,0.1893047505439859,0.1294911639324499,1.0,0.9,A,A,agrees,agrees
1516,1516,disagrees,-0.625,Alarmists about global warming are trying to gain more power over the economy and our lives.,agrees,disagrees,disagrees,disagrees,disagrees,neutral,disagrees,disagrees,4,5,t19,0.4418270465776557,0.0034827608716719,0.5546901925506723,0.9,0.9,C,C,disagrees,disagrees
1517,1517,neutral,0.0,The researchers are testing more sophisticated computer models to better understand the effects of stronger storms and increasing pollution on global weather patterns.,neutral,neutral,neutral,neutral,neutral,neutral,neutral,neutral,4,5,t2,0.0025259781498539,0.8677536386472123,0.1297203832029335,1.0,0.9,B,A,agrees,neither agrees nor disagrees
1518,1518,disagrees,-1.0,The global warming scare has little to do with science.,disagrees,disagrees,disagrees,disagrees,disagrees,disagrees,disagrees,disagrees,4,5,t20,0.9499965908806476,0.001833390166447,0.0481700189529052,0.9,0.95,C,C,disagrees,disagrees
1519,1519,agrees,0.875,The collapse of sea ice is already forcing entire communities to relocate.,agrees,agrees,agrees,agrees,agrees,neutral,agrees,agrees,4,5,t21,0.1029076628524418,0.0219031913125242,0.8751891458350337,1.0,0.9,A,A,agrees,agrees
1520,1520,agrees,0.5,"During the past 15 years, the retreat of summer sea ice has led to a 5 percent increase in the amount of energy the Arctic Ocean has taken up.",agrees,agrees,agrees,neutral,neutral,neutral,agrees,neutral,4,5,t22,0.000717535066882,0.9963524231843556,0.0029300417487622,0.9,0.9,B,A,agrees,neither agrees nor disagrees
1521,1521,agrees,0.75,"Global warming is real, because the rise of terrorism tracks with their â adjusted â climate data.",neutral,agrees,agrees,agrees,agrees,agrees,agrees,neutral,4,5,t23,0.6373946197030057,0.0218683338258774,0.3407370464711169,0.9,0.8,C,C,disagrees,disagrees
1522,1522,neutral,0.125,"It is important to emphasize the distinction between pollutants and carbon dioxide, a naturally occurring component of the earthâs atmosphere.",disagrees,neutral,neutral,neutral,agrees,agrees,neutral,neutral,4,5,t24,0.8653206090016285,0.0025182563734233,0.132161134624948,0.75,0.9,B,B,neither agrees nor disagrees,neither agrees nor disagrees
1523,1523,neutral,0.0,The auto industry is on the cusp of redefining its relationship with fossil fuels and is on its way to becoming more of a mainstream concept.,disagrees,neutral,agrees,neutral,neutral,neutral,neutral,neutral,4,5,t25,0.0022716052528559,0.0950038076198447,0.9027245871272992,0.2,0.8,B,A,agrees,neither agrees nor disagrees
1524,1524,agrees,1.0,Global warming is having an impact now.,agrees,agrees,agrees,agrees,agrees,agrees,agrees,agrees,4,5,t26,0.9883512150356636,0.005538800820899,0.0061099841434371,1.0,0.9,A,A,agrees,agrees
1525,1525,agrees,0.75,"The poorest people in the world, who have had virtually nothing to do with causing global warming, will be high on the list of victims as climatic disruptions intensify.",agrees,agrees,neutral,agrees,agrees,neutral,agrees,agrees,4,5,t27,0.9991148622005912,0.000468776446691,0.0004163613527176,0.9,0.9,A,A,agrees,agrees
1526,1526,neutral,-0.25,Dealing with global warming is more akin to buying an insurance policy.,disagrees,neutral,neutral,disagrees,neutral,agrees,neutral,disagrees,4,5,t28,0.0008305288976969,0.994678778642162,0.004490692460141,0.8,0.8,B,A,agrees,neither agrees nor disagrees
1527,1527,agrees,0.5,This target would see us doing our bit in limiting global warming to less than 2 degrees Celsius.,neutral,agrees,agrees,agrees,agrees,disagrees,agrees,neutral,4,5,t29,0.0033431042912618,0.5259423322796614,0.4707145634290769,1.0,0.9,A,A,agrees,agrees
1528,1528,disagrees,-0.125,Global warming would open stretches of the Arctic Ocean to shipping and drilling.,agrees,disagrees,agrees,neutral,neutral,neutral,disagrees,disagrees,4,5,t3,0.0014163943044552,0.9739053416940412,0.0246782640015035,0.9,0.8,B,A,agrees,neither agrees nor disagrees
1529,1529,neutral,0.0,Exxon Mobilâs senior leaders and board decided to go forward with their political activities even though they had been briefed extensively on the risks of global warming by the companyâs own scientists.,neutral,agrees,disagrees,neutral,agrees,disagrees,neutral,neutral,4,5,t30,0.0131129891433767,0.1098138179292506,0.8770731929273726,0.9,0.9,A,A,agrees,agrees
1530,1530,agrees,0.5,The combination of the warm ocean and the effects of waves on these glaciers may increase the rate of loss of glacial ice.,agrees,neutral,neutral,neutral,agrees,agrees,agrees,neutral,4,5,t31,0.0071087947584299,0.0112281310208395,0.9816630742207304,0.9,0.8,A,A,agrees,agrees
1531,1531,neutral,-0.25,Environmentalists concern is not just that the trillions devoted to rescuing the global financial system mean less cash for the climate-change agenda.,disagrees,neutral,agrees,neutral,disagrees,disagrees,neutral,neutral,4,5,t32,0.0003980210907931,0.9991838783753286,0.0004181005338782,0.5,0.7,A,B,neither agrees nor disagrees,agrees
1532,1532,agrees,0.875,Global warming has been behind every catastrophe and uprising on the planet.,agrees,agrees,agrees,agrees,agrees,agrees,agrees,neutral,4,5,t33,0.0014415994648453,0.9718704354923244,0.02668796504283,0.9,0.9,A,C,disagrees,agrees
1533,1533,neutral,-0.25,2017 average global temperatures are just below the record set in 2013.,neutral,neutral,disagrees,neutral,disagrees,neutral,neutral,neutral,4,5,t34,0.2697987590597882,0.022011608105848,0.7081896328343639,0.9,0.8,B,A,agrees,neither agrees nor disagrees
1534,1534,neutral,0.25,Interest in global warming to snowball.,neutral,neutral,agrees,neutral,agrees,neutral,neutral,neutral,4,5,t35,0.0146081094833849,0.9494526766347208,0.0359392138818943,0.9,0.8,A,A,agrees,agrees
1535,1535,disagrees,-0.625,It is impossible to know how much global temperatures have really risen.,neutral,disagrees,disagrees,neutral,disagrees,neutral,disagrees,disagrees,4,5,t36,0.1125263679970482,0.2785334221974516,0.6089402098055001,0.8,0.7,B,C,disagrees,neither agrees nor disagrees
1536,1536,neutral,-0.375,The proposed carbon tax on beef has no chance of becoming reality.,disagrees,disagrees,disagrees,neutral,neutral,neutral,neutral,neutral,4,5,t37,0.0033524189606082,0.5255586185658152,0.4710889624735765,0.2,0.8,B,B,neither agrees nor disagrees,neither agrees nor disagrees
1537,1537,agrees,0.75,They deployment could needlessly delay the process of weaning economies from fossil fuels â the dominant source of global CO2 emissions.,agrees,neutral,neutral,agrees,agrees,agrees,agrees,agrees,4,5,t38,0.2603214962063361,0.0265278263160596,0.7131506774776042,0.9,0.9,A,A,agrees,agrees
1538,1538,neutral,-0.125,"Carbon pricing will jeopardize the future of Canadian industry, which generally exports most of its production to the United States.",neutral,disagrees,agrees,neutral,neutral,disagrees,neutral,neutral,4,5,t39,0.0009874456651183,0.9912657422960036,0.007746812038878,0.2,0.3,C,B,neither agrees nor disagrees,disagrees
1539,1539,agrees,0.75,We need to get rid of fossil fuel subsidies now.,agrees,neutral,agrees,agrees,agrees,agrees,agrees,neutral,4,5,t4,0.1136768538062465,0.0026151272883562,0.8837080189053972,1.0,0.85,A,A,agrees,agrees
1540,1540,neutral,0.25,"Mr. Obama spends a lot of time thinking about his daughters, and he does not want to be the guy who is in a position of doing something about a major global threat and did not do enough.",disagrees,neutral,agrees,agrees,neutral,neutral,agrees,neutral,4,5,t40,0.0022292379947768,0.0978252148410158,0.899945547164207,0.2,0.9,A,A,agrees,agrees
1541,1541,agrees,0.75,"About 13 million Americans may have to move due to sea level rise by the end of the century, with landlocked states such as Arizona and Wyoming set for a population surge.",agrees,agrees,agrees,neutral,agrees,agrees,agrees,neutral,4,5,t41,0.9086246259837196,0.002158106699797,0.0892172673164832,0.9,0.9,A,A,agrees,agrees
1542,1542,agrees,0.75,The U.S. government would use the revenue from a carbon tax to invest in real climate-change mitigation.,neutral,agrees,agrees,agrees,agrees,agrees,neutral,agrees,4,5,t42,0.1972984469118396,0.0029386387144396,0.7997629143737208,1.0,0.9,A,A,agrees,agrees
1543,1543,neutral,0.5,"By 2030, global average sea levels could rise between three and nine inches over 2000 levels, range from six inches to two feet by 2050, and from 19 to 55 inches by 2100.",agrees,agrees,agrees,neutral,neutral,agrees,neutral,neutral,4,5,t43,0.0020690297565127,0.9341186072666248,0.0638123629768623,1.0,0.9,A,A,agrees,agrees
1544,1544,disagrees,-0.5,But only half of the carbon dioxide stays up there.,neutral,disagrees,disagrees,neutral,disagrees,neutral,neutral,disagrees,4,5,t44,0.1264834551381706,0.0231229911158121,0.8503935537460173,0.75,0.9,B,B,neither agrees nor disagrees,neither agrees nor disagrees
1545,1545,agrees,0.75,"Between 1990 and 2011, carbon dioxide and other gas emissions caused a 30 percent increase in the warming effect on the climate.",agrees,agrees,agrees,neutral,agrees,agrees,neutral,agrees,4,5,t5,0.0180164686048039,0.4245795885670564,0.5574039428281398,1.0,0.9,A,A,agrees,agrees
1546,1546,neutral,0.375,"The scientists research models indicate the earth is likely to undergo a ""mini ice age"" that may last about a decade.",agrees,neutral,neutral,neutral,neutral,agrees,agrees,neutral,4,5,t6,0.0019042931423777,0.9319628211953884,0.0661328856622337,0.9,0.8,B,C,disagrees,neither agrees nor disagrees
1547,1547,agrees,0.75,"His visit to the United States will inspire Congress to work across the aisle toward solutions to climate change, whether through a carbon tax or through other methods that will reduce our carbon footprint fast.",agrees,neutral,agrees,agrees,agrees,agrees,agrees,neutral,4,5,t7,0.0019221241314071,0.9413676704353714,0.0567102054332214,1.0,0.9,A,A,agrees,agrees
1548,1548,agrees,0.875,The carbon released will further warm the planet.,agrees,agrees,agrees,agrees,agrees,agrees,agrees,neutral,4,5,t8,0.0031728589421944,0.3336287184009996,0.6631984226568061,1.0,0.9,A,A,agrees,agrees
1549,1549,disagrees,-0.5,"Unlike the Arctic, where sharp declines in recent decades in the ice that floats on sea surfaces have been linked to warming, sea ice in the Antarctic has actually increased.",neutral,disagrees,disagrees,neutral,neutral,disagrees,disagrees,neutral,4,5,t9,0.6479417067349755,0.0033330022559684,0.348725291009056,0.2,0.8,B,C,disagrees,neither agrees nor disagrees
1550,1550,disagrees,-0.75,Global warming is a hoax.,disagrees,disagrees,disagrees,agrees,disagrees,disagrees,disagrees,disagrees,4,6,s0,,,,1.0,1.0,C,C,disagrees,disagrees
1551,1551,agrees,0.625,Alarming levels of sea level rise are predicted to threaten Florida over the next decades.,neutral,neutral,agrees,agrees,neutral,agrees,agrees,agrees,4,6,s1,,,,1.0,0.95,A,A,agrees,agrees
1552,1552,neutral,0.125,"Over the past several years, the United States has seen an increase in business growth that has counteracted the lingering effects of the recession.",neutral,neutral,neutral,agrees,neutral,neutral,neutral,neutral,4,6,s2,,,,0.0,0.95,B,B,neither agrees nor disagrees,neither agrees nor disagrees
1553,1553,agrees,1.0,Global warming is happening and it will be dangerous to human health and welfare.,agrees,agrees,agrees,agrees,agrees,agrees,agrees,agrees,4,6,s3,,,,1.0,0.95,A,A,agrees,agrees
1554,1554,neutral,0.0,Some icebergs are cute.,neutral,neutral,neutral,neutral,neutral,neutral,neutral,neutral,4,6,s4,,,,0.2,0.95,B,B,neither agrees nor disagrees,neither agrees nor disagrees
1555,1555,neutral,-0.125,"Although the new global average figures are far less dramatic, the analysis and the wider scope are providing some good news that collectively we are doing something right.",neutral,agrees,neutral,disagrees,neutral,neutral,disagrees,neutral,4,6,t0,0.0313662446356477,0.0150800339652166,0.9535537213991356,0.75,0.8,B,B,neither agrees nor disagrees,neither agrees nor disagrees
1556,1556,agrees,0.625,"Arctic sea ice could disappear in the summer within several decades, with severe impacts on wildlife and human communities in the region, and unknown effects on the worldâs weather patterns.",agrees,neutral,agrees,agrees,neutral,neutral,agrees,agrees,4,6,t1,0.003946744915402,0.6158805371150097,0.3801727179695883,1.0,0.9,A,A,agrees,agrees
1557,1557,disagrees,-0.5,"For example, stressing the idea that human activity is behind global warming can be counterproductive.",disagrees,disagrees,disagrees,agrees,disagrees,neutral,neutral,disagrees,4,6,t10,0.5441272994932767,0.0029594182727357,0.4529132822339877,0.75,0.8,B,B,neither agrees nor disagrees,neither agrees nor disagrees
1558,1558,agrees,0.75,The overall trend over decades to more intense and more frequent heat waves is definitely a signal of global warming.,agrees,agrees,agrees,disagrees,agrees,agrees,agrees,agrees,4,6,t11,0.0014850836967456,0.0154082440175469,0.9831066722857074,0.9,0.9,A,A,agrees,agrees
1559,1559,neutral,0.125,A group of American scientists is rescued from an island off Antarcticaâs coast after ice prevented a U.S. Antarctic Program research vessel from reaching them.,neutral,neutral,neutral,agrees,neutral,neutral,neutral,neutral,4,6,t12,0.0023141628271109,0.055079088996659,0.94260674817623,0.2,0.95,B,B,neither agrees nor disagrees,neither agrees nor disagrees
1560,1560,neutral,0.125,We can devise and build flood barriers; we can cap and control the spewing of carbon and methane into the air.,neutral,neutral,neutral,agrees,disagrees,neutral,neutral,agrees,4,6,t13,0.0010292820252897,0.9974392820190212,0.0015314359556888,1.0,0.7,A,A,agrees,agrees
1561,1561,agrees,1.0,"A rapid shift away from those fuels over coming decades would preserve much of the ice, or at least slow the melting drastically.",agrees,agrees,agrees,agrees,agrees,agrees,agrees,agrees,4,6,t14,0.0259889484638307,0.0232106619412946,0.9508003895948746,0.9,0.9,A,A,agrees,agrees
1562,1562,neutral,0.25,People are so addicted to their carbon fuelled lifestyles.,agrees,neutral,neutral,disagrees,agrees,neutral,agrees,neutral,4,6,t15,0.003811466695252,0.3608698961128391,0.6353186371919088,0.8,0.8,A,A,agrees,agrees
1563,1563,disagrees,-0.5,"Global travel and trade, not climate change, brought the first cases of chikungunya, a mosquito-borne tropical disease, to Florida.",disagrees,disagrees,disagrees,agrees,disagrees,neutral,neutral,disagrees,4,6,t16,0.0198107666954754,0.0014518532994633,0.9787373800050612,1.0,0.8,C,B,neither agrees nor disagrees,disagrees
1564,1564,agrees,1.0,"Climate change is already dragging down the output of wheat and corn at a global scale, compared with what it would otherwise be.",agrees,agrees,agrees,agrees,agrees,agrees,agrees,agrees,4,6,t17,0.0038056500090081,0.76030092730628,0.2358934226847119,0.9,0.9,A,A,agrees,agrees
1565,1565,neutral,0.0,Older Americans are slightly less inclined to support a candidate who calls for action to reduce global warming and similarly less negative toward a candidate who rejects the premise of global warming.,neutral,agrees,neutral,disagrees,neutral,neutral,neutral,neutral,4,6,t18,0.8875426519435471,0.0035817187566149,0.1088756292998378,0.75,0.8,B,B,neither agrees nor disagrees,neither agrees nor disagrees
1566,1566,neutral,0.125,"During the last ice age, about 10,000 years ago, some 17 bird species went extinct on Abaco because of a warming, wetter climate and rising sea levels.",neutral,agrees,neutral,disagrees,neutral,neutral,neutral,agrees,4,6,t19,0.0018937172402905,0.9962989674799672,0.0018073152797421,1.0,0.8,B,A,agrees,neither agrees nor disagrees
1567,1567,disagrees,-0.5,Mr. Wall is exaggerating the impact of carbon taxes on investment decisions.,neutral,disagrees,neutral,neutral,disagrees,disagrees,neutral,disagrees,4,6,t2,0.0006110159889163,0.0009231219824477,0.998465862028636,0.2,0.3,A,C,disagrees,agrees
1568,1568,agrees,0.875,"10 of the worldâs biggest oil companies, including BP, Royal Dutch Shell, Saudi Aramco, Repsol of Spain, Eni of Italy and Total industry must help address global climate change.",agrees,neutral,agrees,agrees,agrees,agrees,agrees,agrees,4,6,t20,0.0779303220423727,0.0354101467177344,0.8866595312398928,1.0,0.9,A,A,agrees,agrees
1569,1569,disagrees,-1.0,Global warming has not caused an increase in the frequency or intensity of hurricanes.,disagrees,disagrees,disagrees,disagrees,disagrees,disagrees,disagrees,disagrees,4,6,t21,0.0009792483667258,0.9974929615320656,0.0015277901012085,0.5,0.8,C,B,neither agrees nor disagrees,disagrees
1570,1570,neutral,0.25,"Accurate data would be needed if a new international treaty on global warming, including national commitments to reduce greenhouse gas emissions, is to succeed.",neutral,agrees,neutral,agrees,neutral,neutral,neutral,neutral,4,6,t22,0.0063368243032064,0.3870263755443235,0.6066368001524699,1.0,0.8,B,A,agrees,neither agrees nor disagrees
1571,1571,agrees,0.75,Unchecked climate change could not only cause a flood of new environmental migrants to Europe.,agrees,agrees,agrees,neutral,neutral,agrees,agrees,agrees,4,6,t23,0.8889262715739487,0.003349300178426,0.1077244282476254,0.9,0.9,A,A,agrees,agrees
1572,1572,agrees,0.75,It's the strength [ of these hurricanes ] that 's almost certainly associated with global warming.,agrees,agrees,agrees,disagrees,agrees,agrees,agrees,agrees,4,6,t24,0.000976759287218,0.9975013643995038,0.0015218763132782,0.9,0.9,A,A,agrees,agrees
1573,1573,neutral,0.375,We already pay a â carbon tax â in the actual costs of greenhouse gas pollution.,neutral,neutral,neutral,neutral,neutral,agrees,agrees,agrees,4,6,t25,0.0021107895982729,0.0092785566827756,0.9886106537189512,0.9,0.8,A,A,agrees,agrees
1574,1574,disagrees,-0.875,Itâs not a global warming thing.,disagrees,disagrees,disagrees,disagrees,disagrees,disagrees,neutral,disagrees,4,6,t26,0.0037713134310267,0.0569336166153309,0.9392950699536422,1.0,0.9,C,C,disagrees,disagrees
1575,1575,disagrees,-0.75,I am also old enough to remember when Climate Change was called Global Warming and then had to be re-branded because God made it snow every time Al Gore gave a speech.,disagrees,neutral,disagrees,disagrees,disagrees,neutral,disagrees,disagrees,4,6,t27,0.0020299918129206,0.9782540105137144,0.019715997673365,0.9,0.9,C,C,disagrees,disagrees
1576,1576,agrees,0.625,Doing something about climate change is loving our global neighbor.,agrees,agrees,neutral,disagrees,agrees,agrees,agrees,agrees,4,6,t28,0.9984695458700372,0.0006311985977253,0.0008992555322374,1.0,0.95,A,A,agrees,agrees
1577,1577,neutral,0.375,Even small changes in sea levels can lead to flooding and erosion.,neutral,neutral,neutral,neutral,neutral,agrees,agrees,agrees,4,6,t29,0.0013646161971934,0.011580575534296,0.9870548082685104,1.0,0.8,A,A,agrees,agrees
1578,1578,neutral,0.25,There is a net loss of ice from Antarcticaâs ice sheets and glaciers.,neutral,neutral,neutral,agrees,neutral,neutral,agrees,neutral,4,6,t3,0.0029296536955353,0.9139442677407132,0.0831260785637514,1.0,0.9,A,A,agrees,agrees
1579,1579,neutral,-0.25,The sea is very large compared to the means we had to exploit it.,neutral,neutral,disagrees,disagrees,neutral,neutral,neutral,neutral,4,6,t30,0.0017740786239413,0.9964742148740916,0.0017517065019668,0.2,0.95,B,B,neither agrees nor disagrees,neither agrees nor disagrees
1580,1580,neutral,0.125,The Obama administrationâs efforts to use the Clean Air Act to fight global warming could withstand legal challenges.,agrees,neutral,neutral,disagrees,neutral,neutral,neutral,agrees,4,6,t31,0.003411016987994,0.2110685618586784,0.7855204211533277,1.0,0.8,B,A,agrees,neither agrees nor disagrees
1581,1581,agrees,1.0,"The loss of Arctic sea ice, which bears rely on for hunting and denning, is accelerating to record levels due to global warming.",agrees,agrees,agrees,agrees,agrees,agrees,agrees,agrees,4,6,t32,0.9815943952240502,0.0013581274465142,0.0170474773294356,1.0,0.95,A,A,agrees,agrees
1582,1582,agrees,0.75,Unusually high temperatures across Asia and the Arctic in 2016 would not have been possible without human-caused climate change.,agrees,agrees,agrees,disagrees,agrees,agrees,agrees,agrees,4,6,t33,0.9095019964407596,0.0020991756627747,0.0883988278964658,1.0,0.9,A,A,agrees,agrees
1583,1583,neutral,-0.25,"The rise of the sea would not likely exceed three feet in that period, and would probably be less.",neutral,disagrees,neutral,agrees,neutral,neutral,disagrees,disagrees,4,6,t34,0.004852037509576,0.9110142188733484,0.0841337436170754,1.0,0.8,B,B,neither agrees nor disagrees,neither agrees nor disagrees
1584,1584,agrees,0.875,The task of dealing with global warming is urgent and important.,agrees,agrees,agrees,neutral,agrees,agrees,agrees,agrees,4,6,t35,0.0034250264033632,0.215262628886412,0.7813123447102247,1.0,0.95,A,A,agrees,agrees
1585,1585,disagrees,-0.125,This is especially true of the fossil fuel which for years has been vilified by eco-campaigners as the dirtiest of them all.,neutral,agrees,disagrees,agrees,disagrees,neutral,neutral,disagrees,4,6,t36,0.0680359124453471,0.0020467149380852,0.9299173726165676,0.2,0.8,B,B,neither agrees nor disagrees,neither agrees nor disagrees
1586,1586,agrees,0.875,Global warming creates these extreme heat events.,agrees,agrees,agrees,neutral,agrees,agrees,agrees,agrees,4,6,t37,0.0048774466478887,0.1481500698723543,0.8469724834797571,1.0,0.9,A,A,agrees,agrees
1587,1587,agrees,1.0,And the problems it represents urgently require global efforts to find solutions â before the clock runs out for us all.,agrees,agrees,agrees,agrees,agrees,agrees,agrees,agrees,4,6,t38,0.0009966229044748,0.9974891651430854,0.0015142119524398,1.0,0.95,A,A,agrees,agrees
1588,1588,agrees,0.75,"The possibility that a collapse of the West Antarctic ice sheet, believed to be especially vulnerable to a warming ocean, would greatly increase the rate of sea level rise.",agrees,agrees,neutral,agrees,neutral,agrees,agrees,agrees,4,6,t39,0.0019163851613532,0.9962411053887492,0.0018425094498978,0.9,0.9,A,A,agrees,agrees
1589,1589,neutral,0.25,Released enough greenhouse gases into the atmosphere to prevent another global cool down.,neutral,agrees,neutral,neutral,neutral,neutral,neutral,agrees,4,6,t4,0.2084248805201512,0.0041262139163656,0.7874489055634829,0.9,0.8,A,C,disagrees,agrees
1590,1590,neutral,0.0,"To get any improvement in ice forecasting, you really have to improve weather forecasting in the Arctic.",neutral,neutral,neutral,agrees,neutral,neutral,neutral,disagrees,4,6,t40,0.0011543050801408,0.996296702781462,0.0025489921383971,0.2,0.95,B,B,neither agrees nor disagrees,neither agrees nor disagrees
1591,1591,agrees,0.625,Global warming over the course of the century will prompt more people to migrate from areas where climate change has made farming untenable â especially where farming relies exclusively on rainfall for irrigation.,agrees,agrees,agrees,disagrees,agrees,agrees,neutral,agrees,4,6,t41,0.5428433394218725,0.0301802244730871,0.4269764361050404,0.9,0.9,A,A,agrees,agrees
1592,1592,agrees,0.5,"More severe weather events lead to displacement, scarcity, stressed populations; all increase likelihood of global conflict.",neutral,agrees,agrees,disagrees,neutral,agrees,agrees,agrees,4,6,t42,0.0011893560560152,0.9962077023868042,0.0026029415571804,0.9,0.9,A,A,agrees,agrees
1593,1593,neutral,0.0,"The carbon tax faces a steep uphill fight, even as climate change assumes a larger role on the political stage.",neutral,disagrees,neutral,agrees,neutral,neutral,neutral,neutral,4,6,t43,0.0010451073644475,0.9973626368637124,0.00159225577184,0.9,0.8,B,A,agrees,neither agrees nor disagrees
1594,1594,agrees,0.75,Climate change is caused by burning fossil fuels.,agrees,agrees,agrees,agrees,agrees,neutral,neutral,agrees,4,6,t44,0.0039349610473756,0.6915228455827702,0.3045421933698541,1.0,0.9,A,A,agrees,agrees
1595,1595,agrees,1.0,The Arctic environment is changing extremely rapidly and it is time for the rest of the world to take notice and also to take action to address the root causes of climate change.,agrees,agrees,agrees,agrees,agrees,agrees,agrees,agrees,4,6,t5,0.0216186207442136,0.0023346016311948,0.9760467776245916,0.9,0.95,A,A,agrees,agrees
1596,1596,neutral,-0.125,"Climate models could indeed reproduce a hiatus in warming during the 2000s if the model used observed sea-surface temperatures in the eastern equatorial Pacific between 1970 and 2012, rather calculating its own ocean temperatures.",neutral,disagrees,neutral,disagrees,neutral,neutral,neutral,agrees,4,6,t6,0.0037738080541685,0.9673061185719684,0.0289200733738629,0.8,0.8,B,A,agrees,neither agrees nor disagrees
1597,1597,neutral,0.5,Voters across party lines are on board with policies that protect the environment and reduce carbon emissions.,neutral,agrees,agrees,agrees,agrees,neutral,neutral,neutral,4,6,t7,0.0064070559086913,0.675006059414943,0.3185868846763657,0.9,0.9,A,A,agrees,agrees
1598,1598,neutral,-0.125,"But if you actually go and read a study saying that all fossil fuels could be eliminated in 10 years, youâll find near the end some glaring caveats.",neutral,neutral,neutral,neutral,neutral,neutral,neutral,disagrees,4,6,t8,0.0122168752501923,0.0020438265726907,0.9857392981771168,0.75,0.8,B,B,neither agrees nor disagrees,neither agrees nor disagrees
1599,1599,agrees,0.75,"The concentration in the atmosphere of carbon dioxide, a key greenhouse gas, rose to a new high of 396 parts per million last year.",agrees,agrees,agrees,agrees,neutral,neutral,agrees,agrees,4,6,t9,0.0034594792186243,0.8511145118150111,0.1454260089663645,1.0,0.8,A,A,agrees,agrees
1600,1600,disagrees,-0.5,Global warming is a hoax.,disagrees,disagrees,agrees,disagrees,disagrees,disagrees,disagrees,agrees,4,7,s0,,,,1.0,1.0,C,C,disagrees,disagrees
1601,1601,neutral,0.5,Alarming levels of sea level rise are predicted to threaten Florida over the next decades.,neutral,agrees,agrees,agrees,neutral,neutral,agrees,neutral,4,7,s1,,,,1.0,0.95,A,A,agrees,agrees
1602,1602,neutral,0.125,"Over the past several years, the United States has seen an increase in business growth that has counteracted the lingering effects of the recession.",neutral,disagrees,agrees,neutral,neutral,neutral,neutral,agrees,4,7,s2,,,,0.0,0.95,B,B,neither agrees nor disagrees,neither agrees nor disagrees
1603,1603,agrees,1.0,Global warming is happening and it will be dangerous to human health and welfare.,agrees,agrees,agrees,agrees,agrees,agrees,agrees,agrees,4,7,s3,,,,1.0,1.0,A,A,agrees,agrees
1604,1604,neutral,0.25,Some icebergs are cute.,neutral,neutral,agrees,neutral,neutral,neutral,neutral,agrees,4,7,s4,,,,0.2,0.95,B,B,neither agrees nor disagrees,neither agrees nor disagrees
1605,1605,neutral,0.375,Scientists are 95 percent certain that humans are to blame for global climate change.,neutral,agrees,neutral,neutral,neutral,neutral,agrees,agrees,4,7,t0,0.0053765859014056,0.1986800253348092,0.7959433887637852,1.0,0.95,A,A,agrees,agrees
1606,1606,neutral,0.625,"Changing oceanic conditions driven, perhaps, by global warming, may be responsible for the tuna's woes.",neutral,agrees,agrees,agrees,agrees,neutral,neutral,agrees,4,7,t1,0.006193125451294,0.5145515490786314,0.4792553254700746,0.8,0.7,A,A,agrees,agrees
1607,1607,disagrees,-0.5,Our need to focus on it and on jobs and not worry so much about global warming.,disagrees,disagrees,agrees,disagrees,disagrees,disagrees,disagrees,agrees,4,7,t10,0.0113984401818591,0.8602152843591027,0.1283862754590382,1.0,0.9,C,C,disagrees,disagrees
1608,1608,neutral,0.25,Reducing black-carbon soot would have a net cooling effect.,neutral,neutral,agrees,agrees,neutral,neutral,neutral,neutral,4,7,t11,0.0060964022553194,0.0183216286999235,0.975581969044757,0.8,0.8,B,A,agrees,neither agrees nor disagrees
1609,1609,agrees,0.625,"The world has little over a decade to drastically reduce emissions or face increasingly severe storms, drought, heatwaves, coastal flooding, and food insecurity.",agrees,agrees,neutral,agrees,agrees,neutral,agrees,neutral,4,7,t12,0.0049559608228341,0.1558340423425958,0.8392099968345701,1.0,0.95,A,A,agrees,agrees
1610,1610,neutral,0.5,Global warming is likely to be causing the changes.,neutral,agrees,neutral,agrees,neutral,agrees,neutral,agrees,4,7,t13,0.0772945198134289,0.04641601460154,0.876289465585031,0.9,0.9,A,C,disagrees,agrees
1611,1611,neutral,-0.25,"Even so, global warming ranked second to last on a list of 20 priorities for the president and Congress this year.",neutral,disagrees,neutral,neutral,neutral,neutral,neutral,disagrees,4,7,t14,0.0043413341788458,0.1100426692906017,0.8856159965305525,1.0,0.8,B,B,neither agrees nor disagrees,neither agrees nor disagrees
1612,1612,neutral,0.125,Lindzenâs scientific case against the man-made global warming scare is essentially this.,neutral,neutral,agrees,disagrees,neutral,disagrees,agrees,agrees,4,7,t15,0.008595610160145,0.213614139019393,0.7777902508204618,0.9,0.9,C,C,disagrees,disagrees
1613,1613,neutral,0.25,Such measures could eliminate from the air the equivalent of millions of tons of carbon dioxide a year.,neutral,agrees,neutral,neutral,neutral,neutral,neutral,agrees,4,7,t16,0.0010636926517493,0.9974693465465484,0.0014669608017024,1.0,0.8,B,A,agrees,neither agrees nor disagrees
1614,1614,neutral,0.0,"The truth is, we don't really have a good regional or global estimate of emissions from these fires.",neutral,neutral,agrees,disagrees,neutral,neutral,disagrees,agrees,4,7,t17,0.0372741484400667,0.0043730331025012,0.958352818457432,0.75,0.9,B,B,neither agrees nor disagrees,neither agrees nor disagrees
1615,1615,agrees,0.75,"We should use whatever power sources necessary to eliminate emissions â nuclear, biofuels, carbon-capture â and those who think renewable energy is the only answer.",neutral,agrees,agrees,agrees,agrees,neutral,agrees,agrees,4,7,t18,0.9985635384094916,0.0010112116717988,0.0004252499187094,0.8,0.8,A,A,agrees,agrees
1616,1616,neutral,0.625,"Norway should curb the supply of fossil fuels, rather than just trimming demand among its own people.",neutral,agrees,agrees,agrees,agrees,neutral,neutral,agrees,4,7,t19,0.0027007116487752,0.0274041518075999,0.9698951365436248,0.8,0.85,A,A,agrees,agrees
1617,1617,agrees,0.5,"West Houston is becoming increasingly vulnerable to climate change, in the form of freak storms and floods.",neutral,agrees,disagrees,agrees,neutral,agrees,agrees,agrees,4,7,t2,0.0029253328414438,0.9676063340401552,0.0294683331184008,0.9,0.9,A,A,agrees,agrees
1618,1618,disagrees,-0.5,Global warming is nonsense.,disagrees,disagrees,agrees,disagrees,disagrees,disagrees,disagrees,agrees,4,7,t20,0.0063501859401073,0.3774465536796561,0.6162032603802364,1.0,1.0,C,C,disagrees,disagrees
1619,1619,neutral,0.125,A team of scientists from Harvard University and the company Carbon Engineering have found a method to cheaply and directly pull carbon-dioxide pollution out of the atmosphere.,neutral,neutral,neutral,neutral,neutral,neutral,neutral,agrees,4,7,t21,0.0256631752207142,0.0010703822617847,0.9732664425175008,0.9,0.8,B,A,agrees,neither agrees nor disagrees
1620,1620,agrees,0.75,"The coral reefs would be at risk if human society kept burning fossil fuels at a runaway pace, releasing greenhouse gases that warm the ocean.",agrees,agrees,agrees,agrees,neutral,agrees,agrees,neutral,4,7,t22,0.4140037137463658,0.1585321439973336,0.4274641422563004,0.9,0.9,A,A,agrees,agrees
1621,1621,neutral,0.125,Mr. Trump is pulling the United States out of the landmark Paris agreement on fighting global warming.,neutral,neutral,neutral,neutral,neutral,neutral,neutral,agrees,4,7,t23,0.001994173612644,0.0117098032276985,0.9862960231596574,1.0,0.8,C,A,agrees,disagrees
1622,1622,agrees,1.0,"Global warming is significant, people are responsible, and it can be stopped at reasonable cost.",agrees,agrees,agrees,agrees,agrees,agrees,agrees,agrees,4,7,t24,0.4207780586574511,0.0076731757841971,0.5715487655583517,0.9,0.95,A,A,agrees,agrees
1623,1623,agrees,0.75,Climate changes caused by the burning of fossil fuels have begun to harm the global economy.,neutral,agrees,agrees,agrees,neutral,agrees,agrees,agrees,4,7,t25,0.0042402318324479,0.9074455357556128,0.0883142324119391,0.9,0.9,A,A,agrees,agrees
1624,1624,neutral,0.0,"Mr. Ban is heartened by recent commitments to curb the use of fossil fuels by the United States, China and the European Union.",neutral,neutral,agrees,neutral,neutral,neutral,neutral,disagrees,4,7,t26,0.0062166159034403,0.5160367666269082,0.4777466174696514,0.9,0.9,A,A,agrees,agrees
1625,1625,agrees,0.75,Itâs a smoking gun for sea-level rise causing an acceleration of erosion.,neutral,agrees,agrees,agrees,agrees,neutral,agrees,agrees,4,7,t27,0.998572950863968,0.0010005771603378,0.0004264719756943,0.9,0.9,A,A,agrees,agrees
1626,1626,agrees,0.625,"There is an environmental case for keeping the nationâs ailing nuclear plants open, since, if they closed, their carbon-free electricity would most likely be replaced by natural gas and emissions would rise.",neutral,agrees,agrees,agrees,agrees,neutral,agrees,neutral,4,7,t28,0.0007523190266169,0.0006050637676856,0.9986426172056974,1.0,0.8,A,A,agrees,agrees
1627,1627,neutral,0.5,"From a climate perspective, the smart strategy is to hold on to nuclear plants until their power can be replaced with carbon-free electricity.",neutral,neutral,agrees,agrees,neutral,neutral,agrees,agrees,4,7,t29,0.0025925260473835,0.9728333116608734,0.024574162291743,0.8,0.8,B,A,agrees,neither agrees nor disagrees
1628,1628,neutral,0.0,"Better understanding of local scenarios, not just global modeling that looks at steady increases in world-wide temperatures, is needed to pinpoint climate changeâs impact on people and livelihoods.",neutral,neutral,disagrees,agrees,neutral,neutral,neutral,neutral,4,7,t3,0.0007547543339327,0.0005864764760424,0.9986587691900248,0.8,0.8,B,A,agrees,neither agrees nor disagrees
1629,1629,neutral,0.375,Carbon emissions have some effect on the atmosphere.,neutral,agrees,agrees,neutral,agrees,neutral,neutral,neutral,4,7,t30,0.0007774507040597,0.9986503714709728,0.0005721778249673,1.0,0.8,B,B,neither agrees nor disagrees,neither agrees nor disagrees
1630,1630,neutral,0.5,Cutting down on fossil fuels is â a monumental task â but doing so ultimately offered economic as well as ecological benefits.,neutral,agrees,agrees,agrees,neutral,neutral,agrees,neutral,4,7,t31,0.0045670272875238,0.8807111128605614,0.1147218598519146,0.2,0.9,A,A,agrees,agrees
1631,1631,neutral,0.25,"A market mechanism can reach more deeply into the economy than any other approach, changing the behavior even of people and companies that might not necessarily care about global warming.",neutral,neutral,neutral,neutral,neutral,agrees,neutral,agrees,4,7,t32,0.0015660454365199,0.0012004164769176,0.9972335380865625,0.9,0.8,B,A,agrees,neither agrees nor disagrees
1632,1632,neutral,0.375,"Natural ice conditions are diminishing across the globe, particularly in Canada.",neutral,agrees,agrees,agrees,neutral,neutral,neutral,neutral,4,7,t33,0.0044269222377817,0.9058365126880622,0.089736565074156,0.9,0.8,A,A,agrees,agrees
1633,1633,neutral,0.25,Researchers need to get a better handle on all of the complex factors that drive fire globally because fire has the potential to be a positive feedback.,neutral,agrees,agrees,disagrees,neutral,neutral,neutral,agrees,4,7,t34,0.0044428756319996,0.8905880038131496,0.1049691205548508,0.2,0.8,B,B,neither agrees nor disagrees,neither agrees nor disagrees
1634,1634,agrees,1.0,It is most crucial to combat global warming.,agrees,agrees,agrees,agrees,agrees,agrees,agrees,agrees,4,7,t35,0.0061670097382137,0.3291283769792721,0.6647046132825141,1.0,1.0,A,A,agrees,agrees
1635,1635,disagrees,-0.625,The claim made in the 2007 report by the Intergovernmental Panel on Climate Change (IPCC) is unrealistic and the large Himalayan glaciers could not melt in a few decades.,disagrees,disagrees,agrees,disagrees,disagrees,disagrees,disagrees,neutral,4,7,t36,0.0049427205638543,0.1541182574626925,0.840939021973453,0.9,0.8,C,C,disagrees,disagrees
1636,1636,neutral,0.25,"Earth 's forests, it turns out, play a dominant role in absorbing greenhouse gases in the atmosphere, acting like a giant sponge and soaking up on average about 8.8 billion tons of carbon dioxide each year.",neutral,disagrees,agrees,agrees,neutral,neutral,neutral,agrees,4,7,t37,0.006224522453912,0.5982862011677105,0.3954892763783776,1.0,0.8,B,A,agrees,neither agrees nor disagrees
1637,1637,neutral,0.125,Fossil fuel investments are pretty good bets regardless of the political climate.,neutral,agrees,agrees,disagrees,disagrees,neutral,neutral,agrees,4,7,t38,0.0022720047393648,0.0168165482535817,0.9809114470070532,0.9,0.7,C,C,disagrees,disagrees
1638,1638,disagrees,-0.125,Antarctica's sea ice has expanded by about half a percent a year.,neutral,neutral,agrees,disagrees,neutral,disagrees,disagrees,agrees,4,7,t39,0.004773593209289,0.1343718429090914,0.8608545638816196,0.8,0.8,B,B,neither agrees nor disagrees,neither agrees nor disagrees
1639,1639,neutral,0.5,"This area will be inundated as sea levels rise and storm surges increase, and a cyclone or another disaster could easily wipe away her rebuilt life.",neutral,agrees,agrees,agrees,neutral,neutral,neutral,agrees,4,7,t4,0.077286810421558,0.0452265453653846,0.8774866442130572,1.0,0.9,A,A,agrees,agrees
1640,1640,agrees,0.75,We have to get off of carbon.,neutral,agrees,agrees,agrees,agrees,agrees,agrees,neutral,4,7,t40,0.0008018251081256,0.998637879622675,0.0005602952691993,0.9,0.9,A,A,agrees,agrees
1641,1641,agrees,0.875,"At a time when large parts of our county are suffering through persistent droughts and year-round fire seasons, itâs truly unconscionable that the fossil fuel industry would be allowed to divert vast volumes of water to fracking for oil and gas.",agrees,agrees,agrees,agrees,agrees,neutral,agrees,agrees,4,7,t41,0.99866141260794,0.0007395986545475,0.0005989887375125,1.0,0.9,A,A,agrees,agrees
1642,1642,agrees,1.0,"The planet is becoming a sauna, our natural resources are running out, biodiversity is melting like snow in the sun, and it still isnât being handled like a priority issue.",agrees,agrees,agrees,agrees,agrees,agrees,agrees,agrees,4,7,t42,0.0535107977468617,0.0604382248635782,0.8860509773895598,0.9,0.95,A,A,agrees,agrees
1643,1643,agrees,0.75,We canât retreat from the rising sea.,agrees,neutral,agrees,agrees,neutral,agrees,agrees,agrees,4,7,t43,0.4267145485028346,0.0585189880615283,0.5147664634356371,0.85,0.9,A,A,agrees,agrees
1644,1644,disagrees,-0.375,Policies designed to curb global warming would hurt the economy.,neutral,disagrees,neutral,disagrees,disagrees,disagrees,neutral,agrees,4,7,t44,0.7521255698100586,0.0065238975709534,0.2413505326189879,0.8,0.5,B,C,disagrees,neither agrees nor disagrees
1645,1645,neutral,0.25,Recent global warming is likely due to natural causes.,neutral,agrees,agrees,disagrees,neutral,neutral,neutral,agrees,4,7,t5,0.002434156822319,0.9798996310033165,0.0176662121743644,0.9,0.9,C,C,disagrees,disagrees
1646,1646,neutral,0.375,"Strong measures to limit carbon emissions would have hardly any negative effect on economic growth, and might actually lead to faster growth.",neutral,agrees,neutral,agrees,neutral,neutral,neutral,agrees,4,7,t6,0.0022355129564603,0.9849541713615728,0.0128103156819667,0.9,0.9,A,A,agrees,agrees
1647,1647,neutral,0.25,Eco-towns could provide an inspiring blueprint for low-carbon living.,neutral,neutral,agrees,agrees,agrees,neutral,neutral,disagrees,4,7,t7,0.0008203809158195,0.9986077939224756,0.0005718251617046,0.9,0.8,B,A,agrees,neither agrees nor disagrees
1648,1648,agrees,0.875,"I can tell you that a lot of what happens â floods, droughts, mass migrations, the end of humanity in Africa and Australia â is the result of inaction to very clear warnings about climate change caused by humans.",agrees,agrees,neutral,agrees,agrees,agrees,agrees,agrees,4,7,t8,0.0043164230106232,0.9006344372192222,0.0950491397701546,1.0,0.95,A,A,agrees,agrees
1649,1649,neutral,0.125,The oil sands are responsible for just 0.001 percent of global greenhouse emissions.,neutral,neutral,agrees,neutral,neutral,disagrees,neutral,agrees,4,7,t9,0.8469064325711211,0.0026357045254225,0.1504578629034564,0.75,0.8,C,B,neither agrees nor disagrees,disagrees
1650,1650,disagrees,-0.875,Global warming is a hoax.,disagrees,disagrees,disagrees,disagrees,neutral,disagrees,disagrees,disagrees,4,8,s0,,,,1.0,1.0,C,C,disagrees,disagrees
1651,1651,agrees,0.625,Alarming levels of sea level rise are predicted to threaten Florida over the next decades.,agrees,agrees,neutral,agrees,agrees,agrees,neutral,neutral,4,8,s1,,,,1.0,0.95,A,A,agrees,agrees
1652,1652,neutral,0.25,"Over the past several years, the United States has seen an increase in business growth that has counteracted the lingering effects of the recession.",neutral,neutral,neutral,neutral,agrees,neutral,neutral,agrees,4,8,s2,,,,0.0,0.95,B,B,neither agrees nor disagrees,neither agrees nor disagrees
1653,1653,agrees,0.875,Global warming is happening and it will be dangerous to human health and welfare.,agrees,agrees,agrees,agrees,agrees,agrees,agrees,neutral,4,8,s3,,,,1.0,0.95,A,A,agrees,agrees
1654,1654,neutral,0.125,Some icebergs are cute.,neutral,neutral,neutral,neutral,neutral,neutral,neutral,agrees,4,8,s4,,,,0.2,0.95,B,B,neither agrees nor disagrees,neither agrees nor disagrees
1655,1655,agrees,0.75,"Global warming is a âmeteorâ that will âstrike in our lifetimes,â and consequently urged mainstream media outlets to cover the threat it poses above all other news.",agrees,agrees,agrees,neutral,agrees,neutral,agrees,agrees,4,8,t0,0.003992106562454,0.9073172965838092,0.0886905968537369,0.9,0.0,,A,agrees,neither agrees nor disagrees
1656,1656,neutral,0.0,Sheâs in the pocket of the fossil fuel industry.,disagrees,neutral,agrees,neutral,agrees,neutral,neutral,disagrees,4,8,t1,0.2578055610214508,0.0489147552285732,0.6932796837499761,0.0,0.8,A,B,neither agrees nor disagrees,agrees
1657,1657,agrees,0.5,The leader of a company that disputes a threat from global warming has no place at an institution where scientists have underscored the seriousness of the problem and administrators.,agrees,agrees,neutral,agrees,neutral,agrees,neutral,neutral,4,8,t10,0.998864927355756,0.0004880399566925,0.0006470326875513,0.8,0.95,A,A,agrees,agrees
1658,1658,neutral,0.125,"During this century, half of the energy the world needs will come from fossil fuels.",neutral,neutral,neutral,neutral,agrees,disagrees,neutral,agrees,4,8,t11,0.0022807305702671,0.9812806038046002,0.0164386656251327,0.8,0.8,B,C,disagrees,neither agrees nor disagrees
1659,1659,disagrees,-0.125,Climate scientists centuries in the future won&apost be able to see any hints of the Medieval Warm Period or the Little Ice Age in Pacific data.,disagrees,neutral,neutral,agrees,agrees,disagrees,neutral,disagrees,4,8,t12,0.010253852087474,0.6105731678956856,0.3791729800168404,0.2,0.9,B,B,neither agrees nor disagrees,neither agrees nor disagrees
1660,1660,disagrees,-0.125,Global warming impacts are far from monolithic.,disagrees,disagrees,agrees,agrees,agrees,disagrees,disagrees,neutral,4,8,t13,0.0009359688692259,0.9980484734582912,0.001015557672483,0.5,0.8,B,B,neither agrees nor disagrees,neither agrees nor disagrees
1661,1661,neutral,0.375,The extra carbon dioxide that humanity is pumping into the atmosphere isnât just warming the planet.,neutral,neutral,agrees,agrees,agrees,neutral,neutral,neutral,4,8,t14,0.0014650916159958,0.9971051573660976,0.0014297510179063,1.0,0.9,A,A,agrees,agrees
1662,1662,disagrees,-0.5,"I am convinced that the joint projects between Rosneft, Exxon Mobil and other companies will benefit our national economies, will contribute to strengthening the global energy situation.",disagrees,neutral,neutral,disagrees,neutral,disagrees,neutral,disagrees,4,8,t15,0.0755081896183447,0.035137415398095,0.8893543949835602,1.0,0.9,B,B,neither agrees nor disagrees,neither agrees nor disagrees
1663,1663,disagrees,-0.5,"Well, everything is OK because the big changes in the Arctic are essentially balanced by what's happening in the Antarctic.",disagrees,disagrees,disagrees,disagrees,agrees,disagrees,disagrees,agrees,4,8,t16,0.9233575027161932,0.0027488547187095,0.0738936425650972,0.9,0.8,C,C,disagrees,disagrees
1664,1664,neutral,0.0,The Trump administration is putting its thumb on the scale in favor of fossil fuels.,neutral,neutral,neutral,neutral,agrees,disagrees,neutral,neutral,4,8,t17,0.0046450456560039,0.1334177905464721,0.8619371637975239,0.8,0.7,A,A,agrees,agrees
1665,1665,agrees,0.5,Man-caused carbon releases prompted not only record heat and drought but also record coolness and precipitation within a few subsequent months.,agrees,agrees,agrees,agrees,neutral,neutral,agrees,disagrees,4,8,t18,0.0047396179783749,0.8448394806736456,0.1504209013479796,1.0,0.9,A,B,neither agrees nor disagrees,agrees
1666,1666,neutral,0.25,The changes in those seas are related to north-south winds that circulate clockwise around a stationary zone of increasingly lower-pressure air.,neutral,neutral,neutral,neutral,agrees,neutral,neutral,agrees,4,8,t19,0.0369687020160234,0.003837034259962,0.9591942637240144,0.2,0.95,B,B,neither agrees nor disagrees,neither agrees nor disagrees
1667,1667,disagrees,-0.625,The whole global warming thing is a scam.,disagrees,disagrees,disagrees,disagrees,agrees,disagrees,disagrees,neutral,4,8,t2,0.5990909131588248,0.0371101262363053,0.3637989606048699,0.9,1.0,C,C,disagrees,disagrees
1668,1668,agrees,0.625,"Over all, last year brought the highest sea surface temperatures across the Great Barrier Reef on record.",agrees,neutral,agrees,agrees,agrees,neutral,agrees,neutral,4,8,t20,0.9403487831355593,0.0568980741270177,0.0027531427374232,0.9,0.9,A,A,agrees,agrees
1669,1669,neutral,0.25,"The technique would bring down soaring global temperatures, which would help avoid heat-stressing crops.",neutral,neutral,agrees,agrees,disagrees,neutral,neutral,agrees,4,8,t21,0.0044842265666675,0.1124508903667581,0.8830648830665744,0.9,0.9,A,A,agrees,agrees
1670,1670,agrees,0.375,Well over 90 percent of published climate scientists have concluded that recent global warming is both real and mostly the result of human activity.,agrees,neutral,neutral,agrees,neutral,neutral,agrees,neutral,4,8,t22,0.7455016131491107,0.0027903487522908,0.2517080380985985,1.0,0.95,A,A,agrees,agrees
1671,1671,neutral,0.125,A safe level of atmospheric concentrations of carbon dioxide is 350 parts per million.,neutral,neutral,neutral,neutral,agrees,neutral,neutral,neutral,4,8,t23,0.9988619807191648,0.0007067014618856,0.0004313178189495,1.0,0.9,A,A,agrees,agrees
1672,1672,disagrees,-0.5,A group whose journey is meant to highlight the effects of global warming is trapped by a substance that is supposed to be melting.,disagrees,disagrees,disagrees,agrees,disagrees,disagrees,neutral,neutral,4,8,t24,0.034089652563259,0.0023943973039442,0.9635159501327968,1.0,0.8,A,A,agrees,agrees
1673,1673,neutral,0.125,Energy sources like wind and solar are not as vulnerable to market fluctuations as fossil fuels are.,neutral,neutral,neutral,neutral,agrees,neutral,neutral,neutral,4,8,t25,0.0043936599478408,0.9737000368248576,0.0219063032273015,0.8,0.9,B,A,agrees,neither agrees nor disagrees
1674,1674,neutral,0.0,No nation has reduced carbon emissions more over the past eight years than the US.,neutral,neutral,neutral,agrees,neutral,neutral,neutral,disagrees,4,8,t26,0.0011435697515862,0.0016304335356382,0.9972259967127756,0.9,0.8,B,C,disagrees,neither agrees nor disagrees
1675,1675,agrees,0.375,A domino effect will kick in if global temperatures rise.,neutral,agrees,agrees,agrees,disagrees,agrees,agrees,disagrees,4,8,t27,0.0047208340383761,0.8565728037212708,0.1387063622403531,0.9,0.9,A,A,agrees,agrees
1676,1676,neutral,0.125,"A well-thought-out strategy of emissions control, in particular one that puts a price on carbon via either an emissions tax or a cap-and-trade scheme, would cost much less than the usual suspects want you to think.",neutral,neutral,neutral,neutral,agrees,neutral,neutral,neutral,4,8,t28,0.0059507222569931,0.1253098169428198,0.868739460800187,0.8,0.8,A,A,agrees,agrees
1677,1677,neutral,0.25,"In the long run, carbon markets will make a substantial contribution only if they can be tied together across political boundaries.",neutral,neutral,agrees,neutral,agrees,neutral,neutral,neutral,4,8,t29,0.0061575659199393,0.5721594203265373,0.4216830137535234,0.5,0.95,B,B,neither agrees nor disagrees,neither agrees nor disagrees
1678,1678,agrees,0.875,Whatever it takes to decarbonize the global economy rapidly.,agrees,agrees,agrees,agrees,agrees,neutral,agrees,agrees,4,8,t3,0.0009180878007266,0.0009157812757036,0.9981661309235696,1.0,0.95,A,A,agrees,agrees
1679,1679,agrees,0.375,"The main responsibility to cut emissions lies with developed nations, which had a headstart in sparking global warming.",neutral,neutral,agrees,agrees,disagrees,agrees,agrees,neutral,4,8,t30,0.9638219001094128,0.0135069527544489,0.0226711471361383,0.8,0.8,A,A,agrees,agrees
1680,1680,agrees,0.625,"The worst-case scenario would be the creation of huge zones with too little oxygen for sea creatures to survive, with unknown consequences for the overall ecology of the ocean.",agrees,agrees,agrees,agrees,disagrees,agrees,agrees,neutral,4,8,t31,0.0009678784748748,0.0009175704548353,0.9981145510702898,0.9,0.8,A,A,agrees,agrees
1681,1681,neutral,0.25,"Carbon dioxide emissions from the burning of fossil fuels and the production of cement rose by 2.1 percent in 2012, compared with 2011, and they are projected to rise by a similar amount in 2013.",neutral,neutral,neutral,agrees,neutral,agrees,neutral,neutral,4,8,t32,0.0039198323482065,0.0154259975285785,0.980654170123215,1.0,0.8,A,A,agrees,agrees
1682,1682,agrees,0.25,There should be carbon pricing for major emitters.,agrees,neutral,agrees,agrees,neutral,neutral,neutral,disagrees,4,8,t33,0.0087269439132842,0.9132682142411832,0.0780048418455325,0.8,0.8,A,A,agrees,agrees
1683,1683,agrees,0.375,"Saving a tropical forest of, say, a million acres would prevent roughly 367 million tons of carbon dioxide from escaping into the atmosphere, where some of it would remain for thousands of years.",agrees,neutral,agrees,agrees,disagrees,neutral,agrees,neutral,4,8,t34,0.0009798694363073,0.000968687941179,0.9980514426225136,1.0,0.9,A,A,agrees,agrees
1684,1684,agrees,0.75,"Hurricanes are among the extreme weather events that have been exacerbated by manâs selfishness, greed, and refusal to amend his carbon-guzzling lifestyle.",agrees,agrees,agrees,agrees,neutral,agrees,neutral,agrees,4,8,t35,0.0025244945788111,0.0211530660205202,0.9763224394006684,1.0,0.95,A,A,agrees,agrees
1685,1685,agrees,0.125,"Thatâs a lot of money for Mr. Pruitt to tour the Vatican, pose for photos, and tell his European counterparts that global warming doesnât matter.",neutral,agrees,agrees,disagrees,disagrees,agrees,neutral,neutral,4,8,t36,0.0076881488768007,0.6776540118604778,0.3146578392627214,1.0,0.9,C,A,agrees,disagrees
1686,1686,disagrees,-0.125,It's delusional to propose a carbon tax right now.,disagrees,disagrees,neutral,disagrees,agrees,neutral,neutral,agrees,4,8,t37,0.0014082772531487,0.9971876135793246,0.0014041091675265,0.2,0.8,C,B,neither agrees nor disagrees,disagrees
1687,1687,neutral,0.375,The Democrats have won when it comes to emphasizing the importance of fighting global warming.,neutral,agrees,disagrees,agrees,agrees,neutral,neutral,agrees,4,8,t38,0.0043442137347468,0.0992426544331235,0.8964131318321297,1.0,0.9,A,A,agrees,agrees
1688,1688,agrees,0.375,Buildings should âreduce gender-discriminating bias in thermal comfortâ because setting temperatures at slightly warmer levels can help combat global warming.,agrees,agrees,agrees,neutral,neutral,agrees,neutral,disagrees,4,8,t39,0.0098633500120665,0.5755270648062026,0.4146095851817309,0.75,0.8,A,B,neither agrees nor disagrees,agrees
1689,1689,agrees,0.25,We are seeing a long-term global warming trend.,agrees,neutral,agrees,neutral,neutral,agrees,neutral,disagrees,4,8,t4,0.0063336337579806,0.8494377810813395,0.1442285851606798,1.0,0.9,A,A,agrees,agrees
1690,1690,neutral,0.5,"Thus, at the same time, the plan avoids taking stances that are absolutely vital to reduce carbon emissions.",neutral,agrees,agrees,neutral,agrees,neutral,neutral,agrees,4,8,t40,0.0026255142232383,0.973539026407297,0.0238354593694647,0.9,0.8,B,C,disagrees,neither agrees nor disagrees
1691,1691,neutral,0.125,The global conservation movement is like a surgeon in an emergency room treating an accident victim.,neutral,neutral,agrees,agrees,agrees,disagrees,disagrees,neutral,4,8,t41,0.0895995438691988,0.5047631090582693,0.4056373470725319,1.0,0.9,B,A,agrees,neither agrees nor disagrees
1692,1692,agrees,0.5,Agriculture can help fight global warming.,agrees,neutral,agrees,neutral,neutral,agrees,neutral,agrees,4,8,t42,0.7537956742067401,0.0053516417953985,0.2408526839978612,0.5,0.8,A,A,agrees,agrees
1693,1693,agrees,0.625,Climate change can be blunted only by moving to renewable energy and capping any growth of fossil fuels.,agrees,neutral,agrees,agrees,agrees,agrees,neutral,neutral,4,8,t43,0.0929208301045603,0.2233086742471291,0.6837704956483106,1.0,0.9,A,A,agrees,agrees
1694,1694,agrees,0.875,Recent global warming is both real and mostly the result of human activity.,agrees,neutral,agrees,agrees,agrees,agrees,agrees,agrees,4,8,t44,0.0077263978589267,0.8778828842792502,0.114390717861823,1.0,0.95,A,A,agrees,agrees
1695,1695,agrees,0.875,Steps should be taken against global warming even if they are costly.,agrees,agrees,agrees,agrees,neutral,agrees,agrees,agrees,4,8,t5,0.0051439849604029,0.1781870151371596,0.8166689999024374,1.0,0.9,A,A,agrees,agrees
1696,1696,agrees,0.625,"Climate change is exacerbating drought in Texas, rapidly rising sea levels along the Atlantic coast and higher storm surges caused by hurricanes in states like Florida and Louisiana.",agrees,agrees,agrees,agrees,disagrees,agrees,agrees,neutral,4,8,t6,0.400001872226536,0.1887711606465871,0.4112269671268769,1.0,0.95,A,A,agrees,agrees
1697,1697,neutral,0.0,"Climate change seemed like a godsend for Kiribati, the Pacific island nation threatened by rising seas.",neutral,disagrees,neutral,neutral,neutral,agrees,neutral,neutral,4,8,t7,0.0060462977118495,0.6323592112002369,0.3615944910879136,0.5,0.8,A,B,neither agrees nor disagrees,agrees
1698,1698,disagrees,-0.5,Global warming idiots out of danger.,disagrees,neutral,disagrees,disagrees,disagrees,disagrees,neutral,agrees,4,8,t8,0.004864078776274,0.8411540831312903,0.1539818380924357,0.9,0.95,C,C,disagrees,disagrees
1699,1699,neutral,0.5,The explanation lies with global warming.,neutral,neutral,agrees,agrees,agrees,neutral,neutral,agrees,4,8,t9,0.0025812306246992,0.976480757870946,0.0209380115043546,1.0,0.8,A,A,agrees,agrees
1700,1700,disagrees,-0.375,Global warming is a hoax.,disagrees,disagrees,neutral,agrees,disagrees,agrees,disagrees,disagrees,4,9,s0,,,,1.0,1.0,C,C,disagrees,disagrees
1701,1701,neutral,0.0,Alarming levels of sea level rise are predicted to threaten Florida over the next decades.,agrees,neutral,disagrees,neutral,neutral,neutral,neutral,neutral,4,9,s1,,,,1.0,0.95,A,A,agrees,agrees
1702,1702,neutral,0.25,"Over the past several years, the United States has seen an increase in business growth that has counteracted the lingering effects of the recession.",disagrees,neutral,agrees,agrees,neutral,agrees,neutral,neutral,4,9,s2,,,,0.0,0.95,B,B,neither agrees nor disagrees,neither agrees nor disagrees
1703,1703,agrees,0.875,Global warming is happening and it will be dangerous to human health and welfare.,agrees,agrees,neutral,agrees,agrees,agrees,agrees,agrees,4,9,s3,,,,1.0,1.0,A,A,agrees,agrees
1704,1704,neutral,0.375,Some icebergs are cute.,agrees,neutral,agrees,agrees,neutral,neutral,neutral,neutral,4,9,s4,,,,0.2,0.95,B,B,neither agrees nor disagrees,neither agrees nor disagrees
1705,1705,agrees,0.75,"Every corner of the United States is being hit hard, with more droughts in some regions, more torrential rains in others, worsening forest fires, melting land ice, and the deaths of millions of acres of trees from heat-loving insects.",agrees,agrees,agrees,agrees,neutral,agrees,neutral,agrees,4,9,t0,0.0061194603346263,0.9169351522459016,0.0769453874194719,1.0,0.95,A,A,agrees,agrees
1706,1706,disagrees,-0.5,Recent hurricane activity had not been made more severe by global warming.,agrees,disagrees,disagrees,neutral,disagrees,neutral,disagrees,disagrees,4,9,t1,0.9983333922747152,0.0006160669798587,0.0010505407454259,0.5,0.8,C,B,neither agrees nor disagrees,disagrees
1707,1707,neutral,0.25,"But though the receding Arctic ice has been forcing more bears off their preferred terrain, it is unclear if the latest invasion is caused by the warming seas.",agrees,neutral,neutral,neutral,neutral,agrees,neutral,neutral,4,9,t10,0.0052770832014725,0.0424956097497653,0.952227307048762,0.75,0.9,B,B,neither agrees nor disagrees,neither agrees nor disagrees
1708,1708,neutral,0.0,The rhythm of ice ages parallels changes in the solar energy that heats the continents.,agrees,neutral,agrees,neutral,neutral,disagrees,disagrees,neutral,4,9,t11,0.0113026214323988,0.9070073359317572,0.0816900426358439,0.75,0.9,B,B,neither agrees nor disagrees,neither agrees nor disagrees
1709,1709,agrees,0.75,Protecting the delicate Arctic environment from the consequences of climate change will be a top American priority over the next two years.,agrees,agrees,agrees,neutral,agrees,neutral,agrees,agrees,4,9,t12,0.0116664014708462,0.102448191583963,0.8858854069451908,1.0,0.9,A,A,agrees,agrees
1710,1710,neutral,0.375,Both are necessary byproducts of our addiction to fossil fuels.,agrees,neutral,agrees,agrees,neutral,neutral,neutral,neutral,4,9,t13,0.0144204844864583,0.7340774452494266,0.2515020702641149,1.0,0.8,A,A,agrees,agrees
1711,1711,agrees,0.25,We can emit only so much carbon dioxide and still remain within the temperature limit set by the Paris accord.,disagrees,agrees,neutral,neutral,neutral,agrees,agrees,neutral,4,9,t14,0.0065107637520595,0.0731037523195287,0.9203854839284118,1.0,0.9,A,A,agrees,agrees
1712,1712,agrees,0.75,"Rising fossil fuel emissions, which increase the temperature of the planet, pose grave risks to water supplies.",agrees,agrees,agrees,agrees,agrees,disagrees,agrees,agrees,4,9,t15,0.0087272781870676,0.7574080585137429,0.2338646632991894,1.0,0.95,A,A,agrees,agrees
1713,1713,agrees,0.5,"We are committed to tackling climate change without a carbon tax or an emissions-trading scheme that will hike up power bills for families, pensioners and businesses.",agrees,agrees,disagrees,agrees,neutral,agrees,neutral,agrees,4,9,t16,0.2168318438027947,0.0117736832266831,0.771394472970522,0.85,0.8,A,B,neither agrees nor disagrees,agrees
1714,1714,agrees,0.625,The missed deadline underscores the disdain with which the Trump administration views the worldwide effort to rein in global warming.,agrees,agrees,agrees,neutral,neutral,agrees,neutral,agrees,4,9,t17,0.0086160030004085,0.7754522057073671,0.2159317912922245,1.0,0.9,A,A,agrees,agrees
1715,1715,neutral,0.375,"Between 2003 and 2012, the amount of vegetation above ground increased by 4 billion metric tons of carbon.",agrees,neutral,agrees,neutral,neutral,agrees,neutral,neutral,4,9,t18,0.0019519229323852,0.002339904997531,0.9957081720700836,0.85,0.95,B,B,neither agrees nor disagrees,neither agrees nor disagrees
1716,1716,disagrees,0.125,"The rate of ice loss expected for warming of 1.6 degrees is slow, occurring over 50,000 years.",agrees,disagrees,neutral,agrees,neutral,agrees,disagrees,neutral,4,9,t19,0.0777048448633611,0.0100214088725696,0.9122737462640692,0.9,0.7,B,C,disagrees,neither agrees nor disagrees
1717,1717,neutral,0.375,"The presence of Mr. Pruitt, who says he does not believe carbon dioxide is a primary contributor to global warming, would be particularly provocative.",agrees,neutral,neutral,neutral,neutral,agrees,agrees,neutral,4,9,t2,0.0017776885740573,0.9957005662730274,0.0025217451529152,0.9,0.9,C,A,agrees,disagrees
1718,1718,neutral,0.25,The deaths caused by colonization led to a drop of about 3.5 parts per million of carbon dioxide in the atmosphere.,agrees,neutral,agrees,neutral,neutral,disagrees,agrees,neutral,4,9,t20,0.0030474271707639,0.008149822112074,0.988802750717162,1.0,0.9,B,B,neither agrees nor disagrees,neither agrees nor disagrees
1719,1719,neutral,0.625,Rising seas had driven villagers from their homes in Fiji and led Kiribati to buy property elsewhere for the day when that country vanishes beneath the waves.,agrees,neutral,agrees,neutral,agrees,agrees,agrees,neutral,4,9,t21,0.0174331394930508,0.6410225428632277,0.3415443176437213,1.0,0.9,A,A,agrees,agrees
1720,1720,disagrees,0.125,The secret of being green is to have zero economic growth: no manufacturing no pesky carbon emissions.,agrees,disagrees,agrees,agrees,agrees,neutral,disagrees,disagrees,4,9,t22,0.001969164162465,0.9972981107653026,0.0007327250722322,1.0,0.8,C,C,disagrees,disagrees
1721,1721,neutral,-0.125,The initial trigger for warming to end the last ice age is a periodic change in the angle of Earth 's tilt and in the orientation of its axis.,agrees,disagrees,disagrees,neutral,neutral,neutral,neutral,neutral,4,9,t23,0.013855793502888,0.8978381224923964,0.0883060840047155,1.0,0.9,B,B,neither agrees nor disagrees,neither agrees nor disagrees
1722,1722,agrees,1.0,"To turn a blind eye on how sea-level rise and climate change are going to affect preserving our history is just, to me, unacceptable.",agrees,agrees,agrees,agrees,agrees,agrees,agrees,agrees,4,9,t24,0.0071715877096948,0.8770711997546256,0.1157572125356797,1.0,0.95,A,A,agrees,agrees
1723,1723,neutral,0.25,"Familiar as scientists are with the physics and chemistry of energy production and consumption, researchers remain astonished by the speed and scale at which we are extracting carbon from the earth in the form of the long-buried, slow-cooked plant and plankton matter.",disagrees,neutral,agrees,neutral,neutral,agrees,agrees,neutral,4,9,t25,0.0026912600784443,0.0059610443911572,0.9913476955303984,0.9,0.9,A,A,agrees,agrees
1724,1724,agrees,0.75,"If they follow that very fossil intensive path, whether gas or coal, it will not be a good thing from a climate perspective.",agrees,agrees,agrees,neutral,neutral,agrees,agrees,agrees,4,9,t26,0.7810694707072326,0.015714202916333,0.2032163263764343,0.9,0.9,A,A,agrees,agrees
1725,1725,neutral,0.375,The relatively warmer waters of the Southern Ocean to flow more freely to the more permanent ice that extends from the land in glaciers and sheets.,agrees,neutral,agrees,agrees,neutral,neutral,neutral,neutral,4,9,t27,0.0097749218451057,0.0594083594167914,0.9308167187381028,0.8,0.9,B,A,agrees,neither agrees nor disagrees
1726,1726,neutral,0.125,The satellite measurements tell us that the ice sheet is much more dynamic than we used to think.,disagrees,neutral,neutral,agrees,neutral,agrees,neutral,neutral,4,9,t28,0.0099198484803957,0.3348722263407041,0.6552079251789001,0.5,0.8,B,B,neither agrees nor disagrees,neither agrees nor disagrees
1727,1727,neutral,0.5,The low number is derived from a method that did not take account of the way global warming had sped up since the 1970s.,agrees,agrees,agrees,agrees,neutral,agrees,disagrees,neutral,4,9,t29,0.9618064571063548,0.036150207847873,0.0020433350457721,1.0,0.8,A,A,agrees,agrees
1728,1728,agrees,0.375,"As global warming is melting the ice cover and exposing the Arctic to oil exploitation and shipping through sea routes such as the Northwest Passage, the risk of oil spills on gravel beaches in high-latitude regions will be increased.",disagrees,agrees,agrees,neutral,agrees,neutral,agrees,neutral,4,9,t3,0.4541696929256641,0.0064547131042455,0.5393755939700905,1.0,0.9,A,A,agrees,agrees
1729,1729,neutral,-0.125,He and the other scientists wanted to examine the transborder effects of emissions from export industries to look at how consumption contributes to global air pollution.,disagrees,neutral,disagrees,neutral,neutral,agrees,neutral,neutral,4,9,t30,0.0011025107709029,0.9982575269161964,0.0006399623129005,0.8,0.95,B,A,agrees,neither agrees nor disagrees
1730,1730,disagrees,-0.25,An increase in C02 emissions from fossil fuels will be a great benefit to plant and animal life on Earth.,agrees,disagrees,neutral,neutral,disagrees,agrees,disagrees,disagrees,4,9,t31,0.0108776670640955,0.059533413048911,0.9295889198869935,1.0,0.9,C,C,disagrees,disagrees
1731,1731,neutral,0.25,The research is the first to quantify how air pollution in the United States is affected by Chinaâs production of goods for export and by global consumer demand for those goods.,agrees,neutral,agrees,agrees,neutral,disagrees,neutral,neutral,4,9,t32,0.0035640936807782,0.9773948387066232,0.0190410676125984,0.2,0.95,B,B,neither agrees nor disagrees,neither agrees nor disagrees
1732,1732,agrees,0.875,Widespread burning of fossil fuels is releasing heat-trapping gases that are warming the planet.,agrees,agrees,agrees,agrees,neutral,agrees,agrees,agrees,4,9,t33,0.0030025259786044,0.0078880157076774,0.989109458313718,1.0,0.95,A,A,agrees,agrees
1733,1733,agrees,0.375,"That level of warming, while potentially producing dire effects on agriculture, sea level and the natural world, might at least be tolerable.",agrees,disagrees,neutral,agrees,agrees,neutral,agrees,neutral,4,9,t34,0.004512864126252,0.0039246684513828,0.9915624674223652,0.7,0.1,B,A,agrees,neither agrees nor disagrees
1734,1734,agrees,0.5,"Divestment will not contribute to solving the challenges of global climate change, and we believe it is not a very wise way to try and solve the issue.",agrees,disagrees,neutral,agrees,agrees,neutral,agrees,agrees,4,9,t35,0.1136456211793268,0.6218126318933823,0.2645417469272908,0.9,0.3,C,C,disagrees,disagrees
1735,1735,agrees,0.875,"In Andrew Wheeler, the President has tapped yet another fossil fuel industry lobbyist to help in the capture of the Environmental Protection Agency for big polluters.",agrees,agrees,agrees,agrees,neutral,agrees,agrees,agrees,4,9,t36,0.0086457438378209,0.002018506003499,0.98933575015868,0.9,0.8,A,A,agrees,agrees
1736,1736,neutral,0.375,The goal of the new study is to provide a reality check on global climate models' representations of the impact that declining snow and ice has on the Earth's so-called radiation budget.,agrees,disagrees,agrees,agrees,neutral,agrees,neutral,neutral,4,9,t37,0.9970258083454626,0.0011815985892933,0.001792593065244,1.0,0.9,B,A,agrees,neither agrees nor disagrees
1737,1737,neutral,0.25,"The document, which climate change believers hope will urge Catholics to accept the theory of anthropogenic global warming and cast the issue in religious terms, may be delayed and will be greatly reduced in scope from what advocates originally hoped.",agrees,neutral,agrees,agrees,neutral,neutral,disagrees,neutral,4,9,t38,0.0054081394075928,0.0097599227241098,0.9848319378682971,0.85,0.8,B,B,neither agrees nor disagrees,neither agrees nor disagrees
1738,1738,disagrees,0.0,No single storm can be laid at the foot of global warming.,agrees,disagrees,agrees,agrees,disagrees,neutral,neutral,disagrees,4,9,t39,0.0029217932998697,0.9861392143552372,0.010938992344893,0.8,0.8,B,B,neither agrees nor disagrees,neither agrees nor disagrees
1739,1739,neutral,0.375,"Due to there being about twice as much sea ice during the last ice age, the penguins are unable to breed in more than a few locations around Antarctica.",agrees,neutral,agrees,agrees,neutral,disagrees,agrees,neutral,4,9,t4,0.4957559897783361,0.3579054878177372,0.1463385224039267,0.2,0.9,B,B,neither agrees nor disagrees,neither agrees nor disagrees
1740,1740,neutral,0.125,"If the sea is rising, you either get out of the way, or you get flooded.",disagrees,neutral,agrees,agrees,neutral,neutral,neutral,neutral,4,9,t40,0.2979730063567816,0.693007701581369,0.0090192920618492,1.0,0.7,A,A,agrees,agrees
1741,1741,disagrees,0.125,"A combination of factors are at work, including a natural El Nino system, man-made global warming and a dash of random weather.",agrees,disagrees,agrees,neutral,neutral,agrees,neutral,disagrees,4,9,t41,0.0030425142631846,0.9860257191885684,0.0109317665482467,0.5,0.8,B,B,neither agrees nor disagrees,neither agrees nor disagrees
1742,1742,neutral,0.375,Carbon dioxide is causing the general rise of global temperatures.,neutral,agrees,neutral,agrees,neutral,agrees,neutral,neutral,4,9,t42,0.4454382706753283,0.0387158899664372,0.5158458393582345,0.9,0.9,A,A,agrees,agrees
1743,1743,neutral,0.5,"The pipeline increase US reliance on fossil fuels (since all the oil is exported abroad) and the transport of tar sands oil, a very heavy form of crude oil, could have serious environmental consequences if it leaked.",agrees,neutral,disagrees,agrees,agrees,agrees,agrees,neutral,4,9,t43,0.0668628858206049,0.0187600364461077,0.9143770777332874,0.9,0.8,A,A,agrees,agrees
1744,1744,neutral,-0.125,"Until relatively recently, barrier islands barrier islands defended themselves against rising seas by, in a sense, moving to higher ground.",disagrees,neutral,disagrees,agrees,neutral,neutral,neutral,neutral,4,9,t44,0.9803994312395502,0.0072050808916374,0.0123954878688123,0.75,0.9,B,B,neither agrees nor disagrees,neither agrees nor disagrees
1745,1745,agrees,0.375,"As a result of climate change, national parks are seeing extended fire seasons, species migration, and increased snow melt.",agrees,agrees,neutral,agrees,neutral,disagrees,agrees,neutral,4,9,t5,0.0048936833837187,0.0053663685063136,0.9897399481099676,0.9,0.9,A,A,agrees,agrees
1746,1746,neutral,0.5,"The reliance on models will probably increase, because what is happening right now in the Arctic appears to be so fast that we hardly have any time to take data points and declare that we now know what is going on in the present climate.",agrees,neutral,agrees,neutral,neutral,agrees,agrees,neutral,4,9,t6,0.8954261269154798,0.011760504734425,0.092813368350095,0.8,0.8,A,A,agrees,agrees
1747,1747,agrees,0.625,Balancing the water needs of the present with the long-term needs of the future is a global concern.,agrees,agrees,neutral,agrees,neutral,agrees,agrees,neutral,4,9,t7,0.0096865811376133,0.3262097891685433,0.6641036296938435,1.0,0.8,B,B,neither agrees nor disagrees,neither agrees nor disagrees
1748,1748,neutral,0.0,"The single biggest uncertainty in climate science has nothing to do with the physics of the atmosphere, or the stability of the ice, or anything like that.",disagrees,neutral,agrees,neutral,neutral,agrees,neutral,disagrees,4,9,t8,0.0222659981289906,0.3710590802972076,0.6066749215738017,0.85,0.9,B,B,neither agrees nor disagrees,neither agrees nor disagrees
1749,1749,agrees,0.625,These solutions may not help with global warming's long-term effects.,neutral,agrees,agrees,agrees,neutral,agrees,agrees,neutral,4,9,t9,0.0093626625267985,0.002978623290595,0.9876587141826064,0.8,0.8,B,A,agrees,neither agrees nor disagrees
1750,1750,disagrees,-1.0,Global warming is a hoax.,disagrees,disagrees,disagrees,disagrees,disagrees,disagrees,disagrees,disagrees,5,0,s0,,,,1.0,1.0,C,C,disagrees,disagrees
1751,1751,agrees,0.875,Alarming levels of sea level rise are predicted to threaten Florida over the next decades.,agrees,agrees,agrees,agrees,agrees,neutral,agrees,agrees,5,0,s1,,,,0.9,0.95,A,A,agrees,agrees
1752,1752,neutral,-0.125,"Over the past several years, the United States has seen an increase in business growth that has counteracted the lingering effects of the recession.",neutral,neutral,neutral,neutral,disagrees,neutral,neutral,neutral,5,0,s2,,,,0.0,0.95,B,B,neither agrees nor disagrees,neither agrees nor disagrees
1753,1753,agrees,1.0,Global warming is happening and it will be dangerous to human health and welfare.,agrees,agrees,agrees,agrees,agrees,agrees,agrees,agrees,5,0,s3,,,,1.0,0.95,A,A,agrees,agrees
1754,1754,neutral,-0.125,Some icebergs are cute.,neutral,neutral,neutral,neutral,neutral,neutral,disagrees,neutral,5,0,s4,,,,0.2,0.95,B,B,neither agrees nor disagrees,neither agrees nor disagrees
1755,1755,disagrees,-0.875,Ms. Thunberg has been incredibly misled about the health implications of rising temperatures.,disagrees,disagrees,disagrees,disagrees,disagrees,neutral,disagrees,disagrees,5,0,t0,0.9784794868502544,0.001916415357376,0.0196040977923694,0.9,0.8,C,C,disagrees,disagrees
1756,1756,neutral,-0.125,Radical environmental groups partnering in this week's `Global Climate Strike' to the tune of nearly $ 25 million.,neutral,neutral,disagrees,agrees,neutral,disagrees,neutral,neutral,5,0,t1,0.1058706181909822,0.0069123332477163,0.8872170485613013,0.9,0.8,B,A,agrees,neither agrees nor disagrees
1757,1757,disagrees,-0.875,Is really led by grown-up global warming zealots.,disagrees,disagrees,disagrees,neutral,disagrees,disagrees,disagrees,disagrees,5,0,t10,0.978556834596232,0.0019139514803248,0.019529213923443,0.8,0.9,C,C,disagrees,disagrees
1758,1758,neutral,-0.125,"When Thunberg first learned details about climate change, Thunberg didn&apost really believe it.",neutral,neutral,neutral,disagrees,neutral,neutral,neutral,neutral,5,0,t11,0.0005678983743603,0.9984071689012144,0.0010249327244254,0.2,0.8,B,B,neither agrees nor disagrees,neither agrees nor disagrees
1759,1759,neutral,0.25,"Sea levels are rising `at a faster rate' than experts had expected, and that is having a greater impact on the lagoon city.",neutral,neutral,neutral,disagrees,agrees,agrees,agrees,neutral,5,0,t12,0.7875270277092545,0.003446664691941,0.2090263075988043,1.0,0.9,A,A,agrees,agrees
1760,1760,neutral,0.0,Trump is careful to keep any comments about climate change to a minimum to avoid getting booed.,neutral,neutral,neutral,disagrees,neutral,neutral,agrees,neutral,5,0,t13,0.4814426289288671,0.0665535801614066,0.4520037909097263,0.8,0.8,B,B,neither agrees nor disagrees,neither agrees nor disagrees
1761,1761,disagrees,-0.5,"We're not in a place where, I think, we would conduct monetary policy to deal with climate-change-type issues.",neutral,neutral,disagrees,disagrees,neutral,neutral,disagrees,disagrees,5,0,t14,0.0005958565471121,0.9983839211474096,0.0010202223054783,1.0,0.9,B,B,neither agrees nor disagrees,neither agrees nor disagrees
1762,1762,neutral,0.125,"Warmer-than-average temperatures are forecast for much of the U.S. this winter, with a wetter-than-normal season from December through February across the northern parts of the country.",neutral,neutral,neutral,neutral,agrees,neutral,neutral,neutral,5,0,t15,0.000559856598122,0.9984459518283092,0.0009941915735685,1.0,0.9,B,B,neither agrees nor disagrees,neither agrees nor disagrees
1763,1763,neutral,-0.125,The fight over planet-warming auto emissions has split the nation's auto industry.,neutral,neutral,neutral,disagrees,neutral,neutral,neutral,neutral,5,0,t16,0.0005845440696951,0.9983583188918294,0.0010571370384755,0.9,0.9,B,A,agrees,neither agrees nor disagrees
1764,1764,neutral,0.375,And that is a direct analogy to the skepticism with which many people view the threat of climate change.,neutral,neutral,agrees,neutral,neutral,agrees,agrees,neutral,5,0,t17,0.9959129757201122,0.0027443222551897,0.0013427020246979,0.9,0.8,B,C,disagrees,neither agrees nor disagrees
1765,1765,neutral,0.5,"Cyclones, floods and fires are now displacing three times as many people as wars.",agrees,neutral,agrees,agrees,agrees,neutral,neutral,neutral,5,0,t18,0.995868312116134,0.0011040282717165,0.0030276596121492,0.9,0.9,A,A,agrees,agrees
1766,1766,agrees,0.25,"There is no point in only reducing greenhouse gas emissions at home, if we increase the import of CO2 from abroad.",agrees,neutral,agrees,disagrees,disagrees,neutral,agrees,agrees,5,0,t19,0.0015353714509836,0.0008797301320126,0.9975848984170036,0.9,0.8,B,A,agrees,neither agrees nor disagrees
1767,1767,disagrees,-0.875,These kids have been programmed to panic over climate change.,disagrees,disagrees,disagrees,disagrees,disagrees,neutral,disagrees,disagrees,5,0,t2,0.0063733471605847,0.2176772400033503,0.7759494128360649,0.9,0.8,C,C,disagrees,disagrees
1768,1768,agrees,0.75,"In our view, the consideration of tipping points helps to define that we are in a climate emergency.",agrees,agrees,agrees,agrees,neutral,neutral,agrees,agrees,5,0,t20,0.0037930397836248,0.0294821954660137,0.9667247647503614,0.9,0.95,A,A,agrees,agrees
1769,1769,disagrees,-0.625,Iceland's melting glaciers are simply part of an endless sequence of natural events that have shaped our country's history.,disagrees,disagrees,disagrees,disagrees,agrees,disagrees,disagrees,neutral,5,0,t21,0.4435823568614036,0.0038909361397354,0.552526706998861,0.9,0.8,C,C,disagrees,disagrees
1770,1770,agrees,0.375,The Trump administration simply discarded prior factual findings related to climate change to support its course reversal.,agrees,agrees,agrees,disagrees,disagrees,agrees,neutral,agrees,5,0,t22,0.000921461636744,0.0101467118095692,0.9889318265536868,0.9,0.9,A,A,agrees,agrees
1771,1771,disagrees,-1.0,I only pay attention to my health because I want to live a very long time just so I can keep pointing out that the climate has yet to murder me.,disagrees,disagrees,disagrees,disagrees,disagrees,disagrees,disagrees,disagrees,5,0,t23,0.0014516583932902,0.000814485287915,0.9977338563187946,0.9,0.9,C,C,disagrees,disagrees
1772,1772,disagrees,-0.75,We don't believe there should be carbon taxes.,disagrees,neutral,disagrees,disagrees,disagrees,neutral,disagrees,disagrees,5,0,t24,0.0025643984226562,0.2774968300799798,0.7199387714973638,0.2,0.7,C,C,disagrees,disagrees
1773,1773,agrees,0.75,They may well spend the next decade coping with the disruptive effects of climate change and technology.,agrees,agrees,agrees,agrees,agrees,neutral,agrees,neutral,5,0,t25,0.0026283306940773,0.3193325626298336,0.678039106676089,0.75,0.8,A,B,neither agrees nor disagrees,agrees
1774,1774,neutral,0.25,The Arctic is changing.,agrees,neutral,neutral,neutral,agrees,neutral,neutral,neutral,5,0,t26,0.046845614796678,0.7379532392999391,0.215201145903383,1.0,0.9,B,A,agrees,neither agrees nor disagrees
1775,1775,neutral,-0.125,There had been 25 rapid climate change events like the Younger Dryas in the last glacial period.,neutral,disagrees,disagrees,neutral,agrees,neutral,neutral,neutral,5,0,t27,0.0019182814610794,0.9198724247415716,0.0782092937973489,0.75,0.9,B,B,neither agrees nor disagrees,neither agrees nor disagrees
1776,1776,neutral,0.0,Coal-fired plants are the main global source of emissions.,neutral,neutral,neutral,disagrees,agrees,neutral,neutral,neutral,5,0,t28,0.911558736398956,0.0240063660199941,0.0644348975810499,1.0,0.8,A,A,agrees,agrees
1777,1777,agrees,0.375,"Climate change could actually make frigid waves of Arctic air more common, a result of shrinking sea ice.",neutral,neutral,agrees,disagrees,agrees,agrees,agrees,neutral,5,0,t29,0.0372785051321212,0.9040128194595728,0.0587086754083061,0.9,0.8,A,A,agrees,agrees
1778,1778,agrees,1.0,"While many people already face the dire consequences of the climate crisis, the reality of an environment that is becoming uninhabitable is still not obvious to everyone.",agrees,agrees,agrees,agrees,agrees,agrees,agrees,agrees,5,0,t3,0.9981069850581786,0.0008715601848484,0.0010214547569728,0.9,0.9,A,A,agrees,agrees
1779,1779,neutral,-0.25,It's related to rather than `caused by' climate change.,neutral,neutral,disagrees,agrees,disagrees,neutral,disagrees,neutral,5,0,t30,0.8464030341775107,0.0032651893409158,0.1503317764815733,1.0,0.8,B,B,neither agrees nor disagrees,neither agrees nor disagrees
1780,1780,disagrees,-0.5,But the erosion of science reaches well beyond the environment and climate.,disagrees,disagrees,disagrees,neutral,neutral,neutral,disagrees,neutral,5,0,t31,0.0023639702064525,0.8417350645578758,0.1559009652356717,0.2,0.9,B,B,neither agrees nor disagrees,neither agrees nor disagrees
1781,1781,agrees,0.375,Climate change's caused about equally by human activities and natural changes in the environment.,agrees,agrees,neutral,agrees,agrees,neutral,disagrees,neutral,5,0,t32,0.0017674203328479,0.088523474215505,0.9097091054516472,0.9,0.2,B,C,disagrees,neither agrees nor disagrees
1782,1782,agrees,0.75,The planet has only a decade left to stop global warming and the `predatory capitalism' which purportedly facilities it.,agrees,agrees,agrees,disagrees,agrees,agrees,agrees,agrees,5,0,t33,0.2122089922982659,0.0288422134881921,0.7589487942135419,1.0,0.95,A,A,agrees,agrees
1783,1783,disagrees,-0.5,No single epidemic can be attributed wholly to climate change.,agrees,disagrees,neutral,disagrees,disagrees,neutral,disagrees,disagrees,5,0,t34,0.0028166967564034,0.0121863280775665,0.98499697516603,0.8,0.8,B,B,neither agrees nor disagrees,neither agrees nor disagrees
1784,1784,disagrees,-0.875,"Earth 's climate system is complex, and many climate alarmist predictions have failed.",neutral,disagrees,disagrees,disagrees,disagrees,disagrees,disagrees,disagrees,5,0,t35,0.0075031768579673,0.4662860879595029,0.5262107351825296,0.9,0.8,C,C,disagrees,disagrees
1785,1785,neutral,0.375,Because the temperatures of the Earth are increasing.,neutral,neutral,neutral,neutral,agrees,neutral,agrees,agrees,5,0,t36,0.2781945694114465,0.008631356392319,0.7131740741962344,1.0,0.9,A,A,agrees,agrees
1786,1786,neutral,0.375,"The last time there is a comparable concentration of CO2 in the atmosphere is between 3 and 5 million years ago, when the temperature was between 2 and 3 degrees Celsius warmer and sea levels were 10 to 20 metres higher than today.",agrees,neutral,agrees,neutral,agrees,neutral,neutral,neutral,5,0,t37,0.6658286261387194,0.0037856800951602,0.3303856937661203,1.0,0.9,A,A,agrees,agrees
1787,1787,agrees,0.625,The country's bushfire crisis has intensified concerns about climate change with almost seven in 10 Australians wanting the government to lead on climate action.,agrees,neutral,agrees,agrees,agrees,agrees,neutral,neutral,5,0,t38,0.0626700841610522,0.4717795741286847,0.4655503417102629,0.9,0.9,A,A,agrees,agrees
1788,1788,agrees,0.875,We are all losing the fight against climate change.,agrees,agrees,agrees,agrees,agrees,neutral,agrees,agrees,5,0,t39,0.0020834902159842,0.99648443614704,0.0014320736369758,1.0,0.95,A,A,agrees,agrees
1789,1789,disagrees,-0.75,Anyone who believes that climate change had anything to do with any of the conflict in Syria is a fool.,neutral,neutral,disagrees,disagrees,disagrees,disagrees,disagrees,disagrees,5,0,t4,0.7634111570050619,0.0646838940128904,0.1719049489820476,0.9,0.8,C,C,disagrees,disagrees
1790,1790,agrees,0.875,"Today 's [ Green New Deal ] vote is a partisan stunt to side-step needed debate on climate action, and give Republicans cover to put oil lobby checks over our kids.",agrees,agrees,agrees,neutral,agrees,agrees,agrees,agrees,5,0,t40,0.9591020690800978,0.0021864161357991,0.0387115147841031,1.0,0.9,A,A,agrees,agrees
1791,1791,agrees,1.0,Climate change will bring more horrific scenes like the ones she and her family are still grappling with.,agrees,agrees,agrees,agrees,agrees,agrees,agrees,agrees,5,0,t41,0.0024719183422496,0.2901475382935867,0.7073805433641637,0.9,0.95,A,A,agrees,agrees
1792,1792,agrees,0.5,"The climate benefits of the program -- as well as the health benefits that will come from a reduction in tailpipe pollution, and the jobs and improved infrastructure that fresh investment will bring -- more than outweigh those costs.",neutral,agrees,agrees,disagrees,agrees,neutral,agrees,agrees,5,0,t42,0.0024587472841418,0.2650421930647408,0.7324990596511173,0.8,0.9,A,A,agrees,agrees
1793,1793,agrees,1.0,"Climate change poses unprecedented challenges to human societies, and our community of central banks and supervisors can not consider itself immune to the risks ahead of us.",agrees,agrees,agrees,agrees,agrees,agrees,agrees,agrees,5,0,t43,0.0027835857491599,0.5056378442106183,0.4915785700402217,1.0,1.0,A,A,agrees,agrees
1794,1794,agrees,0.75,"As the climate crisis worsens each day and California burns and Iowa floods, Mr. Trump continues to abandon science and our international leadership.",agrees,agrees,agrees,disagrees,agrees,agrees,agrees,agrees,5,0,t44,0.0013441131560859,0.9780774488132192,0.0205784380306948,1.0,0.95,A,A,agrees,agrees
1795,1795,agrees,0.25,Ending climate change would require `entire societal upheaval.',agrees,agrees,disagrees,agrees,agrees,neutral,disagrees,neutral,5,0,t45,0.0008065098874742,0.9959904614679296,0.003203028644596,0.9,0.8,B,A,agrees,neither agrees nor disagrees
1796,1796,neutral,0.0,The United States to exceed its 2025 commitment under the Paris Climate Agreement by a wide margin.,neutral,neutral,disagrees,agrees,neutral,neutral,neutral,neutral,5,0,t46,0.0005527883529397,0.9984833601649992,0.0009638514820609,1.0,0.8,A,A,agrees,agrees
1797,1797,disagrees,-0.875,Climate change is a cult.,disagrees,disagrees,disagrees,neutral,disagrees,disagrees,disagrees,disagrees,5,0,t47,0.0063302248361285,0.8415432957797266,0.1521264793841448,0.95,0.9,C,C,disagrees,disagrees
1798,1798,neutral,0.0,"A 2 percent variation in H2O equals any climate change effect of human-produced CO2, or indeed all CH4, whether from natural or human sources.",neutral,neutral,neutral,disagrees,agrees,neutral,neutral,neutral,5,0,t48,0.0005818610798348,0.9983375409694584,0.0010805979507068,0.9,0.9,C,C,disagrees,disagrees
1799,1799,disagrees,-0.375,Republicans need to appeal to young people who support the climate scare.,disagrees,neutral,disagrees,disagrees,neutral,neutral,disagrees,agrees,5,0,t49,0.00214159624502,0.9964264251813784,0.0014319785736016,1.0,0.9,C,B,neither agrees nor disagrees,disagrees
1800,1800,disagrees,-0.375,"Then there is climate change, which has ratcheted up the opportunity cost of every conflict.",neutral,neutral,disagrees,disagrees,neutral,disagrees,agrees,disagrees,5,0,t5,0.2366476602304509,0.5156862789664698,0.2476660608030791,1.0,0.7,A,A,agrees,agrees
1801,1801,agrees,1.0,"The world needs to cut carbon emissions in half by 2030, and must eliminate them by 2050 to limit warming to relatively safe levels.",agrees,agrees,agrees,agrees,agrees,agrees,agrees,agrees,5,0,t6,0.0268969990255515,0.0047954986318853,0.968307502342563,1.0,0.95,A,A,agrees,agrees
1802,1802,agrees,1.0,Environmental concerns such as rising sea levels are contributing decisively to international armed conflicts and must be addressed with urgency.,agrees,agrees,agrees,agrees,agrees,agrees,agrees,agrees,5,0,t7,0.995673335757986,0.0011530213772176,0.0031736428647962,1.0,0.9,A,A,agrees,agrees
1803,1803,agrees,1.0,Make no mistake: the tragedy unfolding in Australia is climate-change based.,agrees,agrees,agrees,agrees,agrees,agrees,agrees,agrees,5,0,t8,0.002828315006453,0.0121739483600996,0.9849977366334473,0.9,0.95,A,A,agrees,agrees
1804,1804,disagrees,-0.75,Anyone who wants to kill the dangerous and unfounded climate scare should focus on exposing the shaky science behind climate alarm.,disagrees,disagrees,disagrees,agrees,disagrees,disagrees,disagrees,disagrees,5,0,t9,0.5316966334319408,0.0863678053459268,0.3819355612221322,1.0,0.95,C,C,disagrees,disagrees
1805,1805,disagrees,-0.75,Global warming is a hoax.,disagrees,disagrees,disagrees,disagrees,disagrees,agrees,disagrees,disagrees,5,1,s0,,,,1.0,1.0,C,C,disagrees,disagrees
1806,1806,agrees,0.75,Alarming levels of sea level rise are predicted to threaten Florida over the next decades.,agrees,agrees,agrees,agrees,agrees,neutral,agrees,neutral,5,1,s1,,,,1.0,0.95,A,A,agrees,agrees
1807,1807,neutral,0.0,"Over the past several years, the United States has seen an increase in business growth that has counteracted the lingering effects of the recession.",disagrees,neutral,neutral,neutral,neutral,neutral,neutral,agrees,5,1,s2,,,,0.0,0.95,B,B,neither agrees nor disagrees,neither agrees nor disagrees
1808,1808,agrees,1.0,Global warming is happening and it will be dangerous to human health and welfare.,agrees,agrees,agrees,agrees,agrees,agrees,agrees,agrees,5,1,s3,,,,1.0,0.95,A,A,agrees,agrees
1809,1809,neutral,0.125,Some icebergs are cute.,neutral,neutral,neutral,neutral,neutral,neutral,neutral,agrees,5,1,s4,,,,0.2,0.95,B,B,neither agrees nor disagrees,neither agrees nor disagrees
1810,1810,agrees,0.75,"The world has a decade to deal with the climate emergency, and that not doing so within that time frame would be akin to moving deckchairs on the Titanic.",neutral,agrees,agrees,agrees,agrees,neutral,agrees,agrees,5,1,t0,0.0022322848570963,0.9542577249843746,0.043509990158529,1.0,0.95,A,A,agrees,agrees
1811,1811,neutral,-0.25,This is the same body that used altered climate data in order to push their own agenda.,agrees,neutral,disagrees,neutral,disagrees,disagrees,neutral,neutral,5,1,t1,0.3442656092289423,0.0316882786972002,0.6240461120738574,0.8,0.9,C,C,disagrees,disagrees
1812,1812,agrees,0.75,This resolution is simply going to be just one of many examples of Democrats on offense and united on the seriousness of and the need to take urgent action on climate change while Republicans are focused on cynical show votes.,agrees,agrees,agrees,agrees,neutral,neutral,agrees,agrees,5,1,t10,0.9733758690016536,0.0162305808987528,0.0103935500995933,0.8,0.95,A,A,agrees,agrees
1813,1813,agrees,0.5,The cost is negligible compared to the total cost of billion-dollar weather and climate events.,agrees,agrees,neutral,agrees,neutral,agrees,neutral,neutral,5,1,t11,0.0013939926817016,0.9890398128991008,0.0095661944191976,0.8,0.8,A,A,agrees,agrees
1814,1814,neutral,0.25,"Some people believe that the global elite go to Davos and plan for world domination, but it's much scarier than that.",agrees,neutral,neutral,neutral,agrees,neutral,neutral,neutral,5,1,t12,0.0013871255633411,0.9901910634160448,0.008421811020614,0.2,0.9,B,B,neither agrees nor disagrees,neither agrees nor disagrees
1815,1815,agrees,0.5,"Following another year of extreme heat and ice sheet melt, environmental issues are now considered to be the top five long-term risks confronting the global economy.",neutral,agrees,agrees,agrees,agrees,neutral,agrees,disagrees,5,1,t13,0.9981370716620324,0.0009824278836274,0.0008805004543401,0.9,0.95,A,A,agrees,agrees
1816,1816,agrees,0.625,We are the last generation that can prevent an unthinkable global catastrophe.,agrees,agrees,agrees,agrees,agrees,agrees,neutral,disagrees,5,1,t14,0.0118982570568851,0.9638054029983024,0.0242963399448124,0.9,0.95,A,A,agrees,agrees
1817,1817,disagrees,-0.125,"However, it is unfortunate that, in coming to this conclusion, the court summarized the scientific evidence on climate change in such apocalyptic terms.",disagrees,disagrees,agrees,neutral,neutral,neutral,disagrees,agrees,5,1,t15,0.0127000609425777,0.0021040288607866,0.9851959101966358,0.75,0.7,B,B,neither agrees nor disagrees,neither agrees nor disagrees
1818,1818,agrees,0.125,Their rights are endangered by the impacts of climate change.,disagrees,agrees,disagrees,neutral,neutral,agrees,agrees,neutral,5,1,t16,0.1991656378699376,0.0292464577606763,0.7715879043693861,1.0,0.9,A,A,agrees,agrees
1819,1819,agrees,0.75,The world and business leaders aren't taking the threat of global warming seriously.,agrees,agrees,agrees,agrees,agrees,agrees,agrees,disagrees,5,1,t17,0.4726250468449111,0.0050278449067276,0.5223471082483612,0.9,0.9,A,A,agrees,agrees
1820,1820,disagrees,-0.5,Now is not the time to discuss climate policy or politics.,neutral,disagrees,disagrees,disagrees,disagrees,neutral,neutral,neutral,5,1,t18,0.0022716886166159,0.9464426256818802,0.0512856857015038,1.0,0.8,B,C,disagrees,neither agrees nor disagrees
1821,1821,neutral,-0.125,Mr. Morrison would not put jobs at risk or raise taxes in the pursuit of lower carbon emissions.,disagrees,neutral,disagrees,neutral,agrees,disagrees,neutral,agrees,5,1,t19,0.0038940762557027,0.559501063740211,0.4366048600040863,0.2,0.8,C,B,neither agrees nor disagrees,disagrees
1822,1822,disagrees,-0.375,"Temperatures in the Antarctic Peninsula had been falling steadily for the last 18 years at the rate of nearly one degree Fahrenheit per decade, countering earlier warming trends and completely undermining one of the most cited cases of rapid climate change.",agrees,disagrees,disagrees,disagrees,disagrees,neutral,disagrees,agrees,5,1,t2,0.0023548986189822,0.0628004801288504,0.9348446212521672,0.9,0.9,C,C,disagrees,disagrees
1823,1823,agrees,1.0,"If greenhouse gas emissions from burning fossil fuels continue to increase at current rates, the frequency of severe fires in the west could triple.",agrees,agrees,agrees,agrees,agrees,agrees,agrees,agrees,5,1,t20,0.0027518973716118,0.9531093164164932,0.044138786211895,0.9,0.9,A,A,agrees,agrees
1824,1824,neutral,0.25,"The bad news is, even if actual deforestation is low, planting a young tree to replace a mature one is not the one-for-one carbon scenario many people imagine.",neutral,neutral,neutral,agrees,neutral,agrees,neutral,neutral,5,1,t21,0.0029710274328099,0.9535709757863584,0.0434579967808315,0.2,0.8,B,A,agrees,neither agrees nor disagrees
1825,1825,agrees,0.75,Climate change poses a threat to the Tibetan fox's habitat.,agrees,agrees,agrees,agrees,agrees,agrees,agrees,disagrees,5,1,t22,0.5875690235122347,0.1095730196853306,0.3028579568024345,1.0,0.9,A,A,agrees,agrees
1826,1826,disagrees,-0.5,"The fossil fuels that Greta wants to ban are providing reliable, abundant and affordable energy to the planet's growing population.",disagrees,disagrees,disagrees,disagrees,agrees,disagrees,neutral,neutral,5,1,t23,0.2560459545324538,0.5079277408840693,0.2360263045834768,0.9,0.8,C,C,disagrees,disagrees
1827,1827,neutral,0.125,Leaders had ignored pleas for the world to act on climate change.,agrees,neutral,disagrees,neutral,neutral,agrees,neutral,neutral,5,1,t24,0.0010001013140262,0.9979242259039836,0.0010756727819901,0.9,0.9,A,A,agrees,agrees
1828,1828,neutral,-0.25,Protesters from the climate change alarmist Extinction Rebellion occupy and block a number of shops across the country to protest the shopping event.,neutral,disagrees,neutral,neutral,neutral,neutral,neutral,disagrees,5,1,t25,0.8098223590883877,0.0032847621444883,0.1868928787671239,0.95,0.8,C,B,neither agrees nor disagrees,disagrees
1829,1829,agrees,0.625,Australians must vote out fossil-fuelled politicians who have chosen to be part of the problem and vote in climate champions who are willing to solve it.,agrees,agrees,agrees,agrees,agrees,agrees,neutral,disagrees,5,1,t26,0.3259532132107945,0.0433900605515436,0.630656726237662,1.0,0.95,A,A,agrees,agrees
1830,1830,disagrees,-0.5,The economic consequences of cutting carbon too quickly will outweigh the short-term benefit to the environment.,disagrees,disagrees,disagrees,disagrees,disagrees,agrees,disagrees,agrees,5,1,t27,0.0007764369416583,0.9981640562814822,0.0010595067768594,0.8,0.7,C,A,agrees,disagrees
1831,1831,neutral,-0.125,The solution to climate change might not come through government action.,neutral,neutral,neutral,neutral,neutral,neutral,neutral,disagrees,5,1,t28,0.0027639847996628,0.0945373444617534,0.9026986707385836,0.5,0.8,B,B,neither agrees nor disagrees,neither agrees nor disagrees
1832,1832,neutral,0.5,These are the effects of climate change.,agrees,neutral,neutral,neutral,agrees,agrees,neutral,agrees,5,1,t29,0.0010069590775369,0.9978615784206466,0.0011314625018165,1.0,0.8,B,A,agrees,neither agrees nor disagrees
1833,1833,agrees,0.75,Everyone is responsible for trying to reduce carbon dioxide in the air-a surplus of which scientists say contributes to global warming.,agrees,agrees,agrees,agrees,agrees,neutral,agrees,neutral,5,1,t3,0.918428243883422,0.0257363301448194,0.0558354259717584,1.0,0.9,A,A,agrees,agrees
1834,1834,agrees,0.75,The lack of such a limit on large sections of the network encourages drivers to race unashamedly and emit more carbon dioxide.,agrees,neutral,neutral,agrees,agrees,agrees,agrees,agrees,5,1,t30,0.0925439935066211,0.069018101511148,0.8384379049822309,0.9,0.7,A,A,agrees,agrees
1835,1835,neutral,0.125,"The Trump administration would withdraw the United States from the Paris Agreement on climate change, leaving global climate diplomats to plot a way forward without the cooperation of the world's largest economy.",neutral,neutral,neutral,neutral,neutral,neutral,neutral,agrees,5,1,t31,0.0750947920324258,0.0026754515466014,0.9222297564209728,1.0,0.8,C,A,agrees,disagrees
1836,1836,neutral,0.375,U.s. President Donald Trump is starting to engage more seriously on climate change and listening to the concerns of corporations.,neutral,neutral,agrees,neutral,agrees,agrees,neutral,neutral,5,1,t32,0.0028007303303873,0.9526343638371736,0.044564905832439,0.9,0.6,B,C,disagrees,neither agrees nor disagrees
1837,1837,neutral,0.125,"The temperature dropped to minus 33 in Illinois on Jan 31, breaking the previous record of minus 27 set Jan. 16, 2000.",agrees,neutral,neutral,neutral,agrees,neutral,neutral,disagrees,5,1,t33,0.9916405577483844,0.0068144150820223,0.0015450271695933,1.0,0.95,B,B,neither agrees nor disagrees,neither agrees nor disagrees
1838,1838,neutral,0.25,"While scientists say man-made climate change isn't solely to blame for tropical storms, studies have shown that higher temperatures can make them wetter and more damaging.",agrees,neutral,neutral,agrees,agrees,neutral,neutral,disagrees,5,1,t34,0.0007984821426829,0.0007885579967663,0.9984129598605508,0.9,0.8,A,A,agrees,agrees
1839,1839,disagrees,-0.75,It's time to outlaw climate change protests in the name of the economy.,disagrees,disagrees,disagrees,disagrees,disagrees,disagrees,disagrees,agrees,5,1,t35,0.0029426270225774,0.1386931359208013,0.8583642370566211,1.0,0.8,C,C,disagrees,disagrees
1840,1840,neutral,0.0,"The best way to neutralize the partisan charge on climate change is not by appealing to science -- which some prominent Republicans, such as Senator Ted Cruz, have cast as a competitor to religion .",disagrees,neutral,neutral,neutral,neutral,neutral,neutral,agrees,5,1,t36,0.0037560803193901,0.6980587916692387,0.2981851280113711,0.85,0.8,B,B,neither agrees nor disagrees,neither agrees nor disagrees
1841,1841,agrees,0.625,"In the years to come, there are going to be hundreds of millions of climate refugees causing national security issues all over the world.",agrees,agrees,agrees,neutral,disagrees,agrees,agrees,agrees,5,1,t37,0.0006476883941324,0.0009109223816507,0.9984413892242168,0.9,0.9,A,A,agrees,agrees
1842,1842,agrees,0.5,Cobre hopes the image of Thunberg will bring attention to the crisis of climate change.,agrees,agrees,neutral,neutral,neutral,agrees,agrees,neutral,5,1,t38,0.0034690364825289,0.2492042711770909,0.74732669234038,1.0,0.9,A,A,agrees,agrees
1843,1843,neutral,0.125,Delhi hit its coldest temperature of the season Saturday as the mercury plummeted to 2.4 degrees Celsius in the morning.,neutral,neutral,neutral,neutral,neutral,neutral,neutral,agrees,5,1,t39,0.0029740807588096,0.0644934479547294,0.9325324712864608,0.1,0.9,B,B,neither agrees nor disagrees,neither agrees nor disagrees
1844,1844,agrees,0.875,Greenhouse gas emissions are still rising dangerously.,agrees,agrees,agrees,agrees,agrees,neutral,agrees,agrees,5,1,t4,0.0045985268521197,0.2794326589562159,0.7159688141916642,0.9,0.95,A,A,agrees,agrees
1845,1845,neutral,0.125,"64 papers had explicitly endorsed anthropogenic global warming (AGW) with quantification (attributing at least half of climate change to humans); 922 papers had explicitly endorsed AGW without quantifying how much humans contribute; 2,910 papers had implicitly endorsed AGW; 7,930 papers did not state a position and 40 papers are uncertain.",neutral,neutral,neutral,neutral,neutral,neutral,neutral,agrees,5,1,t40,0.9981548922367725,0.000946282041304,0.0008988257219233,0.99,0.79,B,A,agrees,neither agrees nor disagrees
1846,1846,disagrees,-0.875,Climate change spending has been the biggest waste of taxpayer money in 2019.,disagrees,disagrees,disagrees,disagrees,disagrees,disagrees,disagrees,neutral,5,1,t41,0.0118434948435186,0.0020010855693659,0.9861554195871154,1.0,0.9,C,C,disagrees,disagrees
1847,1847,agrees,0.5,The focus on growth is an anomaly in this climate emergency.,agrees,agrees,agrees,agrees,neutral,neutral,agrees,disagrees,5,1,t42,0.0330489836879532,0.90318907186172,0.0637619444503265,1.0,0.95,A,A,agrees,agrees
1848,1848,disagrees,-0.875,Accepted science on man made climate change is a 'cover up' that exists to push up fuel prices.,disagrees,disagrees,disagrees,neutral,disagrees,disagrees,disagrees,disagrees,5,1,t43,0.0040388827353687,0.552214686670414,0.4437464305942173,0.9,0.95,C,C,disagrees,disagrees
1849,1849,disagrees,-0.875,Global warming won't cause immediate flooding on every coast.,disagrees,disagrees,disagrees,disagrees,disagrees,disagrees,disagrees,neutral,5,1,t44,0.0006391757971031,0.0009553864602815,0.9984054377426153,1.0,0.8,B,B,neither agrees nor disagrees,neither agrees nor disagrees
1850,1850,agrees,0.125,The climate crisis is not going to be solved by personal sacrifice.,disagrees,agrees,disagrees,agrees,neutral,agrees,neutral,neutral,5,1,t45,0.0006253301905805,0.0009456971666273,0.998428972642792,0.5,0.9,A,B,neither agrees nor disagrees,agrees
1851,1851,neutral,-0.25,Climate scientists and activists should walk the walk.,disagrees,neutral,neutral,neutral,disagrees,agrees,neutral,disagrees,5,1,t46,0.9980889022741728,0.0007929834935693,0.0011181142322576,0.2,0.8,B,A,agrees,neither agrees nor disagrees
1852,1852,neutral,-0.25,City officials city officials decrying global warming out of one side of their mouth while downplaying it in bond disclosures.,agrees,disagrees,disagrees,neutral,neutral,neutral,neutral,disagrees,5,1,t47,0.0030126132830692,0.9435636352592228,0.053423751457708,0.8,0.3,A,C,disagrees,agrees
1853,1853,neutral,0.0,The global temperature was more or less constant before human CO2 emissions.,agrees,neutral,disagrees,agrees,agrees,disagrees,neutral,disagrees,5,1,t48,0.961202860539356,0.0021087489932077,0.0366883904674362,0.8,0.8,C,C,disagrees,disagrees
1854,1854,neutral,0.0,"Global criticism of Japan 's ""addiction to coal ""is hitting home, even as Japan remains a big financier of new coal plants in Southeast Asia and the only G7 nation still building coal plants at home.",neutral,neutral,neutral,neutral,neutral,agrees,neutral,disagrees,5,1,t49,0.998113823917792,0.0007739054186584,0.0011122706635493,0.8,0.7,A,A,agrees,agrees
1855,1855,disagrees,-0.75,There is indeed no scientific basis for claims that billions of people are going to die from climate change.,disagrees,disagrees,disagrees,disagrees,disagrees,disagrees,disagrees,agrees,5,1,t5,0.2575623759393998,0.5109425563597094,0.2314950677008907,0.9,0.9,C,C,disagrees,disagrees
1856,1856,agrees,0.625,It simply isn't enough given the rate at which the earth is warming and forests are being decimated by wildfires.,agrees,agrees,agrees,agrees,neutral,disagrees,agrees,agrees,5,1,t6,0.0970308118947111,0.0155369883760099,0.8874321997292788,1.0,0.95,A,A,agrees,agrees
1857,1857,neutral,0.0,It's hard to distract from climate change because it's spoken about constantly.,disagrees,neutral,neutral,neutral,neutral,neutral,neutral,agrees,5,1,t7,0.4081383234809553,0.0322195014277975,0.5596421750912471,0.9,0.7,B,A,agrees,neither agrees nor disagrees
1858,1858,neutral,-0.25,"She's flown 29 times to study, meet or talk about global warming.",agrees,disagrees,neutral,neutral,neutral,disagrees,neutral,disagrees,5,1,t8,0.23152144033649,0.3921433455894449,0.3763352140740649,0.1,0.8,B,B,neither agrees nor disagrees,neither agrees nor disagrees
1859,1859,disagrees,-0.25,I'd have more today about the climate change insanity.,disagrees,disagrees,neutral,neutral,neutral,neutral,disagrees,agrees,5,1,t9,0.0015150464675677,0.0064953657017078,0.9919895878307244,0.9,0.8,C,C,disagrees,disagrees
1860,1860,disagrees,-1.0,Global warming is a hoax.,disagrees,disagrees,disagrees,disagrees,disagrees,disagrees,disagrees,disagrees,5,2,s0,,,,1.0,1.0,C,C,disagrees,disagrees
1861,1861,agrees,0.5,Alarming levels of sea level rise are predicted to threaten Florida over the next decades.,neutral,neutral,agrees,agrees,neutral,agrees,neutral,agrees,5,2,s1,,,,1.0,0.95,A,A,agrees,agrees
1862,1862,neutral,-0.125,"Over the past several years, the United States has seen an increase in business growth that has counteracted the lingering effects of the recession.",neutral,neutral,neutral,neutral,neutral,disagrees,neutral,neutral,5,2,s2,,,,0.0,1.0,B,B,neither agrees nor disagrees,neither agrees nor disagrees
1863,1863,agrees,0.875,Global warming is happening and it will be dangerous to human health and welfare.,agrees,agrees,agrees,neutral,agrees,agrees,agrees,agrees,5,2,s3,,,,1.0,1.0,A,A,agrees,agrees
1864,1864,neutral,-0.125,Some icebergs are cute.,neutral,neutral,neutral,disagrees,neutral,neutral,neutral,neutral,5,2,s4,,,,0.2,0.95,B,B,neither agrees nor disagrees,neither agrees nor disagrees
1865,1865,agrees,1.0,"Our collective failure to act early and hard on climate change means we now must deliver deep cuts to emissions, over 7 percent each year.",agrees,agrees,agrees,agrees,agrees,agrees,agrees,agrees,5,2,t0,0.0006897648869829,0.9982783256649106,0.0010319094481063,0.9,0.95,A,A,agrees,agrees
1866,1866,neutral,0.125,Sanders campaign officials planned to emphasize what Iowans could personally do to help combat climate change.,agrees,neutral,neutral,neutral,neutral,neutral,neutral,neutral,5,2,t1,0.0008684486273893,0.0041707200317937,0.9949608313408168,0.9,0.8,A,A,agrees,agrees
1867,1867,agrees,0.75,No amount of big government climate-focused reform can prevent disasters fueled by climate change.,disagrees,agrees,agrees,agrees,agrees,agrees,agrees,agrees,5,2,t10,0.0014808883264691,0.9819809102132786,0.0165382014602522,0.5,0.2,C,B,neither agrees nor disagrees,disagrees
1868,1868,neutral,0.375,Climate policy is good for humans.,agrees,agrees,neutral,neutral,neutral,neutral,agrees,neutral,5,2,t11,0.0378755171053627,0.7670912388303106,0.1950332440643266,0.5,0.7,B,A,agrees,neither agrees nor disagrees
1869,1869,agrees,0.875,"An irreversible collapse of the West Antarctic ice sheet had already begun, and computer modeling in 2016 indicated that its disintegration in concert with other melting could raise sea levels up to six feet by 2100, about twice the increase described as a possible worst-case scenario just three years earlier.",agrees,agrees,agrees,agrees,agrees,agrees,neutral,agrees,5,2,t12,0.0006791922146864,0.9982624091916708,0.0010583985936426,1.0,0.9,A,A,agrees,agrees
1870,1870,disagrees,-0.125,Something fishy is going on when we notice that the July 2019 temp anomaly at 0.95 Â° C above the 20th-century average is exactly (to the second decimal place) the same as the year to date (YTD) temperature anomaly.,agrees,neutral,agrees,disagrees,neutral,disagrees,neutral,disagrees,5,2,t13,0.0015333972873245,0.9797748697156008,0.0186917329970745,0.75,0.7,C,B,neither agrees nor disagrees,disagrees
1871,1871,disagrees,-0.375,"Democrats have turned themselves into `a laughing stock' by appearing at a steak fry, accusing the candidates of hypocrisy over statements urging Americans to eat less meat or calls to tax the meat industry to combat climate change.",disagrees,neutral,neutral,disagrees,disagrees,disagrees,neutral,agrees,5,2,t14,0.1762752193397524,0.348137123857987,0.4755876568022606,0.9,0.8,C,C,disagrees,disagrees
1872,1872,disagrees,-0.75,Statistically induced warming is not real.,disagrees,neutral,disagrees,disagrees,neutral,disagrees,disagrees,disagrees,5,2,t15,0.9990194936240664,0.0003878041045208,0.0005927022714126,1.0,0.95,C,C,disagrees,disagrees
1873,1873,agrees,0.625,The heat wave could bring temperatures never before seen in Australia.,agrees,agrees,agrees,agrees,neutral,agrees,neutral,neutral,5,2,t16,0.0464265865157443,0.5600565037368881,0.3935169097473677,0.9,0.8,A,A,agrees,agrees
1874,1874,neutral,-0.25,"This entire article leads with the climate change stuff and sticks with it, even while admitting authorities aren't sure exactly why the increase happened.",neutral,neutral,neutral,neutral,neutral,disagrees,neutral,disagrees,5,2,t17,0.0496200724162672,0.5610162683896687,0.3893636591940642,0.9,0.7,C,A,agrees,disagrees
1875,1875,neutral,0.5,Bernie Sanders would make population control part of his agenda to fight global warming.,agrees,neutral,agrees,neutral,agrees,agrees,neutral,neutral,5,2,t18,0.00831660293857,0.9897363438111012,0.0019470532503287,1.0,0.2,B,B,neither agrees nor disagrees,neither agrees nor disagrees
1876,1876,neutral,0.0,"Climate change policy is about raising capital, two trillion dollars in capital.",agrees,disagrees,neutral,agrees,neutral,disagrees,neutral,neutral,5,2,t19,0.0030324942720805,0.2310778656688983,0.7658896400590212,0.8,0.8,B,C,disagrees,neither agrees nor disagrees
1877,1877,agrees,0.875,"The heat is coming, the floods are coming.",agrees,agrees,agrees,agrees,neutral,agrees,agrees,agrees,5,2,t2,0.0019166504638409,0.9597829134493812,0.0383004360867778,1.0,0.8,A,A,agrees,agrees
1878,1878,disagrees,-0.75,"It is not the time to talk about climate change, and that those who did are merely trying to score political points.",agrees,disagrees,disagrees,disagrees,disagrees,disagrees,disagrees,disagrees,5,2,t20,0.4797075999736792,0.0692435616583887,0.451048838367932,0.9,0.9,C,C,disagrees,disagrees
1879,1879,agrees,0.5,Precipitation patterns in California will shift with warming.,neutral,agrees,agrees,agrees,neutral,neutral,neutral,agrees,5,2,t21,0.4848368511239001,0.0629536542582737,0.4522094946178262,0.9,0.9,B,A,agrees,neither agrees nor disagrees
1880,1880,agrees,1.0,The frightening speed of climate change is particularly visible in the Arctic.,agrees,agrees,agrees,agrees,agrees,agrees,agrees,agrees,5,2,t22,0.9000264546868162,0.0016702028821379,0.0983033424310459,0.9,0.95,A,A,agrees,agrees
1881,1881,neutral,0.125,"A number of countries around the world, including Canada and Norway, have made plans to reduce emissions at home while expanding fossil-fuel production for sale abroad.",neutral,neutral,agrees,disagrees,agrees,neutral,neutral,neutral,5,2,t23,0.0035013582705173,0.5850659696438342,0.4114326720856485,0.8,0.8,B,C,disagrees,neither agrees nor disagrees
1882,1882,agrees,0.625,No one can say they are happy about climate change.,neutral,agrees,agrees,neutral,agrees,agrees,neutral,agrees,5,2,t24,0.1417151092643143,0.0019979599842537,0.8562869307514318,1.0,0.8,A,A,agrees,agrees
1883,1883,agrees,0.875,The conditions that we are observing right now are a function of climate change and climate change will get worse.,agrees,agrees,agrees,neutral,agrees,agrees,agrees,agrees,5,2,t25,0.0029916318512455,0.2402847303825127,0.7567236377662417,1.0,0.95,A,A,agrees,agrees
1884,1884,agrees,0.625,The pope is greatly encouraged by the involvement of young people in the battle against climate change.,agrees,neutral,agrees,neutral,agrees,agrees,neutral,agrees,5,2,t26,0.2176514399302028,0.0757355304230618,0.7066130296467352,1.0,0.9,A,A,agrees,agrees
1885,1885,neutral,-0.375,Greenhouse gas emissions decreased during Trump's first year in office.,disagrees,neutral,neutral,disagrees,neutral,disagrees,neutral,neutral,5,2,t27,0.9951999288868996,0.0037246420214413,0.0010754290916592,1.0,0.8,B,B,neither agrees nor disagrees,neither agrees nor disagrees
1886,1886,agrees,1.0,"Abrupt climate change could bring the planet to the edge of anarchy as countries develop a nuclear threat to defend and secure dwindling food, water and energy supplies.",agrees,agrees,agrees,agrees,agrees,agrees,agrees,agrees,5,2,t28,0.0033515179573609,0.550908920779764,0.4457395612628749,1.0,0.95,A,A,agrees,agrees
1887,1887,agrees,1.0,A changing climate means dramatic risks for the world -- and for investments too.,agrees,agrees,agrees,agrees,agrees,agrees,agrees,agrees,5,2,t29,0.0007082753185502,0.9982873058099272,0.0010044188715226,0.9,0.9,A,A,agrees,agrees
1888,1888,agrees,0.5,"Unlike the 1920s, climate change is a huge factor exacerbating inequality today.",agrees,agrees,disagrees,neutral,agrees,agrees,neutral,agrees,5,2,t3,0.0331913999547993,0.0644064201562425,0.9024021798889582,0.9,0.9,A,A,agrees,agrees
1889,1889,neutral,0.25,Mnuchin did not believe there are just a few years left to prevent a climate catastrophe.,neutral,neutral,neutral,neutral,agrees,agrees,neutral,neutral,5,2,t30,0.0030762564876189,0.730209176953952,0.266714566558429,1.0,0.8,C,B,neither agrees nor disagrees,disagrees
1890,1890,agrees,0.75,The planet is more sensitive to increased carbon dioxide emissions than previously thought.,agrees,agrees,agrees,neutral,agrees,neutral,agrees,agrees,5,2,t31,0.0016268531857478,0.9760956268595132,0.0222775199547388,0.9,0.9,A,A,agrees,agrees
1891,1891,neutral,-0.375,"Even ""the best climate models fall many orders of magnitude short of the power and intricacy needed to effectively predict the long-term climate patterns that emerge from the interactions of... planetary systems, ""such as air currents, cloud patterns, resonant temperature cycles, energy storage and release mechanisms, and many more.",disagrees,neutral,neutral,disagrees,neutral,neutral,neutral,disagrees,5,2,t32,0.0033088844863527,0.5719863858204713,0.424704729693176,0.85,0.9,C,B,neither agrees nor disagrees,disagrees
1892,1892,neutral,0.5,Ninety-seven percent of climate scientists agree that climate-warming trends over the past century are extremely likely due to human activities.,agrees,neutral,agrees,neutral,agrees,agrees,neutral,neutral,5,2,t33,0.1706325848423159,0.0020699023181224,0.8272975128395617,1.0,0.95,A,A,agrees,agrees
1893,1893,disagrees,-0.75,The climate hysteria movement is not about science.,neutral,disagrees,disagrees,disagrees,neutral,disagrees,disagrees,disagrees,5,2,t34,0.0006810888951494,0.9982811004756804,0.00103781062917,0.9,0.9,C,C,disagrees,disagrees
1894,1894,neutral,0.125,Ocasio-Cortez is the first person to demand an overhaul of the economy due to climate alarmism.,neutral,neutral,agrees,neutral,neutral,agrees,disagrees,neutral,5,2,t35,0.0006892768602626,0.9982768894785848,0.0010338336611526,1.0,0.8,C,C,disagrees,disagrees
1895,1895,neutral,0.5,We need climate cash in order to avoid a climate crash.,agrees,neutral,neutral,neutral,agrees,agrees,agrees,neutral,5,2,t36,0.0018059277186165,0.0471082686506268,0.9510858036307568,1.0,0.9,A,A,agrees,agrees
1896,1896,agrees,0.75,"At this point there can be no shadow of a doubt that our own excesses and emissions and inaction politically and as a country and a democracy, where each of us comprise the government, have led to the warming we've seen so far--one degree Celsius just since 1980.",agrees,agrees,neutral,agrees,neutral,agrees,agrees,agrees,5,2,t37,0.0026133460160012,0.8929806104975352,0.1044060434864635,1.0,0.95,A,A,agrees,agrees
1897,1897,agrees,0.625,"In the real world, climate change is far too challenging a threat to be ended by one person -- or even one battle that doesn't include all of the major powers.",agrees,agrees,agrees,neutral,agrees,agrees,neutral,neutral,5,2,t38,0.267650550838292,0.0022707764671633,0.7300786726945446,1.0,0.9,A,A,agrees,agrees
1898,1898,neutral,0.375,Trump no longer believes climate change is a hoax.,neutral,neutral,agrees,neutral,agrees,agrees,neutral,neutral,5,2,t39,0.0029381041565976,0.2395758680423465,0.7574860278010558,1.0,0.5,B,A,agrees,neither agrees nor disagrees
1899,1899,agrees,1.0,Climate change threatens every living thing on this planet and the urgency of the moment can not be overstated.,agrees,agrees,agrees,agrees,agrees,agrees,agrees,agrees,5,2,t4,0.9632647256237656,0.0012329861433367,0.0355022882328973,1.0,1.0,A,A,agrees,agrees
1900,1900,neutral,0.375,"The death of 200 reindeer earlier this year in the Arctic archipelago Svalbard is caused by climate change, according to the Norwegian Polar Institute, which cited starvation.",agrees,neutral,agrees,neutral,agrees,neutral,neutral,neutral,5,2,t40,0.0554590355097746,0.0804871965338858,0.8640537679563395,0.9,0.9,A,A,agrees,agrees
1901,1901,agrees,1.0,"Oil will make climate change worse, and that the pipeline could break and spill oil into waterways like Montana's Missouri River.",agrees,agrees,agrees,agrees,agrees,agrees,agrees,agrees,5,2,t41,0.0030760742103194,0.3145430957847838,0.6823808300048967,0.9,0.95,A,A,agrees,agrees
1902,1902,neutral,-0.25,It is the third time in 40 years in which warming halted ozone depletion.,agrees,disagrees,neutral,disagrees,neutral,disagrees,neutral,neutral,5,2,t42,0.0023318320984029,0.9167398673673688,0.0809283005342283,0.75,0.8,B,B,neither agrees nor disagrees,neither agrees nor disagrees
1903,1903,disagrees,-0.75,Strengthening Australia's carbon emission reduction targets will damage the economy.,neutral,disagrees,disagrees,disagrees,disagrees,disagrees,disagrees,neutral,5,2,t43,0.0035343421671148,0.5506366447896938,0.4458290130431913,0.8,0.8,C,C,disagrees,disagrees
1904,1904,agrees,0.625,A carbon pricing policy is essential if humanity wants to use the resources of creation wisely.,neutral,agrees,neutral,agrees,neutral,agrees,agrees,agrees,5,2,t44,0.0024743263900663,0.1354628748666892,0.8620627987432443,0.8,0.9,A,A,agrees,agrees
1905,1905,neutral,0.0,"Any climate change solution should respect and take into consideration the rights of indigenous peoples around the world,.",agrees,neutral,disagrees,disagrees,neutral,agrees,neutral,neutral,5,2,t45,0.0022128158593919,0.0962506950841136,0.9015364890564944,0.8,0.9,B,A,agrees,neither agrees nor disagrees
1906,1906,neutral,0.125,It will be extremely difficult for the world to rapidly reduce its greenhouse gas emissions.,neutral,agrees,neutral,neutral,neutral,neutral,neutral,neutral,5,2,t46,0.0006818340107861,0.9983010698462008,0.0010170961430128,0.9,0.8,A,A,agrees,agrees
1907,1907,agrees,0.875,The world needs an open dialogue about climate change to heal the gap between sceptics and believers since time is running out to cut the emissions that drive global warming.,agrees,agrees,agrees,neutral,agrees,agrees,agrees,agrees,5,2,t47,0.3769160423819896,0.01445212553395,0.6086318320840605,1.0,0.9,A,A,agrees,agrees
1908,1908,neutral,-0.125,Global warming is an election-winning issue.,neutral,neutral,disagrees,disagrees,neutral,agrees,neutral,neutral,5,2,t48,0.9148888009645456,0.0015903924858524,0.083520806549602,0.5,0.8,B,B,neither agrees nor disagrees,neither agrees nor disagrees
1909,1909,disagrees,-1.0,"The methane-laden Arctic permafrost is not in danger of thawing, and the Antarctic ice sheets are stable.",disagrees,disagrees,disagrees,disagrees,disagrees,disagrees,disagrees,disagrees,5,2,t49,0.0028737251256919,0.8303291904962214,0.1667970843780866,0.9,0.9,C,C,disagrees,disagrees
1910,1910,agrees,0.875,"Climate change has been driven by runaway human consumption, much of which is based on want (comfort, convenience, entertainment), not need.",agrees,agrees,neutral,agrees,agrees,agrees,agrees,agrees,5,2,t5,0.1358321668404569,0.0668538305857165,0.7973140025738266,0.9,0.9,A,A,agrees,agrees
1911,1911,agrees,0.125,The prime minister had played down the links between global warming and changes in Australia's weather patterns.,neutral,neutral,disagrees,disagrees,agrees,agrees,neutral,agrees,5,2,t6,0.0014286813634515,0.0227817806820071,0.9757895379545414,0.2,0.8,C,A,agrees,disagrees
1912,1912,disagrees,-1.0,Climate change is not a true crisis.,disagrees,disagrees,disagrees,disagrees,disagrees,disagrees,disagrees,disagrees,5,2,t7,0.0016579076110802,0.9751886942362232,0.0231533981526965,1.0,1.0,C,C,disagrees,disagrees
1913,1913,agrees,0.375,"Not acting on climate change is a ""kind of sin,"" as though God had a political program, and that program involved handing power over to Pete Buttigieg.",agrees,agrees,neutral,neutral,agrees,disagrees,neutral,agrees,5,2,t8,0.1058231495656346,0.0217133465173109,0.8724635039170544,0.2,0.8,A,A,agrees,agrees
1914,1914,agrees,0.375,Sanders repeatedly requested and received the use of a carbon-spewing private jet for himself and his traveling staff when he served as a surrogate campaigner for Hillary Clinton.,agrees,neutral,neutral,disagrees,neutral,agrees,agrees,agrees,5,2,t9,0.9990436246328958,0.0003770927928387,0.0005792825742655,1.0,0.7,C,C,disagrees,disagrees
1915,1915,disagrees,-0.875,Global warming is a hoax.,neutral,disagrees,disagrees,disagrees,disagrees,disagrees,disagrees,disagrees,5,3,s0,,,,1.0,1.0,C,C,disagrees,disagrees
1916,1916,agrees,0.25,Alarming levels of sea level rise are predicted to threaten Florida over the next decades.,disagrees,agrees,agrees,agrees,neutral,neutral,neutral,neutral,5,3,s1,,,,0.9,0.95,A,A,agrees,agrees
1917,1917,neutral,0.125,"Over the past several years, the United States has seen an increase in business growth that has counteracted the lingering effects of the recession.",agrees,neutral,neutral,neutral,neutral,neutral,neutral,neutral,5,3,s2,,,,0.0,1.0,B,B,neither agrees nor disagrees,neither agrees nor disagrees
1918,1918,agrees,0.875,Global warming is happening and it will be dangerous to human health and welfare.,neutral,agrees,agrees,agrees,agrees,agrees,agrees,agrees,5,3,s3,,,,1.0,1.0,A,A,agrees,agrees
1919,1919,neutral,-0.125,Some icebergs are cute.,disagrees,neutral,neutral,neutral,neutral,neutral,neutral,neutral,5,3,s4,,,,0.2,0.95,B,B,neither agrees nor disagrees,neither agrees nor disagrees
1920,1920,agrees,0.75,"His plans will speed up destruction of the rainforest, which is a bulwark against global climate change.",agrees,agrees,neutral,agrees,agrees,agrees,neutral,agrees,5,3,t0,0.0025402359873935,0.8919603572671395,0.1054994067454669,1.0,0.9,A,A,agrees,agrees
1921,1921,disagrees,-0.625,"The bottom line is that while yes, we've seen some changes in our climate over the past century, with improved crop yields, better health, reduced deaths from weather disasters, and increasingly less impoverishment worldwide, it is hard to argue that an increase of about 1 degree Centigrade has been detrimental to humanity.",agrees,disagrees,disagrees,disagrees,neutral,disagrees,disagrees,disagrees,5,3,t1,0.9625422034145482,0.0036118068854304,0.0338459897000213,0.9,0.9,C,C,disagrees,disagrees
1922,1922,neutral,-0.375,I no longer know what to say to students and postdocs regarding how to navigate the CRAZINESS in the field of climate science.,disagrees,disagrees,neutral,disagrees,neutral,neutral,neutral,neutral,5,3,t10,0.9977358154502508,0.0013798114712994,0.0008843730784494,0.8,0.8,B,A,agrees,neither agrees nor disagrees
1923,1923,disagrees,-0.5,"While the planet is in the midst of a warming trend of several hundred years, the Earth has not warmed at all since she was born.",agrees,disagrees,neutral,disagrees,disagrees,disagrees,neutral,disagrees,5,3,t11,0.9983802224177768,0.0008217672075121,0.0007980103747111,0.9,0.8,C,C,disagrees,disagrees
1924,1924,agrees,0.5,So either you tell us how to achieve this mitigation or explain to future generations and those already affected by the climate emergency why we should abandon our climate commitments.,disagrees,agrees,agrees,agrees,agrees,agrees,neutral,neutral,5,3,t12,0.0035395741710142,0.5524037745592534,0.4440566512697324,1.0,0.95,A,A,agrees,agrees
1925,1925,neutral,0.125,Democrats tend to be much more concerned with climate than Republicans.,agrees,neutral,neutral,neutral,neutral,neutral,neutral,neutral,5,3,t13,0.0018526361518533,0.990673974943992,0.0074733889041544,1.0,0.9,B,B,neither agrees nor disagrees,neither agrees nor disagrees
1926,1926,agrees,0.25,"Climate change presents risks that are big and that are scary, and for that reason it's being talked about like a crisis.",neutral,agrees,agrees,disagrees,disagrees,agrees,neutral,agrees,5,3,t14,0.4616617884638407,0.0043682434256359,0.5339699681105233,0.9,0.9,A,A,agrees,agrees
1927,1927,disagrees,-0.5,The earth's climate has always changed and coast lines and life-forms come and go.,agrees,disagrees,disagrees,disagrees,disagrees,neutral,neutral,disagrees,5,3,t15,0.0005217897222881,0.9988502087507152,0.0006280015269965,1.0,0.8,C,B,neither agrees nor disagrees,disagrees
1928,1928,agrees,0.375,"Instead, climate change alarmists should use terms like ""global meltdown"" and ""climate chaos"" to convey the urgency of the situation.",disagrees,agrees,agrees,agrees,neutral,agrees,disagrees,agrees,5,3,t16,0.2281428975290217,0.0768090031022754,0.6950480993687027,1.0,0.95,A,C,disagrees,agrees
1929,1929,disagrees,-0.75,"No region of our country is immune to that threat, even though climate alarmist prediction models have consistently failed and even though the relationship between the burning of fossil fuels and global warming or cooling is far from well understood.",neutral,disagrees,neutral,disagrees,disagrees,disagrees,disagrees,disagrees,5,3,t17,0.5649747754178606,0.0044773621433046,0.4305478624388348,0.9,0.9,C,C,disagrees,disagrees
1930,1930,neutral,0.125,"Ernman and Rentzhog signed an op-ed in Dagens Nyheter calling for ""bottom-up"" action against national governments to fight climate change.",neutral,neutral,neutral,neutral,neutral,agrees,neutral,neutral,5,3,t18,0.2656089541021101,0.0040070662794057,0.7303839796184841,0.9,0.9,A,A,agrees,agrees
1931,1931,disagrees,-0.375,"78 percent of the ""climate deniers"" whom the study paints as unscientific actually have articles published in peer-reviewed journals.",agrees,disagrees,neutral,disagrees,disagrees,disagrees,neutral,neutral,5,3,t19,0.8808441214208926,0.0051262943812623,0.114029584197845,0.2,0.8,B,A,agrees,neither agrees nor disagrees
1932,1932,disagrees,-0.75,"Global warming will be small, slow, harmless and net beneficial.",agrees,disagrees,disagrees,disagrees,disagrees,disagrees,disagrees,disagrees,5,3,t2,0.003851218131117,0.9091304077297228,0.0870183741391601,0.95,1.0,C,C,disagrees,disagrees
1933,1933,disagrees,-0.75,Caring about the climate is elitist.,disagrees,disagrees,disagrees,disagrees,disagrees,agrees,disagrees,disagrees,5,3,t20,0.0006395550425089,0.0012310566298826,0.9981293883276084,0.9,0.9,C,C,disagrees,disagrees
1934,1934,neutral,0.125,"When it comes to climate change, insurers may respond by setting premiums so high that insurance in many parts of the country becomes unaffordable.",agrees,agrees,neutral,neutral,neutral,disagrees,neutral,neutral,5,3,t21,0.2649472846877172,0.679717040782079,0.0553356745302037,0.9,0.8,A,A,agrees,agrees
1935,1935,agrees,1.0,Today we pledge to give the climate crisis the attention it demands.,agrees,agrees,agrees,agrees,agrees,agrees,agrees,agrees,5,3,t22,0.9348192492529028,0.0042438119097392,0.0609369388373576,1.0,0.95,A,A,agrees,agrees
1936,1936,neutral,0.125,Between 51 and 90 percent of scientists think global warming is happening.,neutral,neutral,agrees,neutral,neutral,neutral,neutral,neutral,5,3,t23,0.0517489802620811,0.896934796009621,0.0513162237282979,0.8,0.8,B,A,agrees,neither agrees nor disagrees
1937,1937,agrees,0.5,"If we continue to warm the planet, then we will in all likelihood exceed our adaptive capacity.",neutral,agrees,neutral,agrees,agrees,agrees,agrees,disagrees,5,3,t24,0.9693036025702488,0.0022032580090374,0.0284931394207137,1.0,0.95,A,A,agrees,agrees
1938,1938,agrees,0.625,World leaders are running away from their responsibilities to fight climate change.,disagrees,agrees,agrees,agrees,agrees,agrees,agrees,neutral,5,3,t25,0.0011584233077,0.0082750732123848,0.9905665034799152,1.0,0.9,A,A,agrees,agrees
1939,1939,agrees,0.75,"If we want to eat well for we health, the environment, to decrease climate change and to minimize food safety changes, people have to consume smaller, more locally distributed food.",agrees,agrees,agrees,agrees,agrees,disagrees,agrees,agrees,5,3,t26,0.7197129328979933,0.0063345348299514,0.2739525322720552,1.0,0.9,A,A,agrees,agrees
1940,1940,agrees,0.5,American farmers are reeling from extreme weather caused by climate change.,disagrees,agrees,agrees,agrees,neutral,agrees,agrees,neutral,5,3,t27,0.9893554968730848,0.009239906318541,0.001404596808374,0.9,0.95,A,A,agrees,agrees
1941,1941,agrees,0.5,He saw signs of climate change in farming's problems.,neutral,agrees,neutral,agrees,agrees,agrees,neutral,neutral,5,3,t28,0.019838164983737,0.0934255368528206,0.8867362981634422,0.8,0.8,A,A,agrees,agrees
1942,1942,agrees,0.875,"Governments are under a legal obligation, as well as a moral obligation, to significantly increase their ambition on climate change.",agrees,agrees,agrees,agrees,agrees,agrees,agrees,neutral,5,3,t29,0.0005209339924417,0.9988471578892584,0.0006319081182999,1.0,0.95,A,A,agrees,agrees
1943,1943,disagrees,-1.0,Global warming is a gigantic hoax perpetrated by a vast global cabal of corrupt scientists.,disagrees,disagrees,disagrees,disagrees,disagrees,disagrees,disagrees,disagrees,5,3,t3,0.0016861636514922,0.0276045624333392,0.9707092739151684,0.95,1.0,C,C,disagrees,disagrees
1944,1944,neutral,0.125,Glaciers tend to grow for nine months each winter and melt for three months each summer.,agrees,neutral,neutral,neutral,neutral,neutral,neutral,neutral,5,3,t30,0.0299554630347719,0.9302222568490168,0.039822280116211,0.9,0.9,B,C,disagrees,neither agrees nor disagrees
1945,1945,neutral,0.5,The heightened capabilities will be increasingly important in the age of climate change.,agrees,neutral,neutral,agrees,agrees,agrees,neutral,neutral,5,3,t31,0.0023131166097631,0.9822810563451552,0.0154058270450816,1.0,0.8,A,A,agrees,agrees
1946,1946,agrees,0.875,The brown skies over Sydney in recent days is a result of human-caused climate change led by record heat and an unprecedented drought.,agrees,agrees,agrees,agrees,agrees,agrees,agrees,neutral,5,3,t32,0.0073599888072784,0.9914136933816592,0.0012263178110623,0.9,0.95,A,A,agrees,agrees
1947,1947,neutral,0.0,"The iPhone maker last March had reduced carbon emissions by 64 % since 2011, preventing 2.8 million metric tons of CO2 from entering the atmosphere.",disagrees,neutral,neutral,neutral,neutral,agrees,neutral,neutral,5,3,t33,0.0039837039150205,0.8788772999200064,0.117138996164973,1.0,0.9,B,A,agrees,neither agrees nor disagrees
1948,1948,agrees,0.875,Knowledge about the severity of climate change has deepened since 2011 and countries should do everything they can to shift away from fossil fuels.,neutral,agrees,agrees,agrees,agrees,agrees,agrees,agrees,5,3,t34,0.0032840685841703,0.7146896797123017,0.282026251703528,1.0,0.95,A,A,agrees,agrees
1949,1949,agrees,1.0,Climate change is an urgent issue because we can still do something about it.,agrees,agrees,agrees,agrees,agrees,agrees,agrees,agrees,5,3,t35,0.0012960233673145,0.9852760014398544,0.0134279751928312,0.9,0.95,A,A,agrees,agrees
1950,1950,neutral,0.25,Climate denial will persist come hell or high water.,agrees,neutral,neutral,agrees,agrees,disagrees,neutral,neutral,5,3,t36,0.0006680115922457,0.0013064027088772,0.9980255856988772,1.0,0.9,A,A,agrees,agrees
1951,1951,disagrees,-0.375,Climate is an extremely complicated science that remains far less than fully understood.,agrees,disagrees,neutral,disagrees,neutral,disagrees,neutral,disagrees,5,3,t37,0.0033521116250063,0.373851098293037,0.6227967900819568,0.8,0.8,B,B,neither agrees nor disagrees,neither agrees nor disagrees
1952,1952,agrees,0.875,One of the driving forces of 'climate denial' is that it is `just too uncomfortable to face' because it will require people to stop doing things [ they ] like doing.,agrees,agrees,agrees,agrees,agrees,agrees,agrees,neutral,5,3,t38,0.0012968719672697,0.9852327636111746,0.0134703644215556,0.8,0.9,A,A,agrees,agrees
1953,1953,disagrees,-0.375,There are fewer climate problems elsewhere.,agrees,disagrees,neutral,disagrees,disagrees,neutral,neutral,disagrees,5,3,t39,0.001969229431872,0.0092419577173983,0.9887888128507296,0.8,0.8,B,C,disagrees,neither agrees nor disagrees
1954,1954,agrees,0.375,"Sea levels would rise approximately 20 centimeters by the year 2300 from emissions released between 2016 and 2030, when the Paris Agreement expires.",neutral,agrees,neutral,agrees,agrees,neutral,neutral,neutral,5,3,t4,0.0006048228192094,0.9982940680062622,0.0011011091745284,1.0,0.8,A,A,agrees,agrees
1955,1955,neutral,0.5,General Motors believes in the science of global warming.,agrees,neutral,agrees,agrees,neutral,agrees,neutral,neutral,5,3,t40,0.0005215205520278,0.9988402711256372,0.000638208322335,1.0,0.9,A,A,agrees,agrees
1956,1956,agrees,0.625,"The impact of weather patterns on global ecosystems will increase the annual human-caused rise in CO2 concentration by 10 %, with emissions from the Australian fires accounting for one-fifth of that increase.",agrees,neutral,neutral,agrees,agrees,agrees,agrees,neutral,5,3,t41,0.0251715415486146,0.2783475329758739,0.6964809254755113,1.0,0.8,A,A,agrees,agrees
1957,1957,disagrees,-0.5,"Scientists should openly address the uncertainties and exaggerations in their predictions of global warming, while politicians should dispassionately count the real benefits as well as the imagined costs of adaptation to global warming, and the real costs as well as the imagined benefits of mitigation.",agrees,disagrees,disagrees,disagrees,neutral,disagrees,neutral,disagrees,5,3,t42,0.6417319643480003,0.0065878182176392,0.3516802174343605,1.0,0.7,C,B,neither agrees nor disagrees,disagrees
1958,1958,neutral,0.125,Ms. Trump is embracing at least some of Ms. Thunberg's urgency about climate change.,disagrees,neutral,neutral,agrees,neutral,agrees,neutral,neutral,5,3,t43,0.0012467645414774,0.9853345684859406,0.0134186669725819,0.8,0.8,A,A,agrees,agrees
1959,1959,disagrees,-0.875,"Coal is winning, Arctic ice is not melting -- and those who disagree are no better than the censors in Orwell's 1984.",neutral,disagrees,disagrees,disagrees,disagrees,disagrees,disagrees,disagrees,5,3,t44,0.7737653801311848,0.0060993654201973,0.2201352544486177,1.0,0.9,C,C,disagrees,disagrees
1960,1960,disagrees,-0.75,What is once considered one of the most remarkable cases of accelerated anthropogenic climate warming is not due to human causes at all but rather to natural climate swings.,disagrees,disagrees,disagrees,disagrees,disagrees,neutral,disagrees,neutral,5,3,t45,0.0032565197069746,0.3293918302835317,0.6673516500094937,0.9,0.9,C,C,disagrees,disagrees
1961,1961,neutral,-0.125,The low-carbon electricity grid alone will cost $5.4 trillion.,neutral,neutral,neutral,neutral,neutral,disagrees,neutral,neutral,5,3,t46,0.0033367514865717,0.6334595386886018,0.3632037098248264,0.2,0.8,B,B,neither agrees nor disagrees,neither agrees nor disagrees
1962,1962,disagrees,-0.75,The president must intensify his attacks against the flawed science underlying the climate alarm.,agrees,disagrees,disagrees,disagrees,disagrees,disagrees,disagrees,disagrees,5,3,t47,0.8551515362530948,0.0054385166356685,0.1394099471112365,1.0,0.9,C,C,disagrees,disagrees
1963,1963,agrees,0.625,"Climate change has led to an increase in the frequency and severity of what scientists call ""fire weather ""-periods with a high fire risk due to some combination of higher temperatures, low humidity, low rainfall and strong winds.",agrees,neutral,agrees,agrees,agrees,agrees,neutral,neutral,5,3,t48,0.0041059944600151,0.0991388865766691,0.8967551189633155,0.9,0.9,A,A,agrees,agrees
1964,1964,agrees,0.5,Reductions of planet-warming greenhouse gas emissions in the United States are being nullified by rising emissions in China.,agrees,neutral,agrees,agrees,agrees,neutral,neutral,neutral,5,3,t49,0.9977346367448976,0.0009515117657351,0.0013138514893672,0.9,0.8,A,A,agrees,agrees
1965,1965,agrees,0.625,Scientists see no end to the way man-made climate change keeps shattering records.,disagrees,agrees,agrees,agrees,agrees,neutral,agrees,agrees,5,3,t5,0.9486589245343848,0.0025074967069592,0.048833578758656,0.9,0.95,A,A,agrees,agrees
1966,1966,disagrees,-0.375,"While scientists have long predicted that climate change would bring longer and more intense fire seasons, the blazes are not expected to be this bad this soon.",neutral,disagrees,neutral,disagrees,neutral,neutral,neutral,disagrees,5,3,t6,0.0078905319705654,0.0014870863492807,0.9906223816801536,0.9,0.9,A,A,agrees,agrees
1967,1967,agrees,1.0,The global threat from sea level rise and coastal flooding is far greater than what we thought it is.,agrees,agrees,agrees,agrees,agrees,agrees,agrees,agrees,5,3,t7,0.9976422854812792,0.0014398633043684,0.0009178512143524,0.9,0.95,A,A,agrees,agrees
1968,1968,neutral,-0.25,"But if we ground every plane, leveled every building in America, and lived in huts, the United States' amount of carbon emissions only accounts for 15 percent of the entire world.",disagrees,disagrees,neutral,agrees,neutral,disagrees,neutral,neutral,5,3,t8,0.003388641996893,0.6514320679370034,0.3451792900661035,0.9,0.8,C,C,disagrees,disagrees
1969,1969,disagrees,-0.625,Beef cattle produce only 3.3 percent of the total U.S. greenhouse gas emissions.,disagrees,neutral,disagrees,disagrees,neutral,disagrees,neutral,disagrees,5,3,t9,0.0034828703357239,0.4887780671076045,0.5077390625566714,0.75,0.8,B,B,neither agrees nor disagrees,neither agrees nor disagrees
1970,1970,disagrees,-0.75,Global warming is a hoax.,agrees,disagrees,disagrees,disagrees,disagrees,disagrees,disagrees,disagrees,5,4,s0,,,,1.0,1.0,C,C,disagrees,disagrees
1971,1971,agrees,0.625,Alarming levels of sea level rise are predicted to threaten Florida over the next decades.,agrees,neutral,agrees,agrees,neutral,agrees,neutral,agrees,5,4,s1,,,,1.0,0.95,A,A,agrees,agrees
1972,1972,neutral,0.125,"Over the past several years, the United States has seen an increase in business growth that has counteracted the lingering effects of the recession.",neutral,neutral,neutral,neutral,neutral,agrees,neutral,neutral,5,4,s2,,,,0.0,0.95,B,B,neither agrees nor disagrees,neither agrees nor disagrees
1973,1973,agrees,0.875,Global warming is happening and it will be dangerous to human health and welfare.,neutral,agrees,agrees,agrees,agrees,agrees,agrees,agrees,5,4,s3,,,,1.0,0.95,A,A,agrees,agrees
1974,1974,neutral,-0.125,Some icebergs are cute.,neutral,neutral,neutral,neutral,neutral,disagrees,neutral,neutral,5,4,s4,,,,0.2,0.95,B,B,neither agrees nor disagrees,neither agrees nor disagrees
1975,1975,agrees,0.75,Fixing the climate crisis is not only about trees.,agrees,agrees,neutral,neutral,agrees,agrees,agrees,agrees,5,4,t0,0.0035255066933768,0.9016467704980912,0.0948277228085319,0.8,0.5,B,A,agrees,neither agrees nor disagrees
1976,1976,agrees,0.375,Those who are unable to contradict with facts and arguments the movement of young people committed in the battle against the climate crisis have recourse instead to violence and intimidation.,disagrees,agrees,agrees,agrees,agrees,agrees,neutral,disagrees,5,4,t1,0.1288221548801106,0.8050377758495619,0.0661400692703274,1.0,0.95,A,A,agrees,agrees
1977,1977,disagrees,-1.0,Climate change is `mostly hype' but is being held back from taking tougher action against the scam by his own advisors who fear it might cost him votes.,disagrees,disagrees,disagrees,disagrees,disagrees,disagrees,disagrees,disagrees,5,4,t10,0.9984586320232052,0.0007507491800345,0.00079061879676,0.8,0.95,C,C,disagrees,disagrees
1978,1978,neutral,0.0,Climate summits are stuck in a rut.,agrees,neutral,neutral,neutral,neutral,neutral,disagrees,neutral,5,4,t11,0.0023354695081364,0.0170187542713766,0.9806457762204868,0.75,0.8,B,B,neither agrees nor disagrees,neither agrees nor disagrees
1979,1979,agrees,0.75,"The weight of responsibility and growing public concern now rests on Boris Johnson's shoulders to ensure the UK rises to the challenge, fights for climate justice and shows real leadership.",agrees,agrees,agrees,neutral,agrees,neutral,agrees,agrees,5,4,t12,0.5607813801135825,0.0065806651587382,0.4326379547276792,0.9,0.9,A,A,agrees,agrees
1980,1980,agrees,0.25,"2018 may offer a peep into the future, where increased climatic variability may push the arctic species to--and potentially beyond--their limits.",disagrees,agrees,neutral,neutral,agrees,neutral,agrees,neutral,5,4,t13,0.0020194277335304,0.9855458511579072,0.0124347211085623,0.9,0.8,A,A,agrees,agrees
1981,1981,neutral,-0.125,"Renewables such as wind, solar and hydropower will surpass coal as the world's dominant source of electricity by 2030, growing to 42 percent of global generation.",disagrees,neutral,neutral,neutral,neutral,neutral,neutral,neutral,5,4,t14,0.0012684632218968,0.002007306556243,0.99672423022186,0.8,0.8,B,A,agrees,neither agrees nor disagrees
1982,1982,agrees,0.75,"I actually see an opportunity in this, as bad as it has gotten with both how close we are to catastrophe in climate and the disappearance of U.S. leadership from the world stage.",neutral,agrees,agrees,agrees,agrees,neutral,agrees,agrees,5,4,t15,0.0010980834026916,0.997516290525996,0.0013856260713125,0.9,0.9,A,A,agrees,agrees
1983,1983,agrees,1.0,"Climate change is not a hoax, but climate change is a terrible, terrible reality impacting our country and the entire world today.",agrees,agrees,agrees,agrees,agrees,agrees,agrees,agrees,5,4,t16,0.1203798563239186,0.3488480244596767,0.5307721192164045,1.0,0.95,A,A,agrees,agrees
1984,1984,neutral,0.375,"The ice sheet is facing imminent and significant ice loss, according to the ESA.",agrees,neutral,neutral,agrees,neutral,agrees,neutral,neutral,5,4,t17,0.0034166285439036,0.0679116004950424,0.928671770961054,0.9,0.9,A,A,agrees,agrees
1985,1985,neutral,0.0,Mr. Colson had been converting to electric heat to fulfill his commitment to migrating the planet away from fossil fuels.,neutral,neutral,neutral,neutral,neutral,neutral,neutral,neutral,5,4,t18,0.9988576471893236,0.0006449634762331,0.0004973893344434,1.0,0.9,A,A,agrees,agrees
1986,1986,agrees,0.375,Beating climate change won't require a miracle.,neutral,agrees,neutral,neutral,agrees,agrees,disagrees,agrees,5,4,t19,0.0749769910109383,0.0049695987157057,0.920053410273356,0.9,0.8,A,A,agrees,agrees
1987,1987,disagrees,-0.875,Ill-informed kids keep being manipulated by radical environmentalists to sue over purported future climate damages.,neutral,disagrees,disagrees,disagrees,disagrees,disagrees,disagrees,disagrees,5,4,t2,0.0029251079864795,0.9491417487938052,0.0479331432197153,0.9,0.9,C,C,disagrees,disagrees
1988,1988,disagrees,-0.5,Mother Nature has far more to do with the drought in Guatemala than U.S. carbon emissions.,neutral,disagrees,neutral,agrees,disagrees,disagrees,disagrees,disagrees,5,4,t20,0.0070553275323991,0.5242446795458712,0.4686999929217298,0.8,0.8,C,C,disagrees,disagrees
1989,1989,neutral,-0.125,"More than half of food-related greenhouse gas emissions come from meat, eggs and dairy.",disagrees,neutral,neutral,neutral,neutral,neutral,neutral,neutral,5,4,t21,0.0018772300733695,0.0014725630516435,0.9966502068749868,0.9,0.8,A,A,agrees,agrees
1990,1990,neutral,0.25,The study is the first of its kind to quantify how much sea level would rise from the carbon emissions pledged under the Paris agreement.,agrees,agrees,neutral,neutral,neutral,neutral,neutral,neutral,5,4,t22,0.0020568726237926,0.9839556988489851,0.0139874285272221,1.0,0.9,B,A,agrees,neither agrees nor disagrees
1991,1991,disagrees,-0.625,"Climate policy is there to control you, not climate.",agrees,disagrees,disagrees,neutral,disagrees,disagrees,disagrees,disagrees,5,4,t23,0.0009513657738502,0.9982124013409496,0.0008362328852,0.9,0.9,C,C,disagrees,disagrees
1992,1992,agrees,0.625,The government should pay to help Americans move out of places impacted by climate change.,neutral,agrees,agrees,neutral,agrees,neutral,agrees,agrees,5,4,t24,0.0034022130259864,0.0784536368942465,0.9181441500797672,1.0,0.9,A,A,agrees,agrees
1993,1993,agrees,0.625,About two-thirds of the readers we heard from across the country wanted the next president to aggressively try to head off a climate catastrophe.,agrees,neutral,agrees,neutral,agrees,agrees,agrees,neutral,5,4,t25,0.0011708495128109,0.0012994230928155,0.9975297273943736,0.9,0.9,A,A,agrees,agrees
1994,1994,neutral,0.125,The world's largest asset manager plans to put climate change and sustainability at the center of its investment approach.,agrees,neutral,neutral,neutral,neutral,neutral,neutral,neutral,5,4,t26,0.1075068129603008,0.749081564448124,0.1434116225915749,0.9,0.9,A,A,agrees,agrees
1995,1995,agrees,0.75,You cannot go too far on the issue of climate change.,agrees,agrees,neutral,neutral,agrees,agrees,agrees,agrees,5,4,t27,0.941573178514152,0.0207497817825926,0.0376770397032553,1.0,0.9,A,A,agrees,agrees
1996,1996,neutral,-0.125,"Germany, one of the strongest and most successful industry nations in the world, is taking huge steps toward leaving the fossil fuel era.",disagrees,neutral,neutral,neutral,neutral,neutral,neutral,neutral,5,4,t28,0.0018362489372831,0.0014553160439501,0.9967084350187666,0.9,0.8,B,A,agrees,neither agrees nor disagrees
1997,1997,disagrees,-0.5,"There is no climate emergency and that false foundations for climate panic could lead to policy disasters causing massive harm, by destroying energy sources needed for survival.",agrees,disagrees,disagrees,disagrees,disagrees,agrees,disagrees,disagrees,5,4,t29,0.0031728653339736,0.0641862971251507,0.9326408375408756,1.0,0.95,C,C,disagrees,disagrees
1998,1998,neutral,0.125,Critics said Thunberg's speech -- which is peppered with cries from pro-oil and gas counter-protesters -- called for action on climate change but failed to propose any plans for possible solutions.,neutral,neutral,neutral,neutral,neutral,agrees,neutral,neutral,5,4,t3,0.9893627254376588,0.0021751489137578,0.0084621256485835,0.85,0.8,B,B,neither agrees nor disagrees,neither agrees nor disagrees
1999,1999,neutral,0.25,"`Climate change had its fingerprints there and that's concerning,' said Dr. Nick Watts, the report's executive editor, adding that subsequent heat waves have `resulted in tens of thousands of deaths.'",neutral,neutral,neutral,agrees,neutral,neutral,agrees,neutral,5,4,t30,0.00308300846556,0.9403258681649672,0.0565911233694727,0.95,0.95,A,A,agrees,agrees
2000,2000,agrees,0.875,"Warming ocean currents are also melting the glacier from underneath, washing ice away faster than the glacier can replenish it.",agrees,agrees,agrees,agrees,agrees,agrees,agrees,neutral,5,4,t31,0.0047216502134368,0.6483160251390346,0.3469623246475285,0.9,0.9,A,A,agrees,agrees
2001,2001,agrees,1.0,The world needs to prepare for millions of people being driven from their homes by the impact of climate change.,agrees,agrees,agrees,agrees,agrees,agrees,agrees,agrees,5,4,t32,0.0012763613381568,0.0019401989279493,0.9967834397338938,1.0,0.95,A,A,agrees,agrees
2002,2002,disagrees,0.0,We can only fix climate change by destroying the economy or our personal liberties.,neutral,disagrees,disagrees,agrees,disagrees,neutral,agrees,agrees,5,4,t33,0.0035394284739971,0.9015972459187837,0.0948633256072193,0.9,0.8,C,C,disagrees,disagrees
2003,2003,disagrees,-0.25,Anthropogenic global warming is the greatest and widest-ranging market failure ever seen.,neutral,agrees,agrees,disagrees,disagrees,neutral,disagrees,disagrees,5,4,t34,0.00193736394565,0.0015005526288505,0.9965620834254996,1.0,1.0,A,B,neither agrees nor disagrees,agrees
2004,2004,agrees,0.375,"If mankind wanted to stop climate change without stopping economic growth too, the world needed more nuclear energy, not less.",neutral,agrees,neutral,neutral,agrees,neutral,neutral,agrees,5,4,t35,0.9873492286092928,0.0115266673479295,0.0011241040427776,0.8,0.8,A,A,agrees,agrees
2005,2005,disagrees,-0.375,"Climate crisis advocates attempt to dismiss the minor satellite-measured warming by utilizing ground temperature stations around the globe, which tend to have even more corrupting biases and problems than the old U.S. stations.",agrees,disagrees,neutral,neutral,neutral,disagrees,disagrees,disagrees,5,4,t36,0.0040591276087833,0.1474723259028305,0.8484685464883861,0.9,0.9,C,C,disagrees,disagrees
2006,2006,neutral,0.125,"Ms. Warren would hold a climate-focused town-hall-style event in New Hampshire and rolled out an endorsement from Rhiana Gunn-Wright, a lead author of the Green New Deal proposal.",agrees,neutral,neutral,neutral,neutral,neutral,neutral,neutral,5,4,t37,0.0030275370177871,0.9427575033221712,0.0542149596600415,1.0,0.8,A,A,agrees,agrees
2007,2007,neutral,0.25,Supporters of the demonstration knew firsthand about the effects of climate change.,agrees,agrees,neutral,neutral,neutral,neutral,neutral,neutral,5,4,t38,0.0009253907756914,0.9982224808592476,0.000852128365061,0.9,0.9,A,A,agrees,agrees
2008,2008,neutral,-0.25,Gore has seen small shifts in Republican views regarding the so-called climate issue.,disagrees,neutral,neutral,neutral,disagrees,neutral,neutral,neutral,5,4,t39,0.571266416871407,0.4012493398884198,0.027484243240173,0.75,0.9,B,B,neither agrees nor disagrees,neither agrees nor disagrees
2009,2009,disagrees,-0.25,Climate change is not primarily caused by man.,agrees,disagrees,disagrees,neutral,neutral,neutral,neutral,disagrees,5,4,t4,0.7784988335850258,0.1973755003775721,0.0241256660374021,0.8,0.8,C,C,disagrees,disagrees
2010,2010,agrees,0.875,It's unquestionable that this year's Kincade fire grew with such disastrous rapidity because of the climate.,agrees,agrees,agrees,agrees,neutral,agrees,agrees,agrees,5,4,t40,0.004894800676518,0.5422155838378636,0.4528896154856184,0.9,0.9,A,A,agrees,agrees
2011,2011,disagrees,-0.5,The Obama administration fired a top scientist and intimidated staff at the Department of Energy in order to further its climate change agenda.,agrees,disagrees,disagrees,disagrees,disagrees,agrees,disagrees,disagrees,5,4,t41,0.7283126946214568,0.0057376320802943,0.2659496732982489,1.0,0.8,C,C,disagrees,disagrees
2012,2012,agrees,0.875,"Whatever we call it, impending climate doom is upon us if we don't act quickly.",neutral,agrees,agrees,agrees,agrees,agrees,agrees,agrees,5,4,t42,0.0013177953797481,0.0020302482073386,0.9966519564129128,1.0,0.95,A,A,agrees,agrees
2013,2013,agrees,1.0,You have failed in humanity's task of protecting the climate.,agrees,agrees,agrees,agrees,agrees,agrees,agrees,agrees,5,4,t43,0.0033333551078639,0.0653424043017128,0.9313242405904232,1.0,0.95,A,C,disagrees,agrees
2014,2014,agrees,0.875,Protecting still-undamaged forests could have a strong climate benefit as well.,agrees,agrees,agrees,neutral,agrees,agrees,agrees,agrees,5,4,t44,0.0901400197739225,0.0036225015083475,0.9062374787177296,0.8,0.8,A,A,agrees,agrees
2015,2015,agrees,1.0,The world failed to reduce carbon emissions in recent years and is on pace for catastrophic damage from climate change.,agrees,agrees,agrees,agrees,agrees,agrees,agrees,agrees,5,4,t45,0.0030318415016433,0.9505919057883728,0.0463762527099839,0.9,0.95,A,A,agrees,agrees
2016,2016,agrees,0.625,"The word climate change, to the best of my knowledge, is not discussed in this new NAFTA agreement at all, which is an outrage.",neutral,agrees,agrees,neutral,agrees,agrees,neutral,agrees,5,4,t46,0.9869801576961456,0.011876007043023,0.0011438352608313,0.9,0.8,A,C,disagrees,agrees
2017,2017,agrees,0.375,"Climate change is a man-made problem, which is why women should rule the world.",disagrees,agrees,neutral,neutral,agrees,neutral,agrees,agrees,5,4,t47,0.0010999521706874,0.997539050657038,0.0013609971722745,0.8,0.9,A,C,disagrees,agrees
2018,2018,neutral,0.0,"Climate science should be less political, while climate policies should be more scientific.",disagrees,neutral,neutral,neutral,neutral,agrees,neutral,neutral,5,4,t48,0.0009565896441474,0.99816773981281,0.0008756705430425,1.0,0.8,B,B,neither agrees nor disagrees,neither agrees nor disagrees
2019,2019,neutral,0.25,"The real evidence of change would come when investors started exiting carbon-heavy companies, especially those with no transition plan.",neutral,agrees,neutral,neutral,neutral,agrees,neutral,neutral,5,4,t49,0.0019834366694176,0.9853560573159764,0.012660506014606,0.8,0.8,B,A,agrees,neither agrees nor disagrees
2020,2020,agrees,0.875,Risky technologies are the only ways to address climate change.,agrees,agrees,agrees,neutral,agrees,agrees,agrees,agrees,5,4,t5,0.0009712460436901,0.9981530350625294,0.0008757188937805,0.9,0.9,A,C,disagrees,agrees
2021,2021,neutral,0.125,Climate change and environmental issues are ranked as the 11th biggest threat to their companies 'growth prospects.,agrees,neutral,neutral,neutral,neutral,neutral,neutral,neutral,5,4,t6,0.0038130055304475,0.8698108119074949,0.1263761825620575,0.9,0.8,B,A,agrees,neither agrees nor disagrees
2022,2022,agrees,0.875,The climate is about to change for the worse in a way that poses an existential threat for everyone.,neutral,agrees,agrees,agrees,agrees,agrees,agrees,agrees,5,4,t7,0.0064687916336661,0.8047243992732174,0.1888068090931164,1.0,0.95,A,A,agrees,agrees
2023,2023,neutral,0.25,Climate change means the end of shopping.,agrees,agrees,neutral,neutral,neutral,neutral,disagrees,agrees,5,4,t8,0.003600972364685,0.0174201766112529,0.978978851024062,0.2,0.8,B,B,neither agrees nor disagrees,neither agrees nor disagrees
2024,2024,neutral,0.125,The Golden Globes to send a signal and draw attention to the issue about climate change.,neutral,neutral,neutral,neutral,agrees,neutral,neutral,neutral,5,4,t9,0.0040618975899986,0.1379048818230799,0.8580332205869214,1.0,0.8,A,A,agrees,agrees
2025,2025,disagrees,-0.75,Global warming is a hoax.,disagrees,disagrees,disagrees,disagrees,disagrees,disagrees,disagrees,agrees,5,5,s0,,,,1.0,1.0,C,C,disagrees,disagrees
2026,2026,agrees,0.5,Alarming levels of sea level rise are predicted to threaten Florida over the next decades.,agrees,agrees,agrees,neutral,neutral,neutral,agrees,neutral,5,5,s1,,,,0.9,0.95,A,A,agrees,agrees
2027,2027,neutral,0.25,"Over the past several years, the United States has seen an increase in business growth that has counteracted the lingering effects of the recession.",neutral,neutral,agrees,neutral,neutral,neutral,neutral,agrees,5,5,s2,,,,0.0,0.95,B,B,neither agrees nor disagrees,neither agrees nor disagrees
2028,2028,agrees,0.75,Global warming is happening and it will be dangerous to human health and welfare.,agrees,agrees,neutral,agrees,agrees,agrees,agrees,neutral,5,5,s3,,,,1.0,1.0,A,A,agrees,agrees
2029,2029,neutral,0.125,Some icebergs are cute.,neutral,neutral,neutral,neutral,neutral,neutral,neutral,agrees,5,5,s4,,,,0.2,0.95,B,B,neither agrees nor disagrees,neither agrees nor disagrees
2030,2030,disagrees,-0.375,The shoddy and absurd climate change plan.,disagrees,disagrees,agrees,neutral,disagrees,disagrees,disagrees,agrees,5,5,t0,0.9287142550870268,0.0062944459091656,0.0649912990038076,0.9,0.9,C,C,disagrees,disagrees
2031,2031,agrees,0.5,This is the result of climate change.,neutral,agrees,neutral,agrees,neutral,agrees,neutral,agrees,5,5,t1,0.0046710592628679,0.5479723086705887,0.4473566320665433,1.0,0.8,A,A,agrees,agrees
2032,2032,neutral,0.0,Climate change is not a belief system.,neutral,neutral,disagrees,neutral,neutral,neutral,neutral,agrees,5,5,t10,0.0562488606676791,0.0045414102544582,0.9392097290778626,1.0,0.5,A,B,neither agrees nor disagrees,agrees
2033,2033,agrees,1.0,We are headed for climate Armageddon from warming in twelve years.,agrees,agrees,agrees,agrees,agrees,agrees,agrees,agrees,5,5,t11,0.0031236386051941,0.9340622021209106,0.0628141592738952,1.0,1.0,A,A,agrees,agrees
2034,2034,agrees,0.375,A fee on the burning of fossil fuels is the most efficient way to drive down global warming.,agrees,agrees,disagrees,agrees,agrees,agrees,neutral,disagrees,5,5,t12,0.0506190636698408,0.0036770598064245,0.9457038765237348,1.0,0.9,A,A,agrees,agrees
2035,2035,neutral,0.25,"Since 2005, U.S. carbon dioxide emissions have dropped more than those from any other large industrialized nation.",neutral,neutral,agrees,neutral,neutral,neutral,neutral,agrees,5,5,t13,0.9968420769598396,0.0016825813203864,0.0014753417197739,0.8,0.8,B,A,agrees,neither agrees nor disagrees
2036,2036,neutral,0.25,Countries need to go beyond simply putting a price on carbon or adopting bold emissions goals.,neutral,neutral,disagrees,neutral,agrees,agrees,agrees,neutral,5,5,t14,0.0027703686501868,0.0476441505869433,0.94958548076287,0.8,0.8,A,A,agrees,agrees
2037,2037,agrees,0.625,Everybody is responsible for dealing with climate change.,agrees,agrees,neutral,agrees,neutral,agrees,agrees,neutral,5,5,t15,0.2733942136588872,0.0076650930367982,0.7189406933043145,1.0,0.8,A,A,agrees,agrees
2038,2038,neutral,0.25,"The company is eager to engage on the issues facing the transforming city, including homelessness, transportation and climate change.",neutral,neutral,neutral,neutral,neutral,neutral,agrees,agrees,5,5,t16,0.0047380270579065,0.5025757994048821,0.4926861735372115,0.75,0.8,A,A,agrees,agrees
2039,2039,agrees,0.75,Your holiday traditions are contributing to climate change and hurting the planet.,neutral,agrees,neutral,agrees,agrees,agrees,agrees,agrees,5,5,t17,0.004705860039646,0.4272083871190253,0.5680857528413286,0.9,0.9,A,A,agrees,agrees
2040,2040,disagrees,-0.75,The climate crisis has been manufactured in order to create a huge climate-industrial complex that can command the redistribution of colossal amounts of money.,disagrees,disagrees,neutral,disagrees,disagrees,disagrees,disagrees,neutral,5,5,t18,0.0020305923066936,0.0020283258959328,0.9959410817973734,0.9,0.95,C,C,disagrees,disagrees
2041,2041,agrees,0.625,They would look self-serving and out of touch if they tried to deny climate change.,agrees,agrees,agrees,neutral,neutral,agrees,agrees,neutral,5,5,t19,0.0010381423449848,0.9975693947845076,0.0013924628705074,1.0,0.8,A,A,agrees,agrees
2042,2042,neutral,0.0,"Half of climate scientists, or fewer, think human-caused global warming is happening.",neutral,neutral,neutral,neutral,neutral,neutral,disagrees,agrees,5,5,t2,0.0052700276549205,0.9403228529540412,0.0544071193910384,0.9,0.9,C,C,disagrees,disagrees
2043,2043,agrees,0.625,The Green New Deal proposed by Rep. Alexandria Ocasio-Cortez (D-N.Y.) is a crucial framework for meeting the climate challenges we face.,neutral,agrees,neutral,agrees,agrees,agrees,agrees,neutral,5,5,t20,0.0013272069400239,0.0028278534056549,0.9958449396543212,1.0,0.9,A,A,agrees,agrees
2044,2044,neutral,0.0,Opposing sides in polarised debates such as that on climate change had to learn how to talk with each other again.,neutral,neutral,disagrees,neutral,neutral,neutral,neutral,agrees,5,5,t21,0.0067555508760066,0.4454946133087955,0.5477498358151979,0.75,0.8,B,B,neither agrees nor disagrees,neither agrees nor disagrees
2045,2045,disagrees,-0.625,Anthropomorphic climate change is a scam.,disagrees,disagrees,agrees,disagrees,disagrees,disagrees,disagrees,neutral,5,5,t22,0.0032275867950863,0.9274876970465586,0.0692847161583551,1.0,0.95,C,C,disagrees,disagrees
2046,2046,agrees,0.625,"This may be the first time in the history of the United States that there are children wondering whether they are going to have a future, whether they should have children as a result of the potential for climate change to get worse and worse.",neutral,agrees,neutral,agrees,agrees,agrees,agrees,neutral,5,5,t23,0.0030057837386341,0.0583620977143461,0.9386321185470198,1.0,0.9,A,A,agrees,agrees
2047,2047,neutral,0.125,"It is so cold in Florida, they are setting record temperatures and you know they&aposre afraid of the iguanas falling off the trees.",neutral,neutral,agrees,neutral,neutral,neutral,disagrees,agrees,5,5,t24,0.0028393697485972,0.9457631329969806,0.0513974972544222,0.2,0.8,C,A,agrees,disagrees
2048,2048,disagrees,-0.125,The corruption of climate science has occurred because some of our most important institutions have let us down.,disagrees,disagrees,agrees,neutral,disagrees,neutral,neutral,agrees,5,5,t25,0.9955903920457656,0.0015890330911325,0.0028205748631018,0.8,0.8,C,A,agrees,disagrees
2049,2049,agrees,0.5,"It is in the big cities where climate warming occurs, and people live and suffer it.",agrees,agrees,disagrees,agrees,neutral,agrees,agrees,neutral,5,5,t26,0.0042916640604175,0.7390834642037759,0.2566248717358064,1.0,0.8,A,A,agrees,agrees
2050,2050,neutral,-0.125,Some members of the Governing Council question whether fighting climate change is a central bank's job.,neutral,neutral,neutral,neutral,neutral,neutral,neutral,disagrees,5,5,t27,0.0030193945495068,0.9414191252148034,0.0555614802356896,0.9,0.8,B,C,disagrees,neither agrees nor disagrees
2051,2051,agrees,0.75,Climate change is emerging as potentially the greatest risk to human health in the 21st century.,agrees,agrees,disagrees,agrees,agrees,agrees,agrees,agrees,5,5,t28,0.0020116665426114,0.0020055116473403,0.9959828218100484,1.0,0.95,A,A,agrees,agrees
2052,2052,neutral,-0.125,Unused special funds-including money set aside for renovating schools or incentives for fighting climate change-also contributed to the surplus.,neutral,neutral,neutral,neutral,neutral,neutral,neutral,disagrees,5,5,t29,0.9957416891161244,0.00229500141561,0.0019633094682654,1.0,0.9,B,B,neither agrees nor disagrees,neither agrees nor disagrees
2053,2053,agrees,0.75,Climate change and receding Arctic ice is forcing wild animals out of their traditional hunting grounds.,agrees,agrees,neutral,agrees,agrees,agrees,neutral,agrees,5,5,t3,0.0029517348275624,0.9420097673432586,0.0550384978291789,0.9,0.9,A,A,agrees,agrees
2054,2054,agrees,0.375,"His antipathy toward action on climate change has contributed to what they consider a hands-off response to the fires, treating them as a tragedy rather than a turning point.",agrees,agrees,agrees,neutral,neutral,disagrees,neutral,agrees,5,5,t30,0.0579437727050883,0.0069239466137936,0.935132280681118,0.9,0.8,A,A,agrees,agrees
2055,2055,agrees,0.75,The financial sector has been too slow to address the risks from climate change and that politicians need to effect change now.,agrees,agrees,disagrees,agrees,agrees,agrees,agrees,agrees,5,5,t31,0.5496066985781972,0.0092494650759729,0.4411438363458299,1.0,0.9,A,A,agrees,agrees
2056,2056,disagrees,-0.125,Man-made climate change isn't solely to blame for tropical storms.,neutral,disagrees,agrees,disagrees,neutral,disagrees,neutral,agrees,5,5,t32,0.0047419148604197,0.9330140903254838,0.0622439948140964,0.5,0.8,B,B,neither agrees nor disagrees,neither agrees nor disagrees
2057,2057,neutral,0.375,California is about 3 degrees Fahrenheit warmer today than it would be without climate change.,neutral,agrees,neutral,neutral,neutral,agrees,neutral,agrees,5,5,t33,0.0014028530144946,0.0015386391805017,0.9970585078050036,1.0,0.9,A,A,agrees,agrees
2058,2058,neutral,0.125,"I realized with all that has separated us from each other, climate justice is the great unifier.",neutral,neutral,neutral,agrees,neutral,neutral,agrees,disagrees,5,5,t34,0.0018921405534769,0.996396474357266,0.0017113850892569,0.8,0.8,A,A,agrees,agrees
2059,2059,neutral,0.0,Global oil consumption will grow by seven million barrels a day through 2024.,neutral,neutral,disagrees,neutral,neutral,neutral,neutral,agrees,5,5,t35,0.0013844304625969,0.0014582834955606,0.9971572860418424,1.0,0.9,B,B,neither agrees nor disagrees,neither agrees nor disagrees
2060,2060,agrees,0.75,Climate change will continue to affect all types of weather phenomena and subsequently impact increasingly urbanised areas.,agrees,agrees,neutral,agrees,agrees,agrees,agrees,neutral,5,5,t36,0.0816084033896915,0.3548925830325491,0.5634990135777593,0.9,0.9,A,A,agrees,agrees
2061,2061,neutral,0.125,We can win on climate.,agrees,neutral,neutral,neutral,neutral,agrees,neutral,disagrees,5,5,t37,0.0018576107396778,0.996449135750304,0.0016932535100178,0.2,0.8,A,B,neither agrees nor disagrees,agrees
2062,2062,disagrees,-0.875,"Our current temperatures are not at all unusual nor unprecedented, but very similar to previous warming trends over the last several thousand years.",disagrees,disagrees,disagrees,disagrees,neutral,disagrees,disagrees,disagrees,5,5,t38,0.5806154597685698,0.0092665945181254,0.4101179457133048,0.9,0.8,C,B,neither agrees nor disagrees,disagrees
2063,2063,agrees,0.375,A narrative of sacrifice doesn't go over well with many people whom we'll need as collaborators in addressing climate change.,agrees,agrees,disagrees,agrees,agrees,neutral,agrees,disagrees,5,5,t39,0.0043154952333238,0.2663521111871721,0.7293323935795041,0.75,0.8,B,B,neither agrees nor disagrees,neither agrees nor disagrees
2064,2064,neutral,-0.25,"We are not climate activists, we never are.",disagrees,neutral,neutral,neutral,neutral,neutral,neutral,disagrees,5,5,t4,0.0053628612362301,0.2519245983419056,0.7427125404218643,0.8,0.8,B,B,neither agrees nor disagrees,neither agrees nor disagrees
2065,2065,agrees,0.625,Climate change is causing global or regional crop devastation.,agrees,agrees,disagrees,agrees,agrees,agrees,agrees,neutral,5,5,t40,0.0019734146532555,0.0020076692105642,0.9960189161361804,0.9,0.95,A,A,agrees,agrees
2066,2066,agrees,0.75,"There is a realistic win-win outcome: with the right government policies, we can stimulate investment in green energy, efficient cities, better transportation and the like, which will address climate change as well as make many of our lives better and more comfortable.",agrees,agrees,neutral,agrees,agrees,neutral,agrees,agrees,5,5,t41,0.0013587267485958,0.9956007733462088,0.0030404999051952,0.9,0.9,A,A,agrees,agrees
2067,2067,neutral,0.0,"About half of mainstream outlets seek out ""climate denying ""experts.",neutral,neutral,neutral,neutral,neutral,agrees,neutral,disagrees,5,5,t42,0.0050302313420574,0.1804254387356758,0.8145443299222668,0.9,0.8,B,A,agrees,neither agrees nor disagrees
2068,2068,disagrees,-0.375,Anthropogenic warming theory just didn't stand up.,neutral,disagrees,agrees,disagrees,disagrees,disagrees,disagrees,agrees,5,5,t43,0.9464896677112792,0.0033259256471656,0.0501844066415554,0.9,0.9,C,C,disagrees,disagrees
2069,2069,neutral,0.125,Climate change is his top priority.,agrees,neutral,disagrees,neutral,neutral,agrees,neutral,neutral,5,5,t44,0.0051819358721695,0.9506767699975954,0.0441412941302349,1.0,0.9,A,A,agrees,agrees
2070,2070,neutral,0.375,"Science tells us that on our current path, we face at least 3-degrees Celsius of global heating by the end of the century.",agrees,neutral,neutral,agrees,neutral,neutral,neutral,agrees,5,5,t45,0.0020083490413158,0.995825450855009,0.0021662001036751,1.0,0.9,A,A,agrees,agrees
2071,2071,disagrees,-0.75,Australians care about the high cost of environmental activism based on questionable climate alarmism.,disagrees,disagrees,disagrees,disagrees,disagrees,disagrees,disagrees,agrees,5,5,t46,0.0027530364350515,0.9468663044237492,0.050380659141199,0.9,0.9,C,C,disagrees,disagrees
2072,2072,agrees,1.0,"The world's richest countries, responsible for emitting more than three-fourths of planet-warming pollution, are not doing enough to keep Earth's temperature from rising to dangerously high levels.",agrees,agrees,agrees,agrees,agrees,agrees,agrees,agrees,5,5,t47,0.0035386256588236,0.0450654841406193,0.9513958902005568,0.9,0.95,A,A,agrees,agrees
2073,2073,disagrees,-0.375,Extinction Rebellion protestors in Germany make unsubstantiated predictions of billions of deaths within just a few years because alarmist language works.,disagrees,disagrees,neutral,neutral,disagrees,neutral,disagrees,agrees,5,5,t48,0.953902710281292,0.0054278354941551,0.0406694542245528,0.9,0.9,C,C,disagrees,disagrees
2074,2074,neutral,0.125,"Temperature records are broken in France, Germany and elsewhere.",neutral,neutral,neutral,neutral,neutral,neutral,neutral,agrees,5,5,t49,0.0062976035705153,0.1856637978259559,0.8080385986035288,1.0,0.8,A,B,neither agrees nor disagrees,agrees
2075,2075,disagrees,-0.75,That manmade climate change is a crisis is a false twisting of the actual data.,disagrees,disagrees,disagrees,disagrees,disagrees,disagrees,disagrees,agrees,5,5,t5,0.004382376104665,0.2423840521423607,0.7532335717529741,0.9,0.95,C,C,disagrees,disagrees
2076,2076,neutral,0.25,Climate change and sustainability would become more important for the fashion industry in 2020.,neutral,neutral,neutral,neutral,neutral,agrees,neutral,agrees,5,5,t6,0.99696266566628,0.0016005764569589,0.0014367578767609,0.8,0.8,A,A,agrees,agrees
2077,2077,neutral,-0.125,"Even if the warming increases, humans can adjust.",neutral,neutral,agrees,disagrees,neutral,neutral,disagrees,neutral,5,5,t7,0.0011074367091925,0.9974219280159948,0.0014706352748125,0.75,0.8,C,B,neither agrees nor disagrees,disagrees
2078,2078,neutral,0.625,They will do little for renewable growth and next to nothing to address climate change.,neutral,neutral,agrees,agrees,neutral,agrees,agrees,agrees,5,5,t8,0.7733468745483237,0.0059038877400243,0.2207492377116518,1.0,0.9,A,C,disagrees,agrees
2079,2079,neutral,0.5,"Two thirds of people in Europe, the United States and China think their individual behaviour can help tackle climate change and more than three quarters of parents believe their children will bear the consequences of climate change.",agrees,neutral,agrees,neutral,neutral,agrees,agrees,neutral,5,5,t9,0.0011942547591768,0.0018194949638919,0.9969862502769312,0.9,0.9,A,A,agrees,agrees
2080,2080,disagrees,-1.0,Global warming is a hoax.,disagrees,disagrees,disagrees,disagrees,disagrees,disagrees,disagrees,disagrees,5,6,s0,,,,1.0,1.0,C,C,disagrees,disagrees
2081,2081,agrees,0.625,Alarming levels of sea level rise are predicted to threaten Florida over the next decades.,agrees,disagrees,agrees,agrees,agrees,agrees,agrees,neutral,5,6,s1,,,,1.0,0.95,A,A,agrees,agrees
2082,2082,neutral,-0.125,"Over the past several years, the United States has seen an increase in business growth that has counteracted the lingering effects of the recession.",neutral,neutral,neutral,disagrees,neutral,neutral,neutral,neutral,5,6,s2,,,,0.0,0.95,B,B,neither agrees nor disagrees,neither agrees nor disagrees
2083,2083,agrees,1.0,Global warming is happening and it will be dangerous to human health and welfare.,agrees,agrees,agrees,agrees,agrees,agrees,agrees,agrees,5,6,s3,,,,1.0,0.95,A,A,agrees,agrees
2084,2084,neutral,0.125,Some icebergs are cute.,disagrees,agrees,neutral,agrees,neutral,neutral,neutral,neutral,5,6,s4,,,,0.2,0.95,B,B,neither agrees nor disagrees,neither agrees nor disagrees
2085,2085,agrees,0.5,"The gap is widening between the steps taken by governments in response to the climate emergency, on the one hand, and the compelling scientific evidence and moral obligation to act, on the other.",agrees,agrees,neutral,disagrees,neutral,agrees,agrees,agrees,5,6,t0,0.0073171874224493,0.8949212552255366,0.097761557352014,1.0,0.95,A,A,agrees,agrees
2086,2086,agrees,0.75,You can save the climate with electric cars.,agrees,agrees,agrees,agrees,agrees,agrees,neutral,neutral,5,6,t1,0.0045500997905366,0.6812081229485989,0.3142417772608644,0.8,0.8,A,C,disagrees,agrees
2087,2087,agrees,0.625,We will continue to work with our global partners to enhance resilience to the impacts of climate change and prepare for and respond to natural disasters.,agrees,neutral,agrees,neutral,neutral,agrees,agrees,agrees,5,6,t10,0.0011232309658628,0.0010313174244763,0.9978454516096608,1.0,0.8,A,A,agrees,agrees
2088,2088,disagrees,-0.125,Spokespersons of the movement claims that billions of people are going to die from climate change have no basis whatsoever in scientific fact but are necessary to provoke the kind of response that is needed to cut back on greenhouse gas emissions.,disagrees,agrees,disagrees,agrees,neutral,agrees,disagrees,disagrees,5,6,t11,0.010788486635083,0.1151058266354577,0.8741056867294593,0.8,0.8,C,B,neither agrees nor disagrees,disagrees
2089,2089,agrees,0.375,"Warning that global warming, access to clean water and other environmental threats could push hundreds of millions around the world back into poverty.",disagrees,disagrees,agrees,agrees,neutral,agrees,agrees,agrees,5,6,t12,0.0054258359786789,0.0429529053495433,0.9516212586717776,0.9,0.95,A,A,agrees,agrees
2090,2090,disagrees,-0.75,"There is no statistical evidence that global warming is intensifying hurricanes, floods, droughts and suchlike natural disasters, or making them more frequent.",disagrees,agrees,disagrees,disagrees,disagrees,disagrees,disagrees,disagrees,5,6,t13,0.7047422050218874,0.0709242446053173,0.2243335503727952,0.9,0.9,C,C,disagrees,disagrees
2091,2091,disagrees,-0.625,Many efforts undertaken by climate activists have called for unnecessary or costly regulations.,disagrees,agrees,disagrees,disagrees,neutral,disagrees,disagrees,disagrees,5,6,t14,0.0019637643002106,0.0299548730665645,0.9680813626332248,0.8,0.8,B,C,disagrees,neither agrees nor disagrees
2092,2092,disagrees,-0.625,I don't think there is much need to address climate change because it is already a focal point across the rest of the media.,disagrees,disagrees,agrees,disagrees,neutral,disagrees,disagrees,disagrees,5,6,t15,0.0014346072618555,0.0113088828174149,0.9872565099207296,0.8,0.9,C,C,disagrees,disagrees
2093,2093,agrees,0.375,"The United States will join other nations in their fight against climate change at a United Nations-led press conference in Madrid, Spain.",agrees,disagrees,neutral,agrees,neutral,agrees,neutral,agrees,5,6,t16,0.0026095190737523,0.9952872275585382,0.0021032533677095,1.0,0.8,A,A,agrees,agrees
2094,2094,neutral,0.375,We're on the front line of what is happening with sea-level rise.,neutral,neutral,neutral,agrees,neutral,agrees,agrees,neutral,5,6,t17,0.0097232740831033,0.0822860175229496,0.907990708393947,0.9,0.8,A,A,agrees,agrees
2095,2095,neutral,0.0,A report on the threat of climate change based on more controversial data from the United Nations Intergovernmental Panel on Climate Change would doom the the U.S. economy while allowing the biggest polluters like China and India to continue polluting.,neutral,disagrees,neutral,disagrees,neutral,agrees,neutral,agrees,5,6,t18,0.0018891027318692,0.9833639927180996,0.0147469045500312,0.9,0.7,C,C,disagrees,disagrees
2096,2096,neutral,0.375,"Civil society has a renewed awareness of environmental issues and climate change like never before, despite the failure of COP2.",neutral,agrees,neutral,neutral,neutral,agrees,agrees,neutral,5,6,t19,0.9758201364228392,0.0174501212305696,0.0067297423465911,0.9,0.85,A,A,agrees,agrees
2097,2097,neutral,0.0,"A startling message on a 1,200-year-old granite slab created by the Vikings appears to predict climate change.",neutral,disagrees,neutral,agrees,neutral,neutral,neutral,neutral,5,6,t2,0.1430058107498382,0.8424858401408308,0.0145083491093306,0.9,0.8,B,A,agrees,neither agrees nor disagrees
2098,2098,neutral,-0.125,Some scientists counter that the possibility of global tipping remains highly speculative.,disagrees,neutral,neutral,agrees,neutral,neutral,disagrees,neutral,5,6,t20,0.9988824023099268,0.000562025485055,0.0005555722050181,0.75,0.8,B,B,neither agrees nor disagrees,neither agrees nor disagrees
2099,2099,agrees,0.375,The climate event is further evidence of manmade global warming.,neutral,disagrees,agrees,agrees,disagrees,agrees,agrees,agrees,5,6,t21,0.9958506829494967,0.0009548037445508,0.0031945133059522,1.0,0.9,A,A,agrees,agrees
2100,2100,agrees,0.75,"Environmental degradation, climate change and unsustainable development constitute some of the most pressing and serious threats to the ability of present and future generations to enjoy the right to life.",agrees,agrees,agrees,disagrees,agrees,agrees,agrees,agrees,5,6,t22,0.9665544210677248,0.0259172822161076,0.0075282967161673,1.0,0.95,A,A,agrees,agrees
2101,2101,agrees,1.0,Climate change is a global emergency.,agrees,agrees,agrees,agrees,agrees,agrees,agrees,agrees,5,6,t23,0.0075465590189411,0.6692696117544883,0.3231838292265706,1.0,1.0,A,A,agrees,agrees
2102,2102,neutral,0.375,Blackrock would place climate change at the center of its investment strategy.,neutral,agrees,neutral,agrees,neutral,agrees,neutral,neutral,5,6,t24,0.002952754978607,0.0914601516285902,0.9055870933928029,1.0,0.9,A,A,agrees,agrees
2103,2103,agrees,0.5,Man-made climate change is becoming impossible to deny.,agrees,disagrees,agrees,disagrees,agrees,agrees,agrees,agrees,5,6,t25,0.0128826313408596,0.1926841951527458,0.7944331735063944,1.0,0.95,A,A,agrees,agrees
2104,2104,agrees,0.625,"Global sea-level rise is one of the greatest challenges facing society in the 21st century, and understanding how this phenomenon impacts coastal systems, infrastructure and the people who use them requires a regular coastal presence.",agrees,neutral,neutral,agrees,agrees,agrees,agrees,neutral,5,6,t26,0.0027545602227923,0.0799923053632767,0.9172531344139307,1.0,0.9,A,A,agrees,agrees
2105,2105,neutral,0.125,Temperatures are forecast to be more than 20 degrees below normal for large portions of the Midwest.,neutral,agrees,neutral,disagrees,neutral,agrees,neutral,neutral,5,6,t27,0.3221689167655539,0.0050939161761406,0.6727371670583054,0.95,0.9,B,B,neither agrees nor disagrees,neither agrees nor disagrees
2106,2106,neutral,-0.125,A teenager had to speak out against purported global warming.,neutral,agrees,neutral,neutral,neutral,disagrees,neutral,disagrees,5,6,t28,0.0222239081296426,0.8746257984278931,0.1031502934424642,0.8,0.8,B,A,agrees,neither agrees nor disagrees
2107,2107,neutral,0.0,"You could have two people in the same room who agree about the details of climate change investing, but then they start fighting over the nuance.",neutral,neutral,neutral,disagrees,neutral,agrees,neutral,neutral,5,6,t29,0.0021323299189404,0.9966351523987774,0.0012325176822819,0.2,0.9,B,B,neither agrees nor disagrees,neither agrees nor disagrees
2108,2108,neutral,0.0,New Ice Age coming fast.,agrees,disagrees,neutral,disagrees,agrees,neutral,neutral,neutral,5,6,t3,0.0008052044177181,0.9982471259308168,0.0009476696514652,0.9,0.9,C,C,disagrees,disagrees
2109,2109,disagrees,-0.25,The issue is more about globalization than saving the planet.,disagrees,neutral,disagrees,agrees,neutral,agrees,disagrees,disagrees,5,6,t30,0.0015981651969082,0.015807504218639,0.9825943305844528,0.9,0.8,C,C,disagrees,disagrees
2110,2110,neutral,0.25,Thunberg priority is drawing attention and action to concerns about global warming.,neutral,agrees,neutral,disagrees,neutral,agrees,agrees,neutral,5,6,t31,0.0036250527282637,0.9949852148377306,0.0013897324340056,1.0,0.9,A,A,agrees,agrees
2111,2111,neutral,0.25,"As climate change continues to affect our economy, it is critical to understand your bank 's adaptation and mitigation strategies.",neutral,agrees,neutral,disagrees,agrees,agrees,neutral,neutral,5,6,t32,0.0046385373359698,0.5991614672270276,0.3961999954370026,1.0,0.9,A,A,agrees,agrees
2112,2112,neutral,0.125,"A mini-ice age may have occurred roughly 12,800 years ago.",neutral,neutral,neutral,agrees,neutral,neutral,neutral,neutral,5,6,t33,0.0033436091356258,0.0108788102617284,0.9857775806026458,0.2,0.9,B,B,neither agrees nor disagrees,neither agrees nor disagrees
2113,2113,disagrees,-0.625,The crusader mentality of climate researchers leads them away from the factual debate and empirical accounting of sound science.,disagrees,agrees,neutral,disagrees,disagrees,disagrees,disagrees,disagrees,5,6,t34,0.2536068548195096,0.0036912397405055,0.7427019054399848,0.9,0.9,C,C,disagrees,disagrees
2114,2114,neutral,0.5,These are hard-won results from the efforts of promoting a green and low carbon economy.,agrees,agrees,neutral,agrees,neutral,agrees,neutral,neutral,5,6,t35,0.0029950934347476,0.0075077228269784,0.989497183738274,0.9,0.8,A,A,agrees,agrees
2115,2115,disagrees,-0.625,"Climate changes all the time, although he sensibly questions the degree to which it is caused by human activity.",disagrees,agrees,disagrees,disagrees,neutral,disagrees,disagrees,disagrees,5,6,t36,0.9770370474812148,0.0141995009082419,0.0087634516105432,0.8,0.8,B,B,neither agrees nor disagrees,neither agrees nor disagrees
2116,2116,agrees,0.5,Climate change could cost the United States 10.5 percent in real income by 2100.,agrees,neutral,neutral,agrees,neutral,agrees,neutral,agrees,5,6,t37,0.006838380937281,0.0902351963204224,0.9029264227422966,0.9,0.9,A,A,agrees,agrees
2117,2117,neutral,0.25,Bold action on protecting the climate could generate over $26 trillion in benefits through 2030.,neutral,neutral,neutral,disagrees,agrees,neutral,agrees,agrees,5,6,t38,0.0046677135391027,0.0313781259776368,0.9639541604832604,0.9,0.9,A,A,agrees,agrees
2118,2118,neutral,0.5,"But even as polls indicate a growing acceptance of the reality of global warming, many people are still not motivated enough to act.",neutral,agrees,neutral,agrees,agrees,neutral,agrees,neutral,5,6,t39,0.0006061251622577,0.0009195018962435,0.9984743729414988,0.9,0.8,A,A,agrees,agrees
2119,2119,neutral,0.125,There are warming trends.,neutral,neutral,neutral,disagrees,agrees,neutral,agrees,neutral,5,6,t4,0.9711619572643516,0.0018278372152705,0.0270102055203777,0.9,0.8,B,A,agrees,neither agrees nor disagrees
2120,2120,disagrees,-0.375,The link between climate change and conflict is still quite tenuous at this point.,disagrees,agrees,disagrees,disagrees,neutral,agrees,disagrees,disagrees,5,6,t40,0.0038484690993069,0.2173661710535597,0.7787853598471333,0.5,0.8,B,B,neither agrees nor disagrees,neither agrees nor disagrees
2121,2121,disagrees,0.0,Mitch McConnell and the Republican Party are going to boldly confront climate change and create millions of jobs in the process.,disagrees,disagrees,neutral,agrees,neutral,agrees,disagrees,agrees,5,6,t41,0.9958948982827124,0.0009172334105563,0.0031878683067312,1.0,0.8,A,C,disagrees,agrees
2122,2122,agrees,1.0,Climate change is an absolute first-order issue.,agrees,agrees,agrees,agrees,agrees,agrees,agrees,agrees,5,6,t42,0.0045056106907398,0.658305066836574,0.3371893224726862,1.0,1.0,A,A,agrees,agrees
2123,2123,agrees,0.125,Catastrophic climate change is inevitable.,disagrees,disagrees,agrees,disagrees,neutral,agrees,agrees,agrees,5,6,t43,0.0099862723453733,0.3651517578331411,0.6248619698214856,1.0,1.0,A,A,agrees,agrees
2124,2124,disagrees,-0.375,The Paris climate agreement harms the U.S. economy and would hurt American jobs if left to stand.,disagrees,disagrees,disagrees,neutral,disagrees,agrees,neutral,neutral,5,6,t44,0.0028062248409853,0.0701324244369723,0.9270613507220424,1.0,0.7,C,C,disagrees,disagrees
2125,2125,neutral,0.625,Tweaking a cow's diet to include 2 percent seaweed could reduce its methane emissions by as much as 99 percent.,agrees,agrees,neutral,agrees,neutral,agrees,agrees,neutral,5,6,t45,0.9837347006581956,0.0105870949702454,0.0056782043715589,1.0,0.8,B,A,agrees,neither agrees nor disagrees
2126,2126,neutral,-0.125,"Greta Thunberg, the child climate activist being exploited by the media and the political left at the moment.",neutral,agrees,neutral,disagrees,disagrees,disagrees,agrees,neutral,5,6,t46,0.5289480433548875,0.3144887167405916,0.1565632399045208,1.0,0.8,C,C,disagrees,disagrees
2127,2127,neutral,0.125,But the optics of the protest are clear: climate alarmists insist that the Earth only has 12 years left.,agrees,disagrees,neutral,disagrees,neutral,agrees,agrees,neutral,5,6,t47,0.0007552254718425,0.9983223540467272,0.0009224204814302,0.9,0.8,C,C,disagrees,disagrees
2128,2128,agrees,1.0,It is encouraging to see countries working together in the spirit of multilateralism to address climate change.,agrees,agrees,agrees,agrees,agrees,agrees,agrees,agrees,5,6,t48,0.1900511263760146,0.7944948167638252,0.0154540568601602,0.9,0.9,A,A,agrees,agrees
2129,2129,agrees,0.375,Climate change just compounds the crisis.,agrees,disagrees,agrees,agrees,neutral,agrees,disagrees,agrees,5,6,t49,0.6203271420004167,0.0227613984183482,0.356911459581235,1.0,0.9,A,A,agrees,agrees
2130,2130,disagrees,-0.125,Climate alarmists necessarily demonize American patriots.,disagrees,agrees,agrees,disagrees,neutral,neutral,neutral,disagrees,5,6,t5,0.0047328858646879,0.510308820354436,0.4849582937808761,0.9,0.9,C,C,disagrees,disagrees
2131,2131,neutral,0.375,Teenage climate activist Greta Thunberg is TIME's 2019 Person of the Year.,neutral,agrees,neutral,agrees,neutral,neutral,agrees,neutral,5,6,t6,0.0991552606061446,0.0421088751894778,0.8587358642043775,1.0,0.8,B,A,agrees,neither agrees nor disagrees
2132,2132,neutral,0.25,Long-term growth and climate action are inextricably linked.,neutral,neutral,neutral,agrees,neutral,agrees,neutral,neutral,5,6,t7,0.0150651474866343,0.456998301612717,0.5279365509006486,0.9,0.9,A,A,agrees,agrees
2133,2133,agrees,0.625,We have less than 11 years left to transform our energy system away from fossil fuels to energy efficiency and sustainable energy if we are going to leave this planet healthy and habitable for ourselves...,agrees,neutral,agrees,disagrees,agrees,agrees,agrees,agrees,5,6,t8,0.0007762443925114,0.998285949205769,0.0009378064017196,1.0,0.95,A,A,agrees,agrees
2134,2134,neutral,0.0,Young climate activists `are being criticized all the time' in comments like those from U.S. Treasury chief Steven Mnuchin.,neutral,disagrees,neutral,disagrees,neutral,agrees,agrees,neutral,5,6,t9,0.0550628013597396,0.9329600953113668,0.0119771033288936,0.8,0.9,B,A,agrees,neither agrees nor disagrees
2135,2135,disagrees,-0.5,Global warming is a hoax.,disagrees,agrees,disagrees,agrees,disagrees,disagrees,disagrees,disagrees,5,7,s0,,,,1.0,1.0,C,C,disagrees,disagrees
2136,2136,agrees,0.875,Alarming levels of sea level rise are predicted to threaten Florida over the next decades.,agrees,agrees,agrees,agrees,agrees,agrees,neutral,agrees,5,7,s1,,,,1.0,0.95,A,A,agrees,agrees
2137,2137,neutral,-0.125,"Over the past several years, the United States has seen an increase in business growth that has counteracted the lingering effects of the recession.",neutral,disagrees,neutral,disagrees,neutral,neutral,neutral,agrees,5,7,s2,,,,0.0,0.95,B,B,neither agrees nor disagrees,neither agrees nor disagrees
2138,2138,agrees,0.875,Global warming is happening and it will be dangerous to human health and welfare.,agrees,agrees,agrees,neutral,agrees,agrees,agrees,agrees,5,7,s3,,,,1.0,1.0,A,A,agrees,agrees
2139,2139,neutral,0.25,Some icebergs are cute.,neutral,agrees,agrees,neutral,neutral,neutral,neutral,neutral,5,7,s4,,,,0.2,1.0,B,B,neither agrees nor disagrees,neither agrees nor disagrees
2140,2140,agrees,0.625,"We need a strong, progressive government that will unite Canadians and fight climate change--not a progressive opposition.",agrees,neutral,agrees,neutral,neutral,agrees,agrees,agrees,5,7,t0,0.0028930500611197,0.972990028031534,0.0241169219073462,1.0,0.9,A,A,agrees,agrees
2141,2141,agrees,0.75,Coal would have to be phased out even before the Paris Agreement to combat climate change.,agrees,agrees,agrees,disagrees,agrees,agrees,agrees,agrees,5,7,t1,0.0011703838416105,0.9979760646260089,0.0008535515323805,1.0,0.9,A,A,agrees,agrees
2142,2142,disagrees,-0.125,This is one of the key goals of climate alarmist policy.,disagrees,agrees,agrees,disagrees,neutral,disagrees,disagrees,agrees,5,7,t10,0.0111125148259351,0.9275279059002304,0.0613595792738343,1.0,0.8,C,C,disagrees,disagrees
2143,2143,agrees,0.125,The next five years are make or break for the climate and nature emergencies.,agrees,neutral,neutral,disagrees,neutral,agrees,neutral,neutral,5,7,t11,0.9985274222306438,0.000904186828958,0.0005683909403981,1.0,0.9,A,A,agrees,agrees
2144,2144,neutral,0.25,Greta Thunberg should study economics.,neutral,agrees,agrees,agrees,neutral,disagrees,neutral,neutral,5,7,t12,0.0024330520222414,0.0146076647659881,0.9829592832117702,0.2,0.9,B,B,neither agrees nor disagrees,neither agrees nor disagrees
2145,2145,agrees,0.875,"In California, however, which is already being ravaged by the heat and drought of climate change.",agrees,agrees,agrees,agrees,agrees,agrees,agrees,neutral,5,7,t13,0.0012126200987143,0.9979423874181244,0.0008449924831613,1.0,0.95,A,A,agrees,agrees
2146,2146,disagrees,-0.125,"My climate angst is an extension of my melancholic leanings, which struck me as plausible, but not quite right.",disagrees,agrees,disagrees,neutral,neutral,agrees,neutral,disagrees,5,7,t14,0.006257405730393,0.5739137281077221,0.4198288661618849,0.75,0.8,B,B,neither agrees nor disagrees,neither agrees nor disagrees
2147,2147,neutral,0.375,Tuesday morning's frigid temperature of 8 degrees set the record for the coldest temperature this early in the season.,neutral,agrees,agrees,agrees,neutral,neutral,neutral,neutral,5,7,t15,0.0162445779018426,0.2610788963244235,0.7226765257737339,0.0,0.95,B,B,neither agrees nor disagrees,neither agrees nor disagrees
2148,2148,neutral,0.25,Companies would aim to lower their emissions of planet-warming gases to net zero by 2050 or earlier.,neutral,agrees,neutral,agrees,neutral,neutral,neutral,neutral,5,7,t16,0.9920696114743656,0.0018941046896116,0.0060362838360227,1.0,0.9,A,A,agrees,agrees
2149,2149,disagrees,-0.25,The climate is always changing in accordance with natural causes and recent changes.,disagrees,agrees,neutral,disagrees,neutral,disagrees,disagrees,agrees,5,7,t17,0.0182153016664754,0.10495923079401,0.8768254675395145,0.9,0.8,C,C,disagrees,disagrees
2150,2150,neutral,0.0,There's no one way to talk to people about climate change.,neutral,agrees,agrees,disagrees,neutral,neutral,neutral,disagrees,5,7,t18,0.957441570734872,0.0199693299131548,0.0225890993519731,1.0,0.9,B,B,neither agrees nor disagrees,neither agrees nor disagrees
2151,2151,agrees,0.375,"There are many links between climate change and mental health, including the loss of property and the loss of livelihoods but stopped short of quantifying the impact.",agrees,agrees,disagrees,agrees,neutral,agrees,neutral,neutral,5,7,t19,0.0074928754849298,0.5395308506595847,0.4529762738554855,0.85,0.8,A,B,neither agrees nor disagrees,agrees
2152,2152,agrees,0.375,Democrats and Republicans are not acting more quickly to curb climate change.,neutral,agrees,disagrees,disagrees,agrees,agrees,agrees,agrees,5,7,t2,0.1784372803907553,0.0138164647574433,0.8077462548518014,1.0,0.7,A,B,neither agrees nor disagrees,agrees
2153,2153,neutral,0.125,Efforts to decrease carbon emissions should focus on industry.,agrees,disagrees,agrees,agrees,neutral,neutral,neutral,disagrees,5,7,t20,0.0016253134628448,0.994509208604787,0.0038654779323681,0.7,0.8,B,A,agrees,neither agrees nor disagrees
2154,2154,agrees,0.625,Harvard climate action plan explicitly recognizes what the science has made clear.,agrees,agrees,agrees,disagrees,neutral,agrees,agrees,agrees,5,7,t21,0.3963664050942754,0.2446795224470504,0.3589540724586741,0.9,0.9,A,A,agrees,agrees
2155,2155,disagrees,0.0,Ancient temperatures should have been relatively high around the time of the crisis.,disagrees,agrees,agrees,neutral,neutral,disagrees,neutral,neutral,5,7,t22,0.0016946655295192,0.0043865931380059,0.9939187413324748,0.8,0.9,B,C,disagrees,neither agrees nor disagrees
2156,2156,neutral,0.375,Climate change drove some Neanderthals to cannibalism.,neutral,agrees,neutral,agrees,neutral,neutral,neutral,agrees,5,7,t23,0.001139358566972,0.0014208628298239,0.997439778603204,1.0,0.8,B,B,neither agrees nor disagrees,neither agrees nor disagrees
2157,2157,disagrees,0.125,The Earth to periodically cycle in and out of ice ages.,disagrees,agrees,agrees,agrees,neutral,disagrees,neutral,neutral,5,7,t24,0.9556983283056724,0.010689276955976,0.0336123947383516,0.2,0.9,B,B,neither agrees nor disagrees,neither agrees nor disagrees
2158,2158,neutral,0.25,The city's plans had put it on a path to carbon neutrality .,neutral,agrees,neutral,agrees,neutral,neutral,neutral,neutral,5,7,t25,0.0100922809218654,0.0059387516664946,0.98396896741164,1.0,0.8,A,A,agrees,agrees
2159,2159,neutral,0.25,Exxon Mobil had engaged in fraud through its statements about how it accounted for the costs of climate change regulation.,agrees,agrees,neutral,agrees,neutral,neutral,neutral,disagrees,5,7,t26,0.0158362178756539,0.6170345963428345,0.3671291857815116,1.0,0.8,B,A,agrees,neither agrees nor disagrees
2160,2160,neutral,0.0,Siemens to quit the mine project because emissions from coal-fired power plants contribute to global warming.,neutral,agrees,disagrees,agrees,neutral,neutral,neutral,disagrees,5,7,t27,0.0254603837398041,0.158560602422631,0.8159790138375648,1.0,0.95,A,A,agrees,agrees
2161,2161,agrees,0.625,Climate change has changed the atmosphere itself.,agrees,disagrees,agrees,neutral,agrees,agrees,agrees,agrees,5,7,t28,0.0030676440742512,0.9774376906744618,0.0194946652512869,0.9,0.8,A,A,agrees,agrees
2162,2162,agrees,0.875,We can't afford to wait until everyone is feeling the pain of the climate emergency before we do something about it.,agrees,agrees,neutral,agrees,agrees,agrees,agrees,agrees,5,7,t29,0.6418329807929952,0.0146324420384587,0.3435345771685462,1.0,0.95,A,A,agrees,agrees
2163,2163,disagrees,-0.5,The Climate Delusion is not based on sound science or economics.,disagrees,agrees,disagrees,agrees,disagrees,disagrees,disagrees,disagrees,5,7,t3,0.0019752858425681,0.0072060721207003,0.9908186420367314,1.0,0.9,C,C,disagrees,disagrees
2164,2164,agrees,0.625,"Over the next few decades, climate change will affect every part of American life: our health, our economy, our national security, even our geography.",agrees,disagrees,agrees,agrees,neutral,agrees,agrees,agrees,5,7,t30,0.6434129144211239,0.0156757393293934,0.3409113462494825,1.0,0.9,A,A,agrees,agrees
2165,2165,neutral,-0.25,"I hadn't really thought about the connections between migration, immigration and climate because the common narratives hadn't made climate appear relevant to black and brown people at all.",disagrees,agrees,disagrees,neutral,neutral,neutral,neutral,disagrees,5,7,t31,0.0011118217829859,0.0014375864482015,0.9974505917688126,0.8,0.9,B,B,neither agrees nor disagrees,neither agrees nor disagrees
2166,2166,disagrees,0.0,Global temperatures are much lower around the time of the extinction than they should have been if volcanoes are expelling large amounts of carbon dioxide.,disagrees,agrees,agrees,agrees,neutral,disagrees,neutral,disagrees,5,7,t32,0.0181444793138323,0.1155151324914092,0.8663403881947584,0.85,0.9,B,B,neither agrees nor disagrees,neither agrees nor disagrees
2167,2167,neutral,0.375,36% of Europeans already flew less for holidays to help prevent climate change and 75 % intended to do so in 2020.,neutral,agrees,neutral,agrees,neutral,neutral,neutral,agrees,5,7,t33,0.01610368881189,0.0031952283774678,0.9807010828106422,0.9,0.9,A,A,agrees,agrees
2168,2168,disagrees,-0.375,Those of us not members of the climate hysteria cult want everyone to feel bad about it.,disagrees,disagrees,neutral,agrees,neutral,disagrees,disagrees,neutral,5,7,t34,0.0014515932466774,0.997526490284502,0.0010219164688205,0.9,0.9,C,C,disagrees,disagrees
2169,2169,agrees,0.75,"We must nominate a candidate who will deploy clean energy and cut carbon pollution on the ambitious scale required, even if it means deferring other worthy goals.",agrees,agrees,agrees,agrees,neutral,neutral,agrees,agrees,5,7,t35,0.0012907832548942,0.9965621495703508,0.002147067174755,1.0,0.95,A,A,agrees,agrees
2170,2170,agrees,0.75,What will you tell your children is the reason to fail and leave them facing a climate chaos that you knowingly brought upon them.,agrees,neutral,agrees,neutral,agrees,agrees,agrees,agrees,5,7,t36,0.0033341430925853,0.9775892421012669,0.0190766148061478,1.0,0.95,A,A,agrees,agrees
2171,2171,agrees,0.375,Australia could become so hot and dry that its residents could join the ranks of the world's climate refugees.,agrees,disagrees,neutral,disagrees,agrees,agrees,agrees,agrees,5,7,t37,0.2467474440421181,0.0056953934066705,0.7475571625512114,0.9,0.9,A,A,agrees,agrees
2172,2172,agrees,0.5,Climate change will continue to affect all types of weather phenomena and subsequently impact increasingly urbanized areas.,agrees,neutral,agrees,disagrees,agrees,agrees,neutral,agrees,5,7,t38,0.7596029434023742,0.0142629699692412,0.2261340866283846,0.9,0.9,A,A,agrees,agrees
2173,2173,disagrees,0.125,The latest climate hysteria headlines earlier this week.,neutral,agrees,neutral,agrees,neutral,disagrees,disagrees,agrees,5,7,t39,0.0018971922509106,0.0071148808605457,0.9909879268885436,0.8,0.9,C,B,neither agrees nor disagrees,disagrees
2174,2174,neutral,0.375,The politics of climate in Australia resist even the severe pressure that comes from natural disaster.,neutral,agrees,agrees,neutral,neutral,neutral,neutral,agrees,5,7,t4,0.9412058980084922,0.0031972970410807,0.0555968049504269,0.8,0.8,B,A,agrees,neither agrees nor disagrees
2175,2175,disagrees,-0.125,The bad news is that growing climate awareness is mainly taking place among Democrats.,agrees,agrees,disagrees,disagrees,neutral,disagrees,neutral,neutral,5,7,t40,0.0060023294239705,0.7059619188547828,0.2880357517212467,0.5,0.8,B,B,neither agrees nor disagrees,neither agrees nor disagrees
2176,2176,neutral,0.375,Carbon emissions might have an impact on the climate.,neutral,agrees,neutral,agrees,neutral,neutral,neutral,agrees,5,7,t41,0.0010690177592982,0.9976603160481272,0.0012706661925746,0.8,0.8,B,A,agrees,neither agrees nor disagrees
2177,2177,agrees,0.375,The money inside the vaults of banks like Chase is driving the climate crisis.,disagrees,agrees,agrees,disagrees,neutral,agrees,agrees,agrees,5,7,t42,0.0023054315481885,0.9951954209545814,0.0024991474972302,0.8,0.9,A,C,disagrees,agrees
2178,2178,agrees,0.5,"We are collectively experiencing climate trauma, of which we are both perpetrators and victims.",agrees,agrees,neutral,disagrees,neutral,agrees,agrees,agrees,5,7,t43,0.0044947289167141,0.9330563954638588,0.0624488756194268,0.9,0.9,A,A,agrees,agrees
2179,2179,agrees,0.875,"In 12 years (11 now), we fall off the cliff of climate catastrophe and face the end of humanity.",agrees,agrees,agrees,neutral,agrees,agrees,agrees,agrees,5,7,t44,0.6833664183479171,0.0235650443914466,0.2930685372606363,1.0,0.95,A,A,agrees,agrees
2180,2180,disagrees,-0.25,Climate change is a huge confidence trick.,disagrees,agrees,agrees,agrees,disagrees,disagrees,disagrees,disagrees,5,7,t45,0.3663964540740598,0.1713545865446902,0.4622489593812499,0.9,1.0,C,C,disagrees,disagrees
2181,2181,disagrees,0.0,"Future warming will be benign, supporting his position with convincing data.",disagrees,agrees,agrees,agrees,disagrees,disagrees,neutral,neutral,5,7,t46,0.0018906108481853,0.0072291051022062,0.9908802840496084,0.9,0.9,C,C,disagrees,disagrees
2182,2182,disagrees,0.0,The media to silence all voices opposing their climate alarmism.,disagrees,agrees,neutral,agrees,neutral,disagrees,disagrees,agrees,5,7,t47,0.1438559802910629,0.8151395225083733,0.0410044972005638,0.9,0.9,C,C,disagrees,disagrees
2183,2183,disagrees,-0.375,USCRN temperature stations show no warming since 2005 when the network went online.,disagrees,agrees,neutral,neutral,disagrees,disagrees,disagrees,neutral,5,7,t48,0.0038003953006359,0.9625217186794054,0.0336778860199587,0.8,0.9,C,C,disagrees,disagrees
2184,2184,agrees,0.5,Those conditions are `fully consistent' with the extremes expected in the era of global warming.,agrees,agrees,agrees,disagrees,neutral,agrees,neutral,agrees,5,7,t49,0.0010222748450784,0.9980509047701692,0.0009268203847523,1.0,0.9,A,A,agrees,agrees
2185,2185,agrees,0.75,Universities are the bastions of wisdom and knowledge that are urgently needed to combat the climate crisis.,agrees,agrees,agrees,disagrees,agrees,agrees,agrees,agrees,5,7,t5,0.9965039156631298,0.0027129891973346,0.0007830951395356,1.0,0.95,A,A,agrees,agrees
2186,2186,agrees,0.625,Now we feel like the E.P.A. is being run by the fossil fuel industry.,agrees,agrees,agrees,agrees,neutral,neutral,agrees,neutral,5,7,t6,0.8838003231583753,0.0114215165363712,0.1047781603052534,0.9,0.8,A,A,agrees,agrees
2187,2187,neutral,0.125,The business community is increasingly not trying to lobby against decarbonization and solving the climate crisis.,neutral,agrees,disagrees,disagrees,neutral,agrees,neutral,agrees,5,7,t7,0.9528183617408368,0.0126785247714028,0.0345031134877605,1.0,0.9,A,A,agrees,agrees
2188,2188,disagrees,-0.25,Swedish climate activist Greta Thunberg is in no position to give economic advice until she's gone to college and come out with an economics degree.,disagrees,agrees,neutral,agrees,disagrees,disagrees,disagrees,neutral,5,7,t8,0.9914985795085978,0.0017367886726347,0.0067646318187674,1.0,0.9,B,C,disagrees,neither agrees nor disagrees
2189,2189,neutral,0.125,"She would be willing to spend vast sums of money on climate solutions, pointing to the allegedly staggering costs of climate change.",agrees,neutral,neutral,agrees,neutral,neutral,neutral,disagrees,5,7,t9,0.0066771161452647,0.763588176717548,0.2297347071371873,0.9,0.9,A,A,agrees,agrees
2190,2190,disagrees,-1.0,Global warming is a hoax.,disagrees,disagrees,disagrees,disagrees,disagrees,disagrees,disagrees,disagrees,5,8,s0,,,,1.0,1.0,C,C,disagrees,disagrees
2191,2191,agrees,0.875,Alarming levels of sea level rise are predicted to threaten Florida over the next decades.,agrees,neutral,agrees,agrees,agrees,agrees,agrees,agrees,5,8,s1,,,,1.0,0.95,A,A,agrees,agrees
2192,2192,neutral,-0.125,"Over the past several years, the United States has seen an increase in business growth that has counteracted the lingering effects of the recession.",neutral,disagrees,neutral,neutral,neutral,neutral,neutral,neutral,5,8,s2,,,,0.0,1.0,B,B,neither agrees nor disagrees,neither agrees nor disagrees
2193,2193,agrees,1.0,Global warming is happening and it will be dangerous to human health and welfare.,agrees,agrees,agrees,agrees,agrees,agrees,agrees,agrees,5,8,s3,,,,1.0,0.95,A,A,agrees,agrees
2194,2194,neutral,0.125,Some icebergs are cute.,neutral,agrees,neutral,neutral,neutral,neutral,neutral,neutral,5,8,s4,,,,0.2,0.95,B,B,neither agrees nor disagrees,neither agrees nor disagrees
2195,2195,disagrees,-0.25,The several previous warming periods (called climate optima) directly correlated to fantastic periods of human prosperity and advances.,neutral,agrees,neutral,disagrees,neutral,disagrees,disagrees,neutral,5,8,t0,0.5710559383110182,0.0067106533207039,0.4222334083682778,0.8,0.8,C,C,disagrees,disagrees
2196,2196,agrees,0.375,Living like climate change is real and that we can do something about it are signals to others.,neutral,disagrees,agrees,neutral,agrees,agrees,agrees,neutral,5,8,t1,0.0057129044280908,0.695518133031218,0.2987689625406912,1.0,0.9,A,A,agrees,agrees
2197,2197,neutral,0.0,Electric cars are going to save the planet from climate change or something.,neutral,agrees,agrees,disagrees,neutral,disagrees,neutral,neutral,5,8,t10,0.0031980058413934,0.0245597808142938,0.9722422133443128,0.5,0.8,A,B,neither agrees nor disagrees,agrees
2198,2198,agrees,1.0,"Our climate crisis, however, will not be defeated anywhere near as easily.",agrees,agrees,agrees,agrees,agrees,agrees,agrees,agrees,5,8,t11,0.2432038106228977,0.0046348654218561,0.7521613239552459,0.9,0.95,A,A,agrees,agrees
2199,2199,agrees,0.625,We can't solve the problem when we have elected officials who are paid by the fossil fuel industry.,agrees,agrees,neutral,neutral,agrees,neutral,agrees,agrees,5,8,t12,0.0008832067982548,0.997914344096326,0.0012024491054192,0.9,0.9,A,A,agrees,agrees
2200,2200,agrees,0.625,I really struggle sometimes with the idea of how to be a policymaker and potentially have a family in the time of climate change.,agrees,agrees,agrees,neutral,neutral,agrees,agrees,neutral,5,8,t13,0.0034624135032107,0.8743526939571983,0.1221848925395908,0.8,0.8,A,A,agrees,agrees
2201,2201,disagrees,-0.375,The climate alarmist message will still resonate through the 2020 Democratic race.,disagrees,agrees,disagrees,neutral,neutral,disagrees,neutral,disagrees,5,8,t14,0.9981802323231562,0.0009202818320581,0.0008994858447856,0.8,0.8,C,A,agrees,disagrees
2202,2202,disagrees,-0.875,"After all, climate alarmists have notoriously failed to predict future temperatures.",disagrees,neutral,disagrees,disagrees,disagrees,disagrees,disagrees,disagrees,5,8,t15,0.0043079169362815,0.2883223026903668,0.7073697803733515,0.8,0.9,C,C,disagrees,disagrees
2203,2203,disagrees,-0.375,Lewis recruited over 200 members of APS to oppose the new APS policy that fully supports the global warming fraud.,disagrees,agrees,neutral,neutral,disagrees,disagrees,disagrees,neutral,5,8,t16,0.998153095011065,0.0011758063516103,0.0006710986373245,1.0,0.9,C,C,disagrees,disagrees
2204,2204,agrees,0.5,But reducing greenhouse gas emissions to fight climate change will require drastic measures.,neutral,neutral,neutral,agrees,neutral,agrees,agrees,agrees,5,8,t17,0.0038141768536526,0.9393423218517328,0.0568435012946145,0.9,0.1,B,A,agrees,neither agrees nor disagrees
2205,2205,neutral,-0.5,Fossil fuel companies had been unfairly targeted by the law.,disagrees,disagrees,neutral,neutral,disagrees,neutral,neutral,disagrees,5,8,t18,0.2984213048864325,0.0376320358727072,0.6639466592408602,0.1,0.3,C,C,disagrees,disagrees
2206,2206,neutral,0.0,"The post-ice age warming is interrupted by a sudden cooling that began around 12,000 years ago and ended abruptly 1,300 years later.",neutral,neutral,neutral,neutral,neutral,neutral,neutral,neutral,5,8,t19,0.0007559539562981,0.9984801482077992,0.0007638978359026,1.0,0.95,B,B,neither agrees nor disagrees,neither agrees nor disagrees
2207,2207,neutral,0.0,"Italy public schools would soon require students in every grade to study climate change and sustainability, a step he said would put Italy at the forefront of environmental education worldwide.",agrees,disagrees,neutral,neutral,neutral,neutral,neutral,neutral,5,8,t2,0.0043217137427581,0.6966134460604931,0.2990648401967487,1.0,0.9,A,A,agrees,agrees
2208,2208,agrees,0.875,"Because climate change perceptions in children seem less susceptible to the influence of worldview or political context, it may be possible for them to inspire adults toward higher levels of climate concern, and in turn, collective action.",agrees,agrees,agrees,neutral,agrees,agrees,agrees,agrees,5,8,t20,0.0044736490374055,0.6224634141735469,0.3730629367890474,0.9,0.9,A,A,agrees,agrees
2209,2209,agrees,0.75,Climate disruption is underway.,neutral,agrees,neutral,agrees,agrees,agrees,agrees,agrees,5,8,t21,0.5863383771707068,0.0063278669719377,0.4073337558573557,1.0,0.9,A,A,agrees,agrees
2210,2210,disagrees,-0.5,"Recent fires are partly a product of conditions already endemic to California, and wind patterns that have little to do with climate change.",disagrees,neutral,disagrees,neutral,neutral,disagrees,disagrees,neutral,5,8,t22,0.9982096360926734,0.0009025767560692,0.0008877871512574,0.8,0.8,B,C,disagrees,neither agrees nor disagrees
2211,2211,neutral,0.125,"Michael Oppenheimer, a professor of geoscience and international affairs at Princeton University is disappointed that Mr. Sanders no longer supported a carbon tax, a position he embraced in 2010.",agrees,disagrees,neutral,neutral,neutral,neutral,neutral,agrees,5,8,t23,0.7734482066603765,0.0057028770875682,0.2208489162520551,0.9,0.7,A,C,disagrees,agrees
2212,2212,agrees,0.75,"Gradual loss of these largely pristine, intact forests has a much greater climate impact than previously accounted for.",agrees,neutral,neutral,agrees,agrees,agrees,agrees,agrees,5,8,t24,0.0040646186352319,0.7521994647545805,0.2437359166101874,0.9,0.9,A,A,agrees,agrees
2213,2213,agrees,0.5,Almost all climate scientists think global warming is happening.,neutral,disagrees,neutral,agrees,agrees,agrees,agrees,agrees,5,8,t25,0.4305546992017092,0.005032639337335,0.5644126614609558,1.0,0.9,A,A,agrees,agrees
2214,2214,agrees,0.625,The U.S. has 10 years left to act on climate change.,agrees,disagrees,neutral,agrees,agrees,agrees,agrees,agrees,5,8,t26,0.0009917457238004,0.0012626824582117,0.9977455718179878,1.0,0.9,A,A,agrees,agrees
2215,2215,neutral,-0.125,"224 of the 386 ""climate change contrarians"" quoted by the media have at least one publication in peer-reviewed scientific journals.",neutral,neutral,neutral,disagrees,neutral,neutral,disagrees,agrees,5,8,t27,0.002325663051269,0.9676540290840558,0.030020307864675,0.75,0.8,B,B,neither agrees nor disagrees,neither agrees nor disagrees
2216,2216,disagrees,-0.625,Publishing papers on climate change in academic literature based on flawed methods is a formula.,neutral,disagrees,neutral,neutral,disagrees,disagrees,disagrees,disagrees,5,8,t28,0.0026965094516617,0.9394815228876204,0.0578219676607178,0.2,0.8,B,B,neither agrees nor disagrees,neither agrees nor disagrees
2217,2217,agrees,0.375,"If you have an immediate threat to your life due to climate change, due to the climate emergency, and if you cross the border and go to another country, you should not be sent back, because you would be at risk of your life, just like in a war or in a situation of persecution, ""Grandi said.",agrees,disagrees,agrees,neutral,neutral,agrees,neutral,agrees,5,8,t29,0.6513677021961418,0.0047938339380608,0.3438384638657973,1.0,0.9,A,A,agrees,agrees
2218,2218,neutral,-0.25,No one denies that the climate changes.,neutral,neutral,neutral,neutral,neutral,disagrees,neutral,disagrees,5,8,t3,0.0048834319303811,0.1384457493321196,0.8566708187374992,0.8,0.8,B,B,neither agrees nor disagrees,neither agrees nor disagrees
2219,2219,neutral,0.25,"Our economy is vitally dependent on fossil fuels, and yet our landscape is relatively exposed to climate change.",agrees,disagrees,neutral,agrees,neutral,neutral,neutral,agrees,5,8,t30,0.0016915608237542,0.9865039075908172,0.0118045315854287,0.8,0.8,A,A,agrees,agrees
2220,2220,disagrees,-0.625,Natural causes explain climate change.,neutral,disagrees,neutral,disagrees,neutral,disagrees,disagrees,disagrees,5,8,t31,0.0037927052379888,0.9360885941443506,0.0601187006176604,0.9,0.8,C,C,disagrees,disagrees
2221,2221,neutral,0.25,It putative benefits would be more than offset by the much more dramatic increase in carbon emissions from economies like India and China.,agrees,neutral,neutral,neutral,neutral,neutral,neutral,agrees,5,8,t32,0.0024206553511789,0.9876398460423372,0.0099394986064838,0.9,0.8,A,A,agrees,agrees
2222,2222,neutral,0.125,What does economic inequality have to do with climate change?,neutral,agrees,neutral,neutral,neutral,neutral,neutral,neutral,5,8,t33,0.3400273256535472,0.0741275198778145,0.5858451544686379,1.0,0.8,B,B,neither agrees nor disagrees,neither agrees nor disagrees
2223,2223,agrees,0.5,Flying is harmful to the climate.,neutral,disagrees,neutral,agrees,agrees,agrees,agrees,agrees,5,8,t34,0.8237835030107664,0.0038862250185368,0.1723302719706968,1.0,0.9,A,A,agrees,agrees
2224,2224,disagrees,-0.375,Global climate change initiatives are just rebranded socialist policies.,disagrees,agrees,neutral,agrees,disagrees,disagrees,disagrees,disagrees,5,8,t35,0.0061333201894948,0.5352971499896862,0.4585695298208189,0.9,0.9,C,C,disagrees,disagrees
2225,2225,agrees,0.75,Our climate problems have only gotten worse.,agrees,disagrees,agrees,agrees,agrees,agrees,agrees,agrees,5,8,t36,0.0059593146740038,0.3487123406025147,0.6453283447234814,1.0,0.95,A,A,agrees,agrees
2226,2226,agrees,0.25,"While we agree on the urgency of this global challenge, we respectfully disagree with divestment activists on the means by which a university should confront it.",agrees,neutral,agrees,agrees,disagrees,disagrees,neutral,agrees,5,8,t37,0.8020497996606322,0.0040419637866333,0.1939082365527344,0.8,0.9,A,A,agrees,agrees
2227,2227,neutral,0.25,Ther 's no better way to convince working people that you're serious about climate change than to interfere with their ability to make a living.,neutral,disagrees,agrees,agrees,agrees,neutral,neutral,neutral,5,8,t38,0.003539327724556,0.1346702206663249,0.8617904516091192,0.85,0.8,C,B,neither agrees nor disagrees,disagrees
2228,2228,disagrees,-1.0,"Young people like Thunberg are simply being used as ""human shields"" for adult climate activists who recognize that the climate scare will soon lose credibility.",disagrees,disagrees,disagrees,disagrees,disagrees,disagrees,disagrees,disagrees,5,8,t39,0.0010345978962009,0.0016950211102502,0.9972703809935488,0.9,0.9,C,C,disagrees,disagrees
2229,2229,agrees,0.875,There's no hope for a sweeping approach to the growing climate emergency.,agrees,neutral,agrees,agrees,agrees,agrees,agrees,agrees,5,8,t4,0.0039777116909231,0.9378880094385754,0.0581342788705013,1.0,0.95,A,C,disagrees,agrees
2230,2230,neutral,0.0,It very difficult to write plays about climate change.,neutral,neutral,neutral,neutral,neutral,neutral,neutral,neutral,5,8,t40,0.9404152349818592,0.0455153426912429,0.0140694223268977,0.2,0.9,B,B,neither agrees nor disagrees,neither agrees nor disagrees
2231,2231,neutral,0.0,"The terms `Global Meltdown' or `Global Melting,' for instance, deliver a more negative image than mere `Global Warming.'",neutral,disagrees,neutral,neutral,neutral,agrees,neutral,neutral,5,8,t41,0.0011947495181743,0.9979342400965862,0.0008710103852394,0.75,0.8,B,B,neither agrees nor disagrees,neither agrees nor disagrees
2232,2232,agrees,0.875,"Climate change in the Arctic is accelerating, matching what used to be considered worst-case scenarios.",agrees,neutral,agrees,agrees,agrees,agrees,agrees,agrees,5,8,t42,0.3498262235558692,0.5491743068517784,0.1009994695923524,1.0,0.95,A,A,agrees,agrees
2233,2233,neutral,0.125,Smart meters could save nearly 45 million metric tons of carbon dioxide equivalent from 2013 to 2035.,neutral,neutral,neutral,neutral,neutral,neutral,neutral,agrees,5,8,t43,0.005836734853671,0.3331889079929624,0.6609743571533665,1.0,0.7,A,A,agrees,agrees
2234,2234,agrees,0.75,The U.S. government violated their human rights by failing to take action on climate change.,agrees,neutral,neutral,agrees,agrees,agrees,agrees,agrees,5,8,t44,0.998547399415878,0.0008178137641588,0.000634786819963,1.0,0.9,A,A,agrees,agrees
2235,2235,agrees,0.5,"But Australia, the most arid inhabited continent, is unique among developed nations in its vulnerability to the effects of climate change.",neutral,neutral,neutral,agrees,neutral,agrees,agrees,agrees,5,8,t45,0.000970646339,0.0012353981575373,0.9977939555034626,0.9,0.9,A,A,agrees,agrees
2236,2236,agrees,0.625,The number of people threatened by climate change-triggered flooding is about three times higher than previously thought.,agrees,disagrees,agrees,agrees,neutral,agrees,agrees,agrees,5,8,t46,0.0039124398098002,0.0610045373631772,0.9350830228270224,1.0,0.9,A,A,agrees,agrees
2237,2237,agrees,0.75,Few signs of ending and temperatures are expected to continue to climb after the warmest decade on record.,neutral,agrees,neutral,agrees,agrees,agrees,agrees,agrees,5,8,t47,0.000889554749098,0.9979310902996704,0.0011793549512313,0.9,0.95,A,A,agrees,agrees
2238,2238,agrees,1.0,The effects of decisions like these will be felt for generations as global warming leads to more powerful storms and higher risk of damage to property.,agrees,agrees,agrees,agrees,agrees,agrees,agrees,agrees,5,8,t48,0.0024745228009136,0.0404753076467972,0.9570501695522892,1.0,0.9,A,A,agrees,agrees
2239,2239,agrees,0.5,"If the world replaced all coal with gas, it would achieve the Paris climate target of by keeping global warming to well below 2 degrees Celsius.",neutral,agrees,neutral,neutral,neutral,agrees,agrees,agrees,5,8,t49,0.0017544735574768,0.9861518250882484,0.0120937013542745,0.9,0.1,B,A,agrees,neither agrees nor disagrees
2240,2240,agrees,0.75,Fossil fuels have got to go.,agrees,agrees,neutral,agrees,agrees,agrees,neutral,agrees,5,8,t5,0.0040570793226733,0.7502136485274459,0.2457292721498808,1.0,0.9,A,A,agrees,agrees
2241,2241,disagrees,-0.875,The claim that 97 % of climate scientists believe humans are the primary cause of global warming is simply false.,disagrees,neutral,disagrees,disagrees,disagrees,disagrees,disagrees,disagrees,5,8,t6,0.0035790806498741,0.9564455340496992,0.0399753853004266,0.9,0.8,C,C,disagrees,disagrees
2242,2242,neutral,0.375,"The failure to address climate change is especially hard for her three children, who are 10, 15 and 17, to understand.",neutral,agrees,neutral,neutral,neutral,agrees,agrees,neutral,5,8,t7,0.0027333218628537,0.9388335433374204,0.0584331347997257,0.9,0.9,A,A,agrees,agrees
2243,2243,disagrees,-0.75,The climate scare will soon lose credibility as global warming.,disagrees,agrees,disagrees,disagrees,disagrees,disagrees,disagrees,disagrees,5,8,t8,0.0007796662277764,0.9984393504542296,0.000780983317994,0.9,0.9,C,C,disagrees,disagrees
2244,2244,agrees,0.5,The carbon impact increased sixfold over the period.,neutral,disagrees,neutral,agrees,agrees,agrees,agrees,agrees,5,8,t9,0.0044647162965917,0.5352073580654255,0.4603279256379828,1.0,0.8,B,A,agrees,neither agrees nor disagrees
2245,2245,disagrees,-1.0,Global warming is a hoax.,disagrees,disagrees,disagrees,disagrees,disagrees,disagrees,disagrees,disagrees,5,9,s0,,,,1.0,1.0,C,C,disagrees,disagrees
2246,2246,agrees,0.875,Alarming levels of sea level rise are predicted to threaten Florida over the next decades.,neutral,agrees,agrees,agrees,agrees,agrees,agrees,agrees,5,9,s1,,,,1.0,0.95,A,A,agrees,agrees
2247,2247,neutral,0.25,"Over the past several years, the United States has seen an increase in business growth that has counteracted the lingering effects of the recession.",neutral,agrees,neutral,neutral,neutral,neutral,agrees,neutral,5,9,s2,,,,0.0,1.0,B,B,neither agrees nor disagrees,neither agrees nor disagrees
2248,2248,agrees,0.75,Global warming is happening and it will be dangerous to human health and welfare.,agrees,disagrees,agrees,agrees,agrees,agrees,agrees,agrees,5,9,s3,,,,1.0,0.95,A,A,agrees,agrees
2249,2249,neutral,0.0,Some icebergs are cute.,neutral,neutral,neutral,neutral,neutral,neutral,neutral,neutral,5,9,s4,,,,0.2,0.95,B,B,neither agrees nor disagrees,neither agrees nor disagrees
2250,2250,agrees,0.625,Mr. Steyer top priorities are addressing climate change and getting money out of politics.,neutral,agrees,neutral,neutral,agrees,agrees,agrees,agrees,5,9,t0,0.0032408351777714,0.6990842331478687,0.2976749316743597,0.5,0.9,A,B,neither agrees nor disagrees,agrees
2251,2251,neutral,0.125,"Mr. Trump, who has mocked climate science as a hoax, will begin actively working against global efforts to move away from planet-warming fossil fuels, like coal, oil and natural gas.",neutral,neutral,neutral,neutral,agrees,neutral,disagrees,agrees,5,9,t1,0.0550890599217782,0.2694183298891525,0.6754926101890693,1.0,0.9,C,A,agrees,disagrees
2252,2252,agrees,0.625,I'm proud to stand with young people in Iowa and around the world today in their climate strikes.,agrees,disagrees,agrees,agrees,agrees,neutral,agrees,agrees,5,9,t10,0.0512821676645381,0.0063666272131933,0.9423512051222688,1.0,0.9,A,A,agrees,agrees
2253,2253,neutral,0.0,Even insurers are struggling to predict the risks associated with climate change.,neutral,disagrees,neutral,neutral,neutral,agrees,agrees,disagrees,5,9,t11,0.0014591452730899,0.9790206896070012,0.0195201651199091,0.9,0.9,A,A,agrees,agrees
2254,2254,neutral,0.5,"We are celebrating an agreement where the world's largest carbon emitter, China, is permitted to increase their emissions until 2025 and to continue bringing a coal-fired power plant online every 10 days.",neutral,agrees,agrees,neutral,agrees,neutral,agrees,neutral,5,9,t12,0.0006154570302187,0.9985619254388516,0.0008226175309294,1.0,0.8,C,C,disagrees,disagrees
2255,2255,agrees,0.75,Climate change could cause the next financial crisis.,neutral,neutral,agrees,agrees,agrees,agrees,agrees,agrees,5,9,t13,0.0030551694463214,0.2150297271503951,0.7819151034032834,0.9,0.9,A,A,agrees,agrees
2256,2256,disagrees,-0.875,Global warming is a concern of raving inner-city lunatics.,disagrees,neutral,disagrees,disagrees,disagrees,disagrees,disagrees,disagrees,5,9,t14,0.0015481657525341,0.9973756609370592,0.0010761733104065,0.9,0.95,C,C,disagrees,disagrees
2257,2257,neutral,0.0,She is advocating for violence against world leaders who dodge their responsibilities to fight climate change.,neutral,agrees,neutral,neutral,neutral,neutral,disagrees,neutral,5,9,t15,0.0027205257171793,0.1809047948416646,0.8163746794411559,1.0,0.9,A,C,disagrees,agrees
2258,2258,neutral,0.375,"Businesses that embrace a high-efficiency, low-carbon model will have a better chance to survive and grow in the 21st century.",neutral,neutral,agrees,neutral,agrees,neutral,neutral,agrees,5,9,t16,0.9705910038636402,0.0272157948741489,0.002193201262211,0.9,0.8,A,A,agrees,agrees
2259,2259,neutral,-0.125,No one can come to Davos anymore and not understand climate science.,neutral,disagrees,neutral,neutral,neutral,neutral,neutral,neutral,5,9,t17,0.996261910717722,0.0025211217969057,0.0012169674853722,1.0,0.9,A,A,agrees,agrees
2260,2260,agrees,0.5,The climate emergency is the result of our ecological sins.,agrees,disagrees,agrees,agrees,agrees,agrees,agrees,disagrees,5,9,t18,0.0036551013990049,0.9653600084806764,0.0309848901203187,0.9,0.95,A,A,agrees,agrees
2261,2261,neutral,-0.25,Some glaciers melt while others grow and it has been this way for all of history.,neutral,agrees,neutral,disagrees,disagrees,neutral,disagrees,neutral,5,9,t19,0.1104995890818173,0.2149439032348,0.6745565076833827,0.9,0.8,C,C,disagrees,disagrees
2262,2262,neutral,0.0,"At the recent CNN town hall on climate change, most of the Democratic candidates who are cooking and eating steak lectured the rest of us on our eating habits.",neutral,agrees,neutral,neutral,neutral,neutral,neutral,disagrees,5,9,t2,0.0034122220539369,0.4495156670243091,0.5470721109217539,0.85,0.7,C,B,neither agrees nor disagrees,disagrees
2263,2263,agrees,0.5,"It does not include a discussion on climate change, which is an outrage.",agrees,disagrees,agrees,neutral,agrees,agrees,neutral,agrees,5,9,t20,0.0016743564434251,0.9697793813272538,0.028546262229321,1.0,0.8,A,A,agrees,agrees
2264,2264,disagrees,-0.875,"Despite volumes of literature to the contrary, both the warming since the 1950s and the cooling since the late 1990s are entirely consistent with natural climate variability.",disagrees,disagrees,neutral,disagrees,disagrees,disagrees,disagrees,disagrees,5,9,t21,0.9960898023658004,0.001421179834656,0.0024890177995437,0.9,0.9,C,C,disagrees,disagrees
2265,2265,agrees,0.5,If 2019 is truly the year we woke up to climate change.,neutral,neutral,agrees,neutral,neutral,agrees,agrees,agrees,5,9,t22,0.028866495285928,0.0053357321887914,0.9657977725252804,0.9,0.8,B,A,agrees,neither agrees nor disagrees
2266,2266,neutral,0.125,Manmade climate change may have played some role.,neutral,neutral,neutral,neutral,neutral,agrees,neutral,neutral,5,9,t23,0.0033878721655001,0.4731588758418006,0.5234532519926994,0.75,0.8,B,B,neither agrees nor disagrees,neither agrees nor disagrees
2267,2267,neutral,0.375,The real cost of climate change climate change must be measured in terms of its impact on human lives.,neutral,agrees,neutral,neutral,neutral,agrees,agrees,neutral,5,9,t24,0.0017664968138136,0.0012269795337888,0.9970065236523976,0.9,0.2,B,A,agrees,neither agrees nor disagrees
2268,2268,agrees,0.625,"We see warming across the board, and generally the rate of warming is increasing.",neutral,agrees,neutral,agrees,agrees,neutral,agrees,agrees,5,9,t25,0.0578132295713678,0.93962791694203,0.002558853486602,0.9,0.9,A,A,agrees,agrees
2269,2269,disagrees,-0.875,The drought is unrelated to climate change.,disagrees,disagrees,disagrees,disagrees,disagrees,disagrees,neutral,disagrees,5,9,t26,0.3614483186262229,0.0092385603669122,0.6293131210068649,0.9,0.8,C,C,disagrees,disagrees
2270,2270,agrees,0.75,It is no longer possible for us to ignore Microsoft's complicity in the climate crisis.,agrees,neutral,agrees,neutral,agrees,agrees,agrees,agrees,5,9,t27,0.0050795508082427,0.8868643373696355,0.1080561118221218,0.0,0.9,A,A,agrees,agrees
2271,2271,neutral,-0.125,"Global climate patterns that typically influence winter weather patterns are weak this year, leading to complicated forecasts.",neutral,neutral,neutral,disagrees,neutral,neutral,neutral,neutral,5,9,t28,0.9574841938378774,0.002740386194166,0.0397754199679566,0.75,0.9,B,B,neither agrees nor disagrees,neither agrees nor disagrees
2272,2272,neutral,0.125,The United States would still maintain a voice in international discussions on global warming.,neutral,agrees,neutral,neutral,neutral,neutral,neutral,neutral,5,9,t29,0.0032772232354942,0.6783495793699541,0.3183731973945516,0.5,0.9,B,B,neither agrees nor disagrees,neither agrees nor disagrees
2273,2273,agrees,0.875,Climate protection may become a matter of survival for Europe and the entire planet.,neutral,agrees,agrees,agrees,agrees,agrees,agrees,agrees,5,9,t3,0.0017904867011735,0.0368261509793369,0.9613833623194896,1.0,0.95,A,A,agrees,agrees
2274,2274,agrees,0.75,"The immense, still-unfolding tragedy of the Australian fires may yet prove to be the Chernobyl of climate crisis.",agrees,agrees,agrees,agrees,neutral,agrees,neutral,agrees,5,9,t30,0.0027893062460493,0.176259963961104,0.8209507297928467,0.9,0.95,A,A,agrees,agrees
2275,2275,disagrees,-1.0,The global warming scare is a massive hoax.,disagrees,disagrees,disagrees,disagrees,disagrees,disagrees,disagrees,disagrees,5,9,t31,0.0032310699778436,0.6670125364181433,0.3297563936040131,1.0,1.0,C,C,disagrees,disagrees
2276,2276,neutral,0.0,Scott Morrison has not got the climate crisis under control.,neutral,disagrees,agrees,neutral,neutral,neutral,neutral,neutral,5,9,t32,0.973069578613148,0.0024984230629743,0.0244319983238776,1.0,0.9,A,A,agrees,agrees
2277,2277,neutral,0.25,There is some change in how carbon is divided between the atmosphere and the ocean.,neutral,agrees,neutral,neutral,neutral,agrees,neutral,neutral,5,9,t33,0.0017313846039335,0.9666792292993124,0.0315893860967541,1.0,0.9,B,B,neither agrees nor disagrees,neither agrees nor disagrees
2278,2278,disagrees,-0.625,"The world may have already begun to cool in response to a weakening Sun, a phenomenon far more dangerous than any possible human-induced warming.",neutral,disagrees,neutral,disagrees,disagrees,neutral,disagrees,disagrees,5,9,t34,0.0264197190270011,0.0025607763666038,0.9710195046063952,0.9,0.9,C,C,disagrees,disagrees
2279,2279,agrees,0.75,The things we do to reduce greenhouse gas pollution from transportation also deliver enormous benefits to public health and the economy.,agrees,agrees,neutral,neutral,agrees,agrees,agrees,agrees,5,9,t35,0.0008410967410073,0.0024148306739812,0.9967440725850112,0.9,0.9,A,A,agrees,agrees
2280,2280,agrees,0.75,The climate emergency is the defining issue of our times.,neutral,neutral,agrees,agrees,agrees,agrees,agrees,agrees,5,9,t36,0.0024643567312694,0.8706985832350815,0.1268370600336489,1.0,0.95,A,A,agrees,agrees
2281,2281,disagrees,-0.875,These scientific events are not linked to climate change.,neutral,disagrees,disagrees,disagrees,disagrees,disagrees,disagrees,disagrees,5,9,t37,0.9979461221431354,0.0010683240940368,0.0009855537628277,1.0,0.8,C,C,disagrees,disagrees
2282,2282,agrees,0.5,Southern Australia is likely to see an increased risk of fire as the world heats up as a result of the burning of fossil fuels.,neutral,disagrees,agrees,agrees,agrees,agrees,neutral,agrees,5,9,t38,0.0044460215013544,0.0533660698155443,0.9421879086831012,0.9,0.9,A,A,agrees,agrees
2283,2283,disagrees,-0.75,Climate activists are telling tall tales when they assert that climate change is causing global or regional crop devastation.,disagrees,agrees,disagrees,disagrees,disagrees,disagrees,disagrees,disagrees,5,9,t39,0.0020108790497933,0.0509470124010054,0.9470421085492012,0.9,0.9,C,C,disagrees,disagrees
2284,2284,agrees,1.0,The climate emergency requires us to rapidly transform our energy system and key industrial sectors in ways that protect workers and impacted communities.,agrees,agrees,agrees,agrees,agrees,agrees,agrees,agrees,5,9,t4,0.668016888730625,0.0046409842289471,0.3273421270404278,1.0,0.95,A,A,agrees,agrees
2285,2285,disagrees,-0.625,Climate change would be used as an excuse to expand `big government' and lead to a loss of personal freedom.,agrees,disagrees,disagrees,neutral,disagrees,disagrees,disagrees,disagrees,5,9,t40,0.0026030461615344,0.8620734063490176,0.1353235474894478,0.9,0.9,C,C,disagrees,disagrees
2286,2286,disagrees,-0.5,American diplomacy can convince the communist country to buck its own self-interest in favor of global climate alarmism.,disagrees,neutral,neutral,neutral,neutral,disagrees,disagrees,disagrees,5,9,t41,0.0016200585199591,0.9703453877398384,0.0280345537402022,0.9,0.9,C,C,disagrees,disagrees
2287,2287,disagrees,-0.875,The climate facade is a late addition.,disagrees,disagrees,disagrees,disagrees,disagrees,disagrees,disagrees,neutral,5,9,t42,0.9766089830691844,0.0023005051590271,0.0210905117717882,0.9,0.9,C,C,disagrees,disagrees
2288,2288,agrees,0.75,An immense increase of scale is endeavors to conserve our biosphere is needed to avoid untold suffering due to the climate crisis.,agrees,agrees,agrees,agrees,agrees,agrees,disagrees,agrees,5,9,t43,0.0050471408968809,0.8917022363599375,0.1032506227431816,1.0,0.95,A,A,agrees,agrees
2289,2289,disagrees,-0.875,"Nonetheless, climate change alarmists' doomsday predictions, over the last 50 years, have not come to pass.",disagrees,neutral,disagrees,disagrees,disagrees,disagrees,disagrees,disagrees,5,9,t44,0.9962338488331528,0.0025465268674238,0.0012196242994233,0.9,0.9,C,C,disagrees,disagrees
2290,2290,neutral,0.0,"Although the data series started in 1958 has always shown CO2 concentrations increasing year-on-year, driven by fossil fuel burning and deforestation, the rate of rise has not been perfectly even.",neutral,disagrees,neutral,disagrees,agrees,agrees,neutral,neutral,5,9,t45,0.9278814606161656,0.0374915613882818,0.0346269779955524,1.0,0.8,A,A,agrees,agrees
2291,2291,agrees,1.0,The Keystone pipeline would unduly worsen climate change.,agrees,agrees,agrees,agrees,agrees,agrees,agrees,agrees,5,9,t46,0.6050072183402949,0.0045947752324299,0.3903980064272752,1.0,0.9,A,A,agrees,agrees
2292,2292,neutral,0.125,"Many young adults have become anxious about whether to have children, given issues related to climate change.",neutral,disagrees,neutral,neutral,agrees,neutral,agrees,neutral,5,9,t47,0.9554565355037808,0.0028700914307102,0.0416733730655089,0.9,0.9,A,A,agrees,agrees
2293,2293,agrees,0.625,"Regardless of the reasons for climate change, we all know from the facts that the climate is changing.",neutral,agrees,agrees,neutral,agrees,agrees,agrees,neutral,5,9,t48,0.0230575168632749,0.9748760278602642,0.0020664552764609,1.0,0.8,B,A,agrees,neither agrees nor disagrees
2294,2294,neutral,0.25,Steyer would declare a climate emergency on his first day in office and positioned himself as the candidate most focused on climate change.,neutral,agrees,neutral,neutral,agrees,neutral,neutral,neutral,5,9,t49,0.996392411356406,0.0013463490024036,0.0022612396411901,1.0,0.9,A,A,agrees,agrees
2295,2295,neutral,0.375,"Agriculture, in general, is responsible for a lot of greenhouse gas emissions.",neutral,agrees,neutral,neutral,agrees,agrees,neutral,neutral,5,9,t5,0.0736120644042752,0.2424694089779063,0.6839185266178186,0.8,0.8,A,A,agrees,agrees
2296,2296,agrees,0.75,"Hiring a White House ""climate change czar"" would be a good idea.",agrees,disagrees,agrees,agrees,agrees,agrees,agrees,agrees,5,9,t6,0.0005804412363939,0.9986169318299468,0.0008026269336592,0.8,0.8,A,B,neither agrees nor disagrees,agrees
2297,2297,neutral,0.25,More carbon is being released than stored.,neutral,neutral,neutral,neutral,agrees,agrees,neutral,neutral,5,9,t7,0.006118502443054,0.1686744308215201,0.8252070667354258,0.9,0.9,A,A,agrees,agrees
2298,2298,disagrees,-0.75,New laws are needed to crack down on climate activists and progressives who want to tell you where to live.,disagrees,disagrees,disagrees,agrees,disagrees,disagrees,disagrees,disagrees,5,9,t8,0.0031422150006385,0.6935153841542595,0.3033424008451019,1.0,0.8,C,C,disagrees,disagrees
2299,2299,disagrees,-0.75,Scaring young people young people into believing that climate change is going to kill young people is child abuse.,disagrees,agrees,disagrees,disagrees,disagrees,disagrees,disagrees,disagrees,5,9,t9,0.0021549331249723,0.0600247607230161,0.9378203061520114,1.0,0.9,C,C,disagrees,disagrees
