lb,ub,interval width,coverage,estimator,$n_{\mathrm{human}}$,$n_{\mathrm{effective}}$,num_trial
0.5737290925176167,0.920162703396042,0.3464336108784251,True,active,1149.0,1326.8800627423884,49
0.5885262553038916,0.924556444373772,0.3360301890698803,True,active+,1149.0,1451.2860997161315,49
0.6882504498362956,1.029616527358488,0.3413660775221925,True,spline,1149.0,1825.0884029188264,49
0.7129151508327887,1.0557500496218746,0.3428348987890859,True,spline+,1149.0,1920.6147258476065,49
0.6661420387863247,1.0752117707898514,0.4090697320035267,True,uniform,1149.0,1291.7696037007734,49
0.5827814288012934,0.970346903214993,0.3875654744136996,True,classical,1149.0,1139.1178747613708,49
0.6111356061493204,0.9848235819904346,0.3736879758411142,True,active,1149.0,1300.5906546722783,75
0.6201917962267025,0.9794558088384376,0.3592640126117352,True,active+,1149.0,1417.968847747706,75
0.6701198840419433,1.0018283109069197,0.3317084268649763,True,spline,1149.0,1831.1171748458544,75
0.6526290925865944,0.9672972170772036,0.3146681244906092,True,spline+,1149.0,1912.3016774041005,75
0.6761125856561735,1.0971856396536794,0.4210730539975059,True,uniform,1149.0,1263.2511358996078,75
0.6308009965691408,1.0427705047580045,0.4119695081888637,True,classical,1149.0,1171.9646714359676,75
0.5448044282899909,0.9058277305979764,0.3610233023079855,True,active,1149.0,1145.4860357477385,61
0.5585545382885858,0.8893004588185929,0.330745920530007,True,active+,1149.0,1368.9204031759032,61
0.627705008833904,0.9329404848008496,0.3052354759669456,True,spline,1149.0,1885.6198819904523,61
0.6495677946509646,0.957985445278888,0.3084176506279233,True,spline+,1149.0,1961.553422654711,61
0.6886337980422015,1.09282701924586,0.4041932212036585,True,uniform,1149.0,1388.370939422356,61
0.6070018568772906,1.013693626825149,0.4066917699478585,True,classical,1149.0,1125.9056195886683,61
0.6619168989970302,1.0868355732173285,0.424918674220298,True,active,1072.0,1204.137100552453,22
0.6354374494672183,1.0098576563965531,0.3744202069293351,True,active+,1072.0,1379.7683289201166,22
0.6143591794932202,0.9188298656222572,0.304470686129037,True,spline,1072.0,1827.516566792912,22
0.6190737542696303,0.9183552015667832,0.2992814472971528,True,spline+,1072.0,1903.9413952025593,22
0.6764154190097005,1.1012780317440645,0.424862612734364,True,uniform,1072.0,1246.3316316461826,22
0.6287935173552128,1.0611420811152712,0.4323485637600583,True,classical,1072.0,1081.2860073499612,22
0.6529645916609004,1.0549177160438543,0.4019531243829539,True,active,1072.0,1286.7917579233558,36
0.6780326498349675,1.0700249073008847,0.3919922574659172,True,active+,1072.0,1422.488763045702,36
0.6075724188184942,0.9126954288528208,0.3051230100343265,True,spline,1072.0,1788.1241730021684,36
0.6384201097383932,0.9497400563560222,0.3113199466176289,True,spline+,1072.0,1876.88826967792,36
0.5692666732914733,0.9500370922410624,0.3807704189495891,True,uniform,1072.0,1128.8626729407529,36
0.6919527998126451,1.1655295787623097,0.4735767789496645,True,classical,1072.0,1089.1182953622315,36
0.6403065551312588,1.0595530251035972,0.4192464699723384,True,active,919.0,1167.271761625287,17
0.6528245970669468,1.0497796641428478,0.396955067075901,True,active+,919.0,1312.2064011586358,17
0.554177235873794,0.8520968406462243,0.2979196047724303,True,spline,919.0,1599.8031698989682,17
0.5529307060163093,0.841687692263578,0.2887569862472686,True,spline+,919.0,1677.1647164712667,17
0.5918977651422634,1.0081064252681795,0.416208660125916,True,uniform,919.0,1044.257705272364,17
0.615342544078555,1.0635588084744538,0.4482162643958988,True,classical,919.0,988.8986008952212,17
0.4870002175871978,1.0334273856669351,0.5464271680797372,True,active,536.0,523.0873180813643,66
0.5486211028293264,1.0492805411209083,0.5006594382915819,True,active+,536.0,704.1793660578452,66
0.6531658429276083,1.1304546477695214,0.4772888048419131,True,spline,536.0,984.0469284437704,66
0.6937939445475138,1.1523274807731956,0.4585335362256818,True,spline+,536.0,1150.269240400922,66
0.5845824733587291,1.1523988827212217,0.5678164093624923,True,uniform,536.0,642.8048889896816,66
0.5155751654376247,1.0822557996394793,0.5666806342018545,True,classical,536.0,538.5096382076998,66
0.6385949635460171,1.16413446677716,0.525539503231143,True,active,689.0,821.2337240525472,52
0.6595054909918763,1.150048187803832,0.4905426968119557,True,active+,689.0,957.5948924109236,52
0.6230299143369412,1.010270468478372,0.3872405541414309,True,spline,689.0,1267.253978506686,52
0.5866405963753204,0.9280924656111272,0.3414518692358068,True,spline+,689.0,1407.1663629376017,52
0.578687641495003,1.076594152776721,0.4979065112817181,True,uniform,689.0,768.3208244770169,52
0.4902421844941614,0.9606192081621564,0.470377023667995,True,classical,689.0,654.370544711918,52
0.6846150600288953,1.1705593879862726,0.4859443279573773,True,active,766.0,1029.1846035124129,17
0.6841834962091606,1.1281383059302486,0.4439548097210879,True,active+,766.0,1183.9377824723754,17
0.6817991805121639,1.0737455924565371,0.3919464119443732,True,spline,766.0,1435.4758435455203,17
0.6649293787604228,1.0262313836971857,0.3613020049367629,True,spline+,766.0,1572.2591755957783,17
0.6096506329830654,1.0519317576621106,0.4422811246790451,True,uniform,766.0,995.0695760934816,17
0.5391182575414178,1.020203441950205,0.4810851844087872,True,classical,766.0,727.84582339348,17
0.6154482221225213,0.9843967440710544,0.368948521948533,True,active,1149.0,1342.2645637700443,6
0.615508907572173,0.9669891979563228,0.3514802903841497,True,active+,1149.0,1450.994764498506,6
0.6543750795305179,0.9751268952823846,0.3207518157518667,True,spline,1149.0,1860.9699081400013,6
0.6683047506430573,0.9869757516060272,0.3186710009629699,True,spline+,1149.0,1947.734687298884,6
0.6916824119713959,1.1074133357772202,0.4157309238058243,True,uniform,1149.0,1336.6968902410224,6
0.6761935437474214,1.1383815135857422,0.4621879698383209,True,classical,1149.0,1091.3342197200077,6
0.6892748057016055,1.219405719803076,0.5301309141014704,True,active,689.0,909.8290447400824,46
0.6903016834993525,1.1687329812654634,0.4784312977661109,True,active+,689.0,1067.9845495691295,46
0.6477030870762828,1.0645765441975994,0.4168734571213166,True,spline,689.0,1199.2257094405595,46
0.6808835681312909,1.082642849624103,0.401759281492812,True,spline+,689.0,1376.6873089910082,46
0.4848966356748466,0.9310342605614744,0.4461376248866279,True,uniform,689.0,695.7670028477362,46
0.612303252624358,1.1762761945976203,0.5639729419732623,True,classical,689.0,694.657087147278,46
0.511406418510368,1.0507813743749226,0.5393749558645545,True,active,459.0,570.9833955815357,2
0.526373378225711,1.0081912028690598,0.4818178246433489,True,active+,459.0,701.0399283580696,2
0.6885713170479352,1.2236394411423883,0.5350681240944534,True,spline,459.0,895.6836877762231,2
0.731115465306777,1.2468298312893769,0.5157143659825999,True,spline+,459.0,1039.2049044966473,2
0.7560463351914539,1.387269327934902,0.6312229927434481,True,uniform,459.0,803.6666783596133,2
0.8513490718352462,2.043995786649262,1.192646714814016,False,classical,459.0,386.002134869297,2
0.4935546196458973,0.9513469828174056,0.4577923631715083,True,active,689.0,687.5534563814088,91
0.5240389258093966,0.9605598710704996,0.4365209452611031,True,active+,689.0,806.4265927775103,91
0.5676405519440132,0.936201110550916,0.3685605586069029,True,spline,689.0,1182.783129124038,91
0.5811074376489641,0.9349132945792462,0.3538058569302821,True,spline+,689.0,1309.4977299403924,91
0.5462613181264753,1.0166620048016457,0.4704006866751704,True,uniform,689.0,767.3622851968403,91
0.6610454105226293,1.217350313613758,0.5563049030911287,True,classical,689.0,794.167289802078,91
0.5892808818743739,1.0386680575180969,0.4493871756437227,True,active,689.0,921.7056432207476,85
0.5798286562987804,0.9896038132564924,0.4097751569577118,True,active+,689.0,1036.1590992136964,85
0.5783582623055111,0.9359021266375984,0.3575438643320873,True,spline,689.0,1278.1322588161872,85
0.590355244381917,0.9373624972458467,0.3470072528639298,True,spline+,689.0,1385.1775195888556,85
0.6006207652019816,1.0927585923607748,0.4921378271587932,True,uniform,689.0,826.6375945680187,85
0.6293833804044084,1.2523499969783107,0.6229666165739023,True,classical,689.0,625.4836769090733,85
0.5034290965370296,1.0011676500790034,0.4977385535419738,True,active,536.0,626.4978424452949,99
0.5432177035619504,1.0147255371439337,0.4715078335819832,True,active+,536.0,758.3486296236845,99
0.5640305854064979,0.9659806196967166,0.4019500342902187,True,spline,536.0,1022.862810046878,99
0.5802115037146379,0.9580163477759776,0.3778048440613397,True,spline+,536.0,1177.4576335543504,99
0.6094536742572986,1.1547605919921533,0.5453069177348547,True,uniform,536.0,724.9718582896322,99
0.562730815508609,1.197820871782402,0.6350900562737929,True,classical,536.0,518.8220585555114,99
0.6472491752762051,1.1840694279789443,0.5368202527027395,True,active,613.0,811.6937606827074,58
0.5873943139036768,1.0344178101279184,0.4470234962242416,True,active+,613.0,924.6195005868136,58
0.682898236072898,1.166661755602604,0.483763519529706,True,spline,613.0,1032.3555715927907,58
0.699673816295347,1.148513246225865,0.4488394299305179,True,spline+,613.0,1205.480006081813,58
0.3621304644238627,0.8165504653916053,0.4544200009677425,True,uniform,613.0,447.8864284205283,58
0.4011668879465461,0.8234794998810623,0.4223126119345161,True,classical,613.0,572.5145094775781,58
0.4679361718949261,0.961006216443508,0.4930700445485818,True,active,613.0,571.7385723746906,70
0.5209550168723499,1.00528615419846,0.48433113732611,True,active+,613.0,685.2157405467698,70
0.5474797933782936,0.9180162621335732,0.3705364687552795,True,spline,613.0,1108.2644691044145,70
0.5709702390081082,0.9280593598663164,0.3570891208582082,True,spline+,613.0,1254.8675949342685,70
0.47010629741569,0.926453514065668,0.4563472166499778,True,uniform,613.0,643.3699743750421,70
0.6446677471247291,1.2289983794057389,0.5843306322810098,True,classical,613.0,711.2522304897989,70
0.6393969614866544,1.0213838190356868,0.3819868575490324,True,active,1072.0,1349.6683020682506,8
0.6563315433616226,1.0288005234725477,0.3724689801109251,True,active+,1072.0,1465.5909075036054,8
0.593775986789778,0.8880130701567353,0.2942370833669572,True,spline,1072.0,1827.85163600246,8
0.6190628068362073,0.918304702323886,0.2992418954876786,True,spline+,1072.0,1904.3016733745687,8
0.5103780346343869,0.8649713569224718,0.3545933222880849,True,uniform,1072.0,1063.9479741612697,8
0.4912590885185547,0.8294858021437063,0.3382267136251515,True,classical,1072.0,1079.073440428915,8
0.7238909061389469,1.3339149782153157,0.6100240720763686,True,active,613.0,792.5480948792228,64
0.7310657254717456,1.3107943054842308,0.5797285800124852,True,active+,613.0,868.5283009768544,64
0.640758053244987,1.0925318591516664,0.4517738059066793,True,spline,613.0,1039.9330843444188,64
0.6316162805986657,1.036010069068806,0.4043937884701402,True,spline+,613.0,1209.1818539933104,64
0.4009012433179525,0.8145801743655208,0.4136789310475682,True,uniform,613.0,589.1124820268561,64
0.6279179847705035,1.2555930203786108,0.6276750356081072,True,classical,613.0,616.6382679775736,64
0.5468237446561344,0.9813800590891284,0.434556314432994,True,active,842.0,865.7146479601133,98
0.5576005618717675,0.9444218844428224,0.3868213225710549,True,active+,842.0,1066.431300491818,98
0.6077506680639316,0.9532483511192604,0.3454976830553287,True,spline,842.0,1461.5044196467331,98
0.6456795329776431,0.9957649273823586,0.3500853944047154,True,spline+,842.0,1577.7789510987916,98
0.5419590857632198,0.9608392885161812,0.4188802027529614,True,uniform,842.0,903.0482847864694,98
0.5966192881328384,1.0684435085928643,0.4718242204600259,True,classical,842.0,872.1279019320444,98
0.3463527625705622,0.8778275749975806,0.5314748124270183,True,active,459.0,342.35772111874473,84
0.4447443343262459,0.9409524964585604,0.4962081621323145,True,active+,459.0,527.253622591505,84
0.7078813879648136,1.2716713551272347,0.5637899671624211,True,spline,459.0,862.8278964308076,84
0.7063804681094996,1.227648299407739,0.5212678312982391,True,spline+,459.0,969.2981113689086,84
0.4059471411022302,0.9133472535206876,0.5074001124184575,True,uniform,459.0,450.31001382577136,84
0.5183314775721811,1.186659279528763,0.6683278019565818,True,classical,459.0,431.6006576158419,84
0.7889237814494611,1.459953307943417,0.671029526493956,True,active,459.0,781.6222029350522,90
0.6227114060529413,1.1520973528030478,0.5293859467501065,True,active+,459.0,782.2164878145963,90
0.7065155546650457,1.2698267189511248,0.5633111642860791,True,spline,459.0,861.4165021517213,90
0.7387648780363661,1.261324086497819,0.5225592084614529,True,spline+,459.0,1034.743393995268,90
0.3043209358178751,0.8083291606366138,0.5040082248187386,True,uniform,459.0,310.277799016162,90
0.7954606150340627,1.6726651460537127,0.87720453101965,True,classical,459.0,536.0021337289777,90
0.6239639393035082,1.0331815348045177,0.4092175955010092,True,active,996.0,1164.2635846032151,30
0.6329139863869743,1.0346500017724456,0.4017360153854713,True,active+,996.0,1225.801720354995,30
0.5894694507204148,0.8923850603840379,0.3029156096636231,True,spline,996.0,1721.9620496075531,30
0.6065977370255086,0.909706782975923,0.3031090459504144,True,spline+,996.0,1802.930599343216,30
0.5637759686193929,0.9601686990319892,0.3963927304125964,True,uniform,996.0,1044.4265906284445,30
0.4706534255567106,0.8277436085281908,0.3570901829714802,True,classical,996.0,928.9357854468852,30
0.5507006481919153,1.018819452945162,0.4681188047532466,True,active,766.0,782.3377977842582,1
0.5779392651097774,1.002797322933386,0.4248580578236085,True,active+,766.0,975.0115419421644,1
0.5399382269212759,0.8691707439967922,0.3292325170755162,True,spline,766.0,1306.3820114846487,1
0.5432345200128097,0.8586116151660811,0.3153770951532714,True,spline+,766.0,1412.9725045944544,1
0.6519796152246423,1.1859424127261162,0.5339627975014739,True,uniform,766.0,827.2377487646465,1
0.6736035903553608,1.2193853699849757,0.5457817796296149,True,classical,766.0,840.7277707716122,1
0.5940662039625186,0.9898671492736888,0.3958009453111701,True,active,996.0,1135.8248414343277,24
0.5805972717675218,0.934069382759557,0.3534721109920351,True,active+,996.0,1309.6341389178242,24
0.571327109974422,0.8641983725562399,0.2928712625818178,True,spline,996.0,1728.9128356850197,24
0.6186062036406861,0.9272880168052609,0.3086818131645747,True,spline+,996.0,1807.040711702998,24
0.6062548278357152,1.0146660928469424,0.4084112650112272,True,uniform,996.0,1116.3492169546648,24
0.7093483515160139,1.2001097424544367,0.4907613909384227,True,classical,996.0,1070.9326382463548,24
0.5853925810639533,1.2497245628084062,0.6643319817444528,True,active,459.0,514.8101833577,47
0.6674181963731504,1.3111883738815102,0.6437701775083599,True,active+,459.0,649.3532333388521,47
0.4835948518392066,0.9004101160752863,0.4168152642360797,True,spline,459.0,766.3248222443832,47
0.5117051596556417,0.9042286728618636,0.392523513206222,True,spline+,459.0,913.4928554410895,47
0.7157797065909031,1.3706794037312802,0.6548996971403771,True,uniform,459.0,701.4995593403887,47
0.5032030570350609,1.1422603097925126,0.6390572527574517,True,classical,459.0,440.6099672502567,47
0.6495688209949073,1.0988445580391373,0.4492757370442299,True,active,842.0,1071.404634282948,67
0.6193211325952357,1.0156596496164667,0.396338517021231,True,active+,842.0,1210.0641209928306,67
0.6016686050362495,0.936117560616316,0.3344489555800664,True,spline,842.0,1515.3991779462365,67
0.5851879152643801,0.8977606526210743,0.3125727373566942,True,spline+,842.0,1616.632432907348,67
0.723069995207749,1.199167185782244,0.4760971905744952,True,uniform,842.0,1157.043839726355,67
0.7887141546601274,1.4278947827480324,0.639180628087905,True,classical,842.0,840.4669720166356,67
0.6246260293785764,1.0634135059052094,0.4387874765266331,True,active,996.0,1045.863367624532,18
0.647663838687104,1.0630377257729724,0.4153738870858684,True,active+,996.0,1205.9434113542145,18
0.6161008454663175,0.9352755717969636,0.319174726330646,True,spline,996.0,1699.3015213784545,18
0.6181627366947352,0.9284491230074854,0.3102863863127502,True,spline+,996.0,1789.5929187029349,18
0.7043554891470812,1.163268306291182,0.4589128171441007,True,uniform,996.0,1176.3618855075254,18
0.6647662059234454,1.1583068382699515,0.4935406323465061,True,classical,996.0,960.3203355791288,18
0.55565602989988,0.943001371963744,0.387345342063864,True,active,842.0,1058.429053427413,73
0.5542441940556998,0.9391095675552716,0.3848653734995718,True,active+,842.0,1064.8274888885658,73
0.5850265400312694,0.9170404986833968,0.3320139586521273,True,spline,842.0,1465.515118973325,73
0.5926062638488363,0.9126652713048452,0.3200590074560088,True,spline+,842.0,1587.797914742517,73
0.6535493340363855,1.1381489320763467,0.4845995980399612,True,uniform,842.0,962.1864540813236,73
0.3967554043164572,0.7554991359241857,0.3587437316077285,False,classical,842.0,713.8189478270688,73
0.634989947639493,1.2227782058166,0.5877882581771069,True,active,459.0,689.5983712216155,53
0.6134458908732248,1.1294931639758354,0.5160472731026107,True,active+,459.0,794.628281592187,53
0.5175443387885947,0.9548182119102736,0.4372738731216788,True,spline,459.0,789.4634083835972,53
0.5406367606856757,0.9466509767385068,0.4060142160528311,True,spline+,459.0,943.581285406008,53
0.4128860382240741,0.9832486937288027,0.5703626555047288,True,uniform,459.0,393.2867062893501,53
0.6735675767470359,1.611528325063615,0.937960748316579,True,classical,459.0,389.0965990749408,53
0.5792494693271084,1.269275966460014,0.6900264971329055,True,active,459.0,481.1580048412113,52
0.4873803544756246,0.9872518391273104,0.4998714846516856,True,active+,459.0,594.260353399754,52
0.47965806287214,0.8691232501958066,0.3894651873236666,True,spline,459.0,838.0396419583293,52
0.531211523476674,0.9121310235692708,0.3809195000925969,True,spline+,459.0,1013.0929893965362,52
0.5202665895596883,1.1542726393244225,0.6340060497647342,True,uniform,459.0,466.28167781181384,52
0.4141928538690514,0.9649313904611712,0.5507385365921197,True,classical,459.0,413.9808631919899,52
0.7194939073559756,1.2157877566871722,0.4962938493311966,True,active,842.0,1075.9281242847037,72
0.6911457149498724,1.129689884270634,0.4385441693207615,True,active+,842.0,1226.4813771094884,72
0.6060827448878503,0.957205856005501,0.3511231111176507,True,spline,842.0,1417.7602689074297,72
0.6137391354581664,0.9504457806727032,0.3367066452145368,True,spline+,842.0,1547.955707911111,72
0.5369554181567386,0.9623518769005642,0.4253964587438256,True,uniform,842.0,869.7794942178216,72
0.6171208122102063,1.1066427024096055,0.4895218901993992,True,classical,842.0,868.1235368365278,72
0.6106969513128679,1.0053685029002537,0.3946715515873855,True,active,996.0,1191.4989129753046,19
0.68266850466385,1.0923939815846004,0.4097254769207504,True,active+,996.0,1339.7571952683195,19
0.6397212063383884,0.9795697974336364,0.339848591095248,True,spline,996.0,1631.0021182825135,19
0.6380635814889456,0.9632528487541364,0.3251892672651907,True,spline+,996.0,1745.4271021399168,19
0.6070516340454963,1.00929741115978,0.4022457771142838,True,uniform,996.0,1145.604907895055,19
0.5717962679084183,0.9837419926813732,0.411945724772955,True,classical,996.0,1005.7959942297445,19
0.5407280159791773,0.9487272691156404,0.4079992531364631,True,active,842.0,936.8057984472272,66
0.5460707932329675,0.9132369446915471,0.3671661514585796,True,active+,842.0,1119.6848800851292,66
0.5660437973411175,0.8730827709984285,0.3070389736573109,True,spline,842.0,1576.6796425862522,66
0.5916872791231403,0.9023957384778774,0.310708459354737,True,spline+,842.0,1662.1103273313247,66
0.6183639253335936,1.0860543608480102,0.4676904355144166,True,uniform,842.0,933.401062304538,66
0.6916821456099288,1.2265079251978943,0.5348257795879657,True,classical,842.0,902.4708798984968,66
0.466939079116883,1.0946558680026417,0.6277167888857584,True,active,459.0,407.9089882554278,46
0.4983718812010648,1.0490883386353422,0.5507164574342774,True,active+,459.0,534.450582927911,46
0.4967777377025038,0.9101560527496444,0.4133783150471406,True,spline,459.0,807.6977017127716,46
0.5583366358148449,0.97102111953943,0.4126844837245851,True,spline+,459.0,966.9017550989485,46
0.4969308925411574,1.0706239246466107,0.5736930321054532,True,uniform,459.0,502.6089373028851,46
0.3039205283603559,0.7269089183721097,0.4229883900117537,False,classical,459.0,389.3777629703676,46
0.6099431778919328,1.0121054425972973,0.4021622647053645,True,active,996.0,1154.5517007085373,25
0.6438684568490565,1.0391101531967033,0.3952416963476468,True,active+,996.0,1292.5493823703343,25
0.6732107784706225,1.0285570280195693,0.3553462495489468,True,spline,996.0,1648.188938853459,25
0.6406076193780561,0.9651325816857612,0.3245249623077051,True,spline+,996.0,1762.7573416567789,25
0.626585169667518,1.0437717794198869,0.4171866097523689,True,uniform,996.0,1137.020568361142,25
0.4827601269506986,0.832635683749455,0.3498755567987563,True,classical,996.0,996.607906823896,25
0.7425070480673462,1.2661134275683523,0.5236063795010061,True,active,766.0,1039.6459687802055,0
0.7152707137026861,1.1804390308793635,0.4651683171766776,True,active+,766.0,1179.7692441690915,0
0.581153889706492,0.9298583106474504,0.3487044209409584,True,spline,766.0,1340.332261298392,0
0.6303133905737133,0.9887445637449968,0.3584311731712835,True,spline+,766.0,1460.8025220365255,0
0.606923475344381,1.129673185857228,0.522749710512847,True,uniform,766.0,767.1192029045485,0
0.4062497879626867,0.7970870327309215,0.3908372447682348,False,classical,766.0,651.8155459351378,0
0.5610909637262981,0.9509867274591894,0.3898957637328913,True,active,996.0,1063.6561217162189,31
0.5158702000077664,0.8407604973977145,0.3248902973899481,True,active+,996.0,1241.0684900136548,31
0.6779564639777106,1.0294949756491891,0.3515385116714785,True,spline,996.0,1696.780251544198,31
0.6612472990011837,0.9928328127825656,0.331585513781382,True,spline+,996.0,1792.4953153343572,31
0.486360273612026,0.8465298873862839,0.3601696137742579,True,uniform,996.0,964.07843820219,31
0.5795246040678761,0.988638587757604,0.4091139836897279,True,classical,996.0,1037.9109056970992,31
0.6260512966360864,1.3951890405763678,0.7691377439402814,True,active,459.0,461.0959469615669,91
0.6478014123356337,1.3231280035403514,0.6753265912047177,True,active+,459.0,580.5452084644301,91
0.4500998812388869,0.8152669942155159,0.3651671129766289,True,spline,459.0,839.0706977221258,91
0.5017786518374988,0.8677299798174695,0.3659513279799706,True,spline+,459.0,987.004992215734,91
0.5096884797430091,1.1061596483898208,0.5964711686468117,True,uniform,459.0,493.17818853463547,91
0.5707854233478599,1.213281574637077,0.6424961512892172,True,classical,459.0,520.7326686312218,91
0.5636719776304939,1.1130790276560798,0.5494070500255859,True,active,459.0,639.5785295389887,85
0.3988001309783555,0.7667744680680003,0.3679743370896448,False,active+,459.0,692.849593680024,85
0.7140417246489715,1.4192357359314856,0.705194011282514,True,spline,459.0,627.4959444920942,85
0.7197194668423774,1.3062314569305251,0.5865119900881477,True,spline+,459.0,833.4663776187531,85
0.5781646942065372,1.1979341086309598,0.6197694144244227,True,uniform,459.0,557.9377591631554,85
0.527902124306726,1.212423009096044,0.6845208847893179,True,classical,459.0,428.30262264562595,85
0.6004666922239524,1.046681497597321,0.4462148053733686,True,active,842.0,958.9603698866742,99
0.6186996278472756,1.025790760475359,0.4070911326280837,True,active+,842.0,1158.3137646293674,99
0.5980518792346056,0.9368582550676862,0.3388063758330806,True,spline,842.0,1469.696862508154,99
0.5726770228791117,0.8831015190804379,0.3104244962013261,True,spline+,842.0,1578.4321398372156,99
0.4832215665054619,0.8681965083185036,0.3849749418130416,True,uniform,842.0,862.4391601889819,99
0.4941217020304534,0.914990908169006,0.4208692061385526,True,classical,842.0,779.9935093751352,99
0.5083277202012607,0.8698774961515789,0.3615497759503182,True,active,1072.0,1025.9467366849588,9
0.5438194344840074,0.9036471443756596,0.3598277098916521,True,active+,1072.0,1148.1970533314775,9
0.6328459289431488,0.9507664718921828,0.317920542949034,True,spline,1072.0,1787.1523815745404,9
0.6282773916576612,0.9349494015881512,0.3066720099304899,True,spline+,1072.0,1873.878414702417,9
0.596557129716052,0.975701949667293,0.3791448199512409,True,uniform,1072.0,1223.3204246782468,9
0.7529753491049695,1.2554036861222888,0.5024283370173193,True,classical,1072.0,1133.160055602463,9
0.6621672972528,1.2051576052479274,0.5429903079951274,True,active,613.0,825.6701658160598,65
0.6713346166984677,1.1706917193595832,0.4993571026611154,True,active+,613.0,957.5482424747676,65
0.6875696193743634,1.1224399335965445,0.4348703142221808,True,spline,613.0,1232.7493899584706,65
0.7357697434570898,1.1752122355348842,0.4394424920777944,True,spline+,613.0,1350.2527055574644,65
0.748888863180365,1.3839467298086012,0.6350578666282363,True,uniform,613.0,785.154255191552,65
1.0405343198392238,2.0699250152224127,1.0293906953831888,False,classical,613.0,625.9538520135737,65
0.8441597414024578,1.407066674467122,0.5629069330646643,False,active,613.0,1134.3104142197467,71
0.7102176993800282,1.203777331489602,0.4935596321095736,True,active+,613.0,1063.5309081522266,71
0.6273118554468883,1.0521147995045994,0.4248029440577111,True,spline,613.0,1107.3038198185354,71
0.6983173609489433,1.1330425619323112,0.434725200983368,True,spline+,613.0,1264.0651289176467,71
0.3593710280147889,0.8087247826653169,0.4493537546505279,True,uniform,613.0,450.07674453769806,71
0.5644080321915386,1.113456794816848,0.5490487626253093,True,classical,613.0,641.3977720642106,71
0.7323047860666458,1.3207913180388933,0.5884865319722474,True,active,613.0,851.2258763835913,59
0.7096245447310695,1.2278247594549108,0.5182002147238413,True,active+,613.0,985.05492482744,59
0.5554029615167327,0.9499895881475378,0.394586626630805,True,spline,613.0,1027.740076764076,59
0.5600998850181437,0.9205447902492814,0.3604449052311377,True,spline+,613.0,1199.4645352607354,59
0.4961516880524887,0.9893584863446542,0.4932067982921654,True,uniform,613.0,621.6134775794402,59
0.471618280656253,0.988422462090404,0.5168041814341509,True,classical,613.0,540.8110921983507,59
0.4361464342174133,1.0288287126687223,0.592682278451309,True,active,536.0,402.0348496899781,98
0.4876134784130045,0.980225144805918,0.4926116663929135,True,active+,536.0,607.3031404726975,98
0.5673077195510566,1.0615885520728077,0.494280832521751,True,spline,536.0,754.1029693138632,98
0.6177591493523643,1.0807210886122591,0.4629619392598948,True,spline+,536.0,946.6128422270992,98
0.5951161061065932,1.1544739044522183,0.5593577983456254,True,uniform,536.0,674.3401662867225,98
0.9557953062494928,1.966173791925242,1.0103784856757492,False,classical,536.0,569.122746654252,98
0.5924147078398645,1.1033209508686197,0.5109062430287552,True,active,689.0,765.6590983464615,84
0.6323927548546318,1.109464041921073,0.4770712870664413,True,active+,689.0,937.0833882400256,84
0.7237759355801164,1.207742547684595,0.4839666121044786,True,spline,689.0,1129.4168432777124,84
0.7366521906709329,1.1820632296315057,0.4454110389605725,True,spline+,689.0,1324.0328307575624,84
0.6147795863450514,1.1353093361467506,0.5205297498016992,True,uniform,689.0,786.9663224367584,84
0.4987277864324966,0.9813136635939392,0.4825858771614427,True,classical,689.0,646.364521977129,84
0.6008791816763781,1.1001591527430137,0.4992799710666353,True,active,689.0,809.4537104627644,90
0.6652647557515992,1.149376546116364,0.4841117903647647,True,active+,689.0,990.3712571336602,90
0.622813898037421,1.0129842738036623,0.3901703757662412,True,spline,689.0,1251.51798999261,90
0.6223675832233995,0.9835923587594968,0.3612247755360974,True,spline+,689.0,1413.558564510695,90
0.5483671027888839,1.0360007589872984,0.4876336561984145,True,uniform,689.0,731.6128995040366,90
0.5947672295539551,1.0972527588458876,0.5024855292919325,True,classical,689.0,789.5434488947947,90
0.5439850036415358,1.1410202246482295,0.5970352210066937,True,active,459.0,539.6200736421728,3
0.5384387862673786,1.0374447488689778,0.4990059626015991,True,active+,459.0,688.3989922679814,3
0.5222968689677652,0.9319996858406868,0.4097028168729217,True,spline,459.0,882.9523784004119,3
0.6023831529087348,1.0272493004410588,0.424866147532324,True,spline+,459.0,1039.3678907233702,3
0.6008824778324748,1.2104324668565671,0.6095499890240923,True,uniform,459.0,603.7108379094208,3
0.6126277329134975,1.338209801299162,0.7255820683856646,True,classical,459.0,485.030765801929,3
0.7224459089468681,1.139940208561763,0.4174942996148948,True,active,1149.0,1423.444684448532,7
0.7156275476349845,1.1069086373601993,0.3912810897252148,True,active+,1149.0,1556.446519063824,7
0.6429776751543191,0.960427850840456,0.3174501756861368,True,spline,1149.0,1838.9418715290703,7
0.6478900470777638,0.959777134271574,0.3118870871938103,True,spline+,1149.0,1917.334069458326,7
0.5925643675201799,0.9601053702626532,0.3675410027424733,True,uniform,1149.0,1271.4342778434332,7
0.7840160122487841,1.263610328258426,0.4795943160096417,True,classical,1149.0,1299.7452345928905,7
0.4413868028784989,0.8783909289301527,0.4370041260516537,True,active,689.0,625.2407224210201,47
0.4886880449961416,0.887342096130997,0.3986540511348553,True,active+,689.0,832.1640065095817,47
0.6764307507624719,1.120707674675241,0.4442769239127689,True,spline,689.0,1161.5905045462605,47
0.6661211093725811,1.0763809031891245,0.4102597938165434,True,spline+,689.0,1285.756755571349,47
0.5091991732764473,0.9682082773182988,0.4590091040418516,True,uniform,689.0,717.045447384937,47
0.6027938727688943,1.1869304304045212,0.5841365576356269,True,classical,689.0,644.9938893849655,47
0.4598708996053089,1.0157921628472095,0.5559212632419006,True,active,536.0,471.48102330885064,73
0.4889591762425124,0.9640764418802704,0.4751172656377578,True,active+,536.0,642.4481216574006,73
0.6604391743664405,1.1567905044782432,0.4963513301118026,True,spline,536.0,942.5150232833012,73
0.6875773209910115,1.1493446392780375,0.461767318287026,True,spline+,536.0,1121.7512129029435,73
0.5343248123310735,1.145714628913677,0.6113898165826035,True,uniform,536.0,508.9093102143282,73
0.3010330703941407,0.6997759725998418,0.3987429022057011,False,classical,536.0,416.1284728583637,73
0.586032765925284,1.0716436695052345,0.4856109035799503,True,active,689.0,812.7912895178087,53
0.5750843130956539,0.9933533124659324,0.4182689993702784,True,active+,689.0,991.1690779698404,53
0.6967870577389954,1.1672115126564366,0.4704244549174412,True,spline,689.0,1112.5502373985746,53
0.6917928787875937,1.1180544396341456,0.426261560846552,True,spline+,689.0,1284.843252119264,53
0.7158728328895286,1.2141714915283237,0.4982986586387951,True,uniform,689.0,1060.848972456017,53
0.5628705150161336,1.1655941359528008,0.6027236209366672,True,classical,689.0,558.7940699725992,53
0.5527579213200579,1.223108509189355,0.6703505878692971,True,active,536.0,469.40268596206624,67
0.5982652074613429,1.151527240565948,0.5532620331046051,True,active+,536.0,690.5704743494798,67
0.5992822955923853,1.0671113081191956,0.4678290125268103,True,spline,536.0,889.4483020336186,67
0.6409442459180813,1.0843489555154804,0.4434047095973991,True,spline+,536.0,1071.0506870450736,67
0.6423959992946984,1.2537045261469848,0.6113085268522864,True,uniform,536.0,662.2731497325385,67
0.5783181828923055,1.2170632381127775,0.6387450552204722,True,classical,536.0,534.8218852417756,67
0.5299160067192169,0.9702461143217176,0.4403301076025006,True,active,766.0,809.4135557014796,16
0.550872827522626,0.9947772011871636,0.4439043736645376,True,active+,766.0,847.6999986528314,16
0.6665431099899193,1.0804457435030232,0.4139026335131039,True,spline,766.0,1269.1157717408155,16
0.6312082312550147,0.995858365462308,0.3646501342072934,True,spline+,766.0,1424.1896850429705,16
0.5496287596105238,1.0135432999013876,0.4639145402908637,True,uniform,766.0,790.6536615989328,16
0.6191152951447016,1.1594630471613454,0.5403477520166438,True,classical,766.0,752.1788754174005,16
0.5702298698299582,0.9638763984198748,0.3936465285899168,True,active,919.0,1074.6000824869918,16
0.5767094721180992,0.9372477457650517,0.3605382736469524,True,active+,919.0,1255.6407940127144,16
0.5650979161095071,0.8553645627245889,0.2902666466150818,True,spline,919.0,1723.175877689289,16
0.5832978031918469,0.8749942313832729,0.291696428191426,True,spline+,919.0,1800.5931317771156,16
0.5137325879635243,0.9054744035987398,0.3917418156352155,True,uniform,919.0,921.8206970041948,16
0.540010409946736,0.9669040948135876,0.4268936848668515,True,classical,919.0,872.6313482928023,16
0.5647900049665692,0.9317685551972948,0.3669785502307255,True,active,1072.0,1181.4201424111718,37
0.557075020994371,0.8918749749573762,0.3347999539630052,True,active+,1072.0,1336.8633172525383,37
0.7165882346036193,1.0899876447291814,0.3733994101255621,True,spline,1072.0,1683.2170403367045,37
0.7026657017962888,1.0544164555822844,0.3517507537859955,True,spline+,1072.0,1797.5590097641382,37
0.6671625632964819,1.1011415518738892,0.4339789885774072,True,uniform,1072.0,1179.3532913293022,37
0.6150810754528707,1.0585569337076457,0.4434758582547747,True,classical,1072.0,1004.5851970051676,37
0.6493422465481054,1.0670356232092844,0.417693376661179,True,active,1072.0,1200.2896741566271,23
0.6567888170762164,1.0432485472034545,0.3864597301272381,True,active+,1072.0,1382.8640350677983,23
0.596054837461174,0.8911667024887698,0.2951118650275958,True,spline,1072.0,1830.447604833479,23
0.6268994960495077,0.9300235209166042,0.3031240248670965,True,spline+,1072.0,1903.32537151782,23
0.7404163989012987,1.179367871676407,0.4389514727751084,True,uniform,1072.0,1366.3441310052033,23
0.6189401117712168,1.0612468232650314,0.4423067114938146,True,classical,1072.0,1018.4818241112264,23
0.6051602085363162,0.9788103954078332,0.3736501868715169,True,active,1149.0,1280.6463330313668,60
0.6332766654924269,1.0032956005189344,0.3700189350265075,True,active+,1149.0,1398.500398913693,60
0.6611959096364356,0.9905702675708002,0.3293743579343646,True,spline,1149.0,1812.0930265144596,60
0.6636205439971005,0.9841540599603504,0.3205335159632498,True,spline+,1149.0,1906.724323181312,60
0.5800240639265805,0.9479115778182194,0.367887513891639,True,uniform,1149.0,1227.2611738439846,60
0.6069825711865227,1.0065633109768852,0.3995807397903625,True,classical,1149.0,1157.407525905713,60
0.5534393149003717,0.9078955813792728,0.3544562664789011,True,active,1149.0,1208.560541827371,74
0.5480974324096669,0.8701219274877351,0.3220244950780682,True,active+,1149.0,1386.1687122741214,74
0.6736989146858554,1.010332361126894,0.3366334464410385,True,spline,1149.0,1802.9763103417497,74
0.6628774617432204,0.9841889777645232,0.3213115160213027,True,spline+,1149.0,1895.5881733124336,74
0.6698085607162855,1.0725287253773474,0.402720164661062,True,uniform,1149.0,1335.9749286532112,74
0.4988206115926794,0.8525584160162425,0.3537378044235631,True,classical,1149.0,1030.6640406145882,74
0.6122483645103582,1.0021715146905616,0.3899231501802034,True,active,1149.0,1219.330572420283,48
0.6282438993878757,1.014168870217285,0.3859249708294093,True,active+,1149.0,1291.088629228472,48
0.7266786661299808,1.0945894742651006,0.3679108081351198,True,spline,1149.0,1764.4623616184492,48
0.7148239801555988,1.0641928655666488,0.34936888541105,True,spline+,1149.0,1869.878365112914,48
0.702627687584894,1.139843373691366,0.437215686106472,True,uniform,1149.0,1264.9492094725354,48
0.5577980336774077,0.91940681071022,0.3616087770328124,True,classical,1149.0,1185.673316421861,48
0.6274843329492136,1.0032326852036075,0.3757483522543939,True,active,1149.0,1344.634818575167,62
0.6255141113320007,0.9793261952047768,0.3538120838727759,True,active+,1149.0,1473.3946563121146,62
0.6498856189939448,0.9739987828131996,0.3241131638192549,True,spline,1149.0,1808.6635970865616,62
0.6506961587030531,0.9659303363997012,0.3152341776966481,True,spline+,1149.0,1897.30510024267,62
0.5832791568208238,0.9664395858049004,0.3831604289840766,True,uniform,1149.0,1161.280663083351,62
0.6889878988888198,1.1355523501473048,0.446564451258485,True,classical,1149.0,1186.057702985075,62
0.5425535238660779,0.8802048667669792,0.3376513429009012,True,active,1149.0,1264.6933014678757,76
0.5839161558917318,0.919171290132872,0.3352551342411403,True,active+,1149.0,1438.376144476803,76
0.641625144566738,0.9592182818382964,0.3175931372715582,True,spline,1149.0,1831.216228524996,76
0.6439440875763834,0.954170761058304,0.3102266734819204,True,spline+,1149.0,1914.8906409063393,76
0.592223361253807,0.9718653408522726,0.3796419795984656,True,uniform,1149.0,1206.8233414767149,76
0.6729075185920833,1.1070564679028851,0.4341489493108018,True,classical,1149.0,1194.6435378941435,76
0.5076554939846367,0.868747008110582,0.3610915141259453,True,active,1072.0,1025.859421584027,35
0.566507208979056,0.9340941460707392,0.3675869370916832,True,active+,1072.0,1183.9873062311283,35
0.6218911309872321,0.9329404540730576,0.3110493230858253,True,spline,1072.0,1800.0879070483825,35
0.6296829530114231,0.9358389026380288,0.3061559496266056,True,spline+,1072.0,1886.0403978962393,35
0.5984302190033542,1.0003608782855655,0.4019306592822113,True,uniform,1072.0,1121.6059148128547,35
0.6090953875237846,1.0245205749330772,0.4154251874092927,True,classical,1072.0,1095.0239079901858,35
0.4969063185643955,0.8490539111904306,0.3521475926260351,True,active,919.0,1031.718694487197,28
0.5612798143186039,0.9392034601548348,0.377923645836231,True,active+,919.0,1117.2249460237583,28
0.5821343537435886,0.8913610970760426,0.309226743332454,True,spline,919.0,1631.2523328007285,28
0.6142261663250242,0.9297373207554556,0.3155111544304312,True,spline+,919.0,1723.091595824149,28
0.5452719583669072,0.9536052379242004,0.4083332795572932,True,uniform,919.0,947.6970113190306,28
0.5953905329448776,1.0624466983875178,0.4670561654426401,True,classical,919.0,882.9040523246422,28
0.7001748200234138,1.1270980461302482,0.4269232261068344,True,active,1072.0,1306.455498620518,21
0.6439643235934672,1.0115538292618171,0.3675895056683499,True,active+,1072.0,1451.8840122719096,21
0.6539411856745253,0.9861522007690734,0.3322110150945481,True,spline,1072.0,1754.6570264931845,21
0.6720507334423,1.00229444401138,0.3302437105690798,True,spline+,1072.0,1853.2832600585984,21
0.6951243703199395,1.1161113727456171,0.4209870024256776,True,uniform,1072.0,1320.5995663442563,21
0.6161920356300666,1.0339072171380683,0.4177151815080019,True,classical,1072.0,1105.4733841286234,21
0.5995667280890017,0.9688158631851906,0.3692491350961889,True,active,1149.0,1285.8686806563012,89
0.6076312302065551,0.9712188196064672,0.3635875893999121,True,active+,1149.0,1346.243285780786,89
0.6036010396550728,0.8982947746044677,0.2946937349493949,True,spline,1149.0,1873.1791850771233,89
0.6382885880417724,0.9429186308129552,0.3046300427711828,True,spline+,1149.0,1944.857602050973,89
0.6719462893233179,1.0789289079749391,0.4069826186516212,True,uniform,1149.0,1320.4293983352943,89
0.6706239778151691,1.109132246275796,0.4385082684606268,True,classical,1149.0,1169.7356971246068,89
0.6491827968629797,1.0682567312329592,0.4190739343699794,True,active,919.0,1193.6027859479318,14
0.6932640540350363,1.1127122389359203,0.419448184900884,True,active+,919.0,1322.667690977891,14
0.6860955699592363,1.057573368006246,0.3714777980470097,True,spline,919.0,1581.3729453604185,14
0.6703370304812041,1.0172958471052649,0.3469588166240606,True,spline+,919.0,1701.8112617237994,14
0.5621419116103783,0.9829091361478784,0.4207672245375,True,uniform,919.0,948.3849305264268,14
0.6440877912499171,1.107148674207054,0.4630608829571369,True,classical,919.0,1009.0393778492668,14
0.5235924973246849,1.1025509354629688,0.5789584381382838,True,active,536.0,533.9657668449568,71
0.4752628518110479,0.9165549288094688,0.441292076998421,True,active+,536.0,686.4888623155288,71
0.7379194167647772,1.2880103136114391,0.5500908968466619,True,spline,536.0,954.3297233637032,71
0.6932267254988014,1.1619224640398298,0.4686957385410284,True,spline+,536.0,1110.048168635374,71
0.3329030848549471,0.8210309302653117,0.4881278454103646,True,uniform,536.0,363.3649340302464,71
0.5546026455459743,1.122512432030861,0.5679097864848868,True,classical,536.0,595.6223761647296,71
0.5833877064401434,1.0890326589435435,0.5056449525034001,True,active,689.0,759.9778787168367,45
0.6008655690569775,1.051793241349417,0.4509276722924396,True,active+,689.0,944.6002811061628,45
0.7139885667001789,1.2077917641418454,0.4938031974416665,True,spline,689.0,1071.5011648753296,45
0.7655740857035545,1.246986247175526,0.4814121614719715,True,spline+,689.0,1244.086009337943,45
0.7292614479180763,1.2468542255454127,0.5175927776273364,True,uniform,689.0,1029.3134291601812,45
0.6771987927249203,1.3056313805136284,0.628432587788708,True,classical,689.0,687.0679426547139,45
0.7133286486177912,1.1298565992723224,0.4165279506545312,True,active,1149.0,1399.925801120863,5
0.6282790829945779,0.9786535362686446,0.3503744532740667,True,active+,1149.0,1507.483983168957,5
0.6899644692697972,1.0316852161721322,0.341720746902335,True,spline,1149.0,1829.447318415353,5
0.6820330246051316,1.0104606957603066,0.328427671155175,True,spline+,1149.0,1916.324950549204,5
0.7285915288057014,1.164137737828818,0.4355462090231166,True,uniform,1149.0,1348.3178432263148,5
0.5891382196665622,0.9853759717501672,0.396237752083605,True,classical,1149.0,1119.1812324059688,5
0.5835459189830112,1.0350866939925016,0.4515407750094904,True,active,766.0,901.4711853659636,14
0.5773627553556756,0.973765505159559,0.3964027498038833,True,active+,766.0,1083.7629910714777,14
0.6003906531510161,0.9657539756721448,0.3653633225211287,True,spline,766.0,1310.5423183534974,14
0.6099730075041572,0.9583404828895006,0.3483674753853434,True,spline+,766.0,1450.6703293014596,14
0.6003960774023006,1.0879509666519842,0.4875548892496836,True,uniform,766.0,837.8977473545391,14
0.6587083058779254,1.2174601753939795,0.5587518695160542,True,classical,766.0,784.8033225535206,14
0.77653054645083,1.3988755388931498,0.6223449924423198,True,active,536.0,854.7046582899808,65
0.6708955241834703,1.1782880989178688,0.5073925747343985,True,active+,536.0,933.4836572665862,65
0.6451312950195554,1.107320575997699,0.4621892809781436,True,spline,536.0,1014.513906775712,65
0.623386861612564,1.027186159622627,0.4037992980100631,True,spline+,536.0,1187.1959810431065,65
0.4047461682203802,0.8953803399813114,0.4906341717609311,True,uniform,536.0,469.6891543059748,65
0.4231962706421309,0.9021645982559297,0.4789683276137987,True,classical,536.0,516.7637047573256,65
0.4525472024327343,0.8806830881744596,0.4281358857417253,True,active,689.0,667.9497731470279,51
0.4510403504725251,0.8101960652317582,0.3591557147592331,True,active+,689.0,863.096976269501,51
0.5820433976989807,0.9730751462063992,0.3910317485074185,True,spline,689.0,1121.12524671738,51
0.5496904270079562,0.890980115763088,0.3412896887551317,True,spline+,689.0,1269.4168827421304,51
0.4917221796176956,0.9611824521106732,0.4694602724929774,True,uniform,689.0,659.120465620545,51
0.4630192156519071,0.8975043962837236,0.4344851806318164,True,classical,689.0,675.9591865509713,51
0.56136351094576,1.0211329373009048,0.4597694263551448,True,active,689.0,827.1834906766995,79
0.5813789261743948,0.9996469651507832,0.4182680389763885,True,active+,689.0,1007.9552216384476,79
0.5270035136943247,0.8559142111543994,0.3289106974600746,True,spline,689.0,1258.9886711803513,79
0.5726043258804473,0.9086364531304296,0.3360321272499822,True,spline+,689.0,1388.7525602298483,79
0.5650712904223262,1.069030620075951,0.5039593296536248,True,uniform,689.0,728.4549757703589,79
0.5196829740269769,1.0088629717212665,0.4891799976942893,True,classical,689.0,672.8837417186113,79
0.6016706350089515,1.240947447822571,0.6392768128136196,True,active,459.0,565.0117167127518,1
0.7534331087352674,1.4465455723607823,0.6931124636255149,True,active+,459.0,695.9098157158064,1
0.5247497478391273,1.0294056130453817,0.5046558652062544,True,spline,459.0,652.1644186954863,1
0.5529997955851579,1.0104914435657415,0.4574916479805838,True,spline+,459.0,814.7845940333351,1
0.4405818910081736,1.0097735599026412,0.5691916688944676,True,uniform,459.0,430.4537610566749,1
0.4311640162357775,0.9433755720995248,0.5122115558637472,True,classical,459.0,482.9944212210468,1
0.7751731820474609,1.292277835867925,0.5171046538204641,True,active,766.0,1133.6245300708208,28
0.7658116465843995,1.2441878139666478,0.4783761673822483,True,active+,766.0,1257.2301030459123,28
0.6304748683130186,1.0029576656997865,0.3724827973867679,True,spline,766.0,1373.9237265050865,28
0.6202910454919599,0.9640391737504512,0.3437481282584913,True,spline+,766.0,1522.9082752804666,28
0.4898951650562031,0.9227281223899724,0.4328329573337691,True,uniform,766.0,738.6437110544647,28
0.4268134667689846,0.8270469761971784,0.4002335094281937,True,classical,766.0,676.6440681908881,28
0.717708481228932,1.4021330046574183,0.6844245234284865,True,active,536.0,660.230952339825,59
0.731009327381436,1.3377701326284273,0.6067608052469913,True,active+,536.0,810.7482104556052,59
0.616129099881688,1.0610101133472247,0.4448810134655367,True,spline,536.0,1002.3228144152256,59
0.5937836136853275,0.9854793395747647,0.3916957258894372,True,spline+,536.0,1153.6814802506435,59
0.5756443372602601,1.0857740250096295,0.5101296877493694,True,uniform,536.0,735.352753574985,59
0.6549146888957681,1.3960287929986264,0.7411141041028583,True,classical,536.0,516.8715708842768,59
0.5435642990022487,1.0261709519407871,0.4826066529385384,True,active,689.0,733.309976835962,86
0.5391790088093708,0.9524429857009826,0.4132639768916119,True,active+,689.0,914.6204682440472,86
0.7553274494513219,1.218505283255397,0.4631778338040752,True,spline,689.0,1294.694728137992,86
0.7585762306815742,1.1952391646876472,0.436662934006073,True,spline+,689.0,1432.414453595985,86
0.6912644458927636,1.2386506928269951,0.5473862469342315,True,uniform,689.0,870.4048128802303,86
0.7464098193585701,1.416274503385508,0.6698646840269379,True,classical,689.0,721.7497938334255,86
0.6073474721948318,1.0958411336506697,0.4884936614558379,True,active,689.0,850.1101161731441,92
0.6101716197402187,1.0851747956911817,0.475003175950963,True,active+,689.0,893.2269752075268,92
0.5368696793763746,0.8744994247667763,0.3376297453904017,True,spline,689.0,1243.89564798045,92
0.5634907022495372,0.8960967296613003,0.332606027411763,True,spline+,689.0,1375.925102762072,92
0.4776948064561918,0.9307847082779656,0.4530899018217738,True,uniform,689.0,665.4484011926126,92
0.4692313379106801,0.8933057681985397,0.4240744302878595,True,classical,689.0,714.3193572053103,92
0.731442023405644,1.3419680693488332,0.6105260459431892,True,active,613.0,803.9722266067473,67
0.726728405140399,1.278926598244915,0.5521981931045159,True,active+,613.0,926.8263347823709,67
0.651498938851388,1.1298338831066772,0.4783349442552892,True,spline,613.0,976.8889158792344,67
0.7571372783483442,1.262035537928854,0.5048982595805097,True,spline+,613.0,1134.239726129975,67
0.4372760967065739,0.9451193862927976,0.5078432895862237,True,uniform,613.0,498.4433895943992,67
0.4873649362470321,1.009237227492815,0.5218722912457829,True,classical,613.0,558.7936206504785,67
0.4830786944740787,0.9402350522476558,0.457156357773577,True,active,613.0,667.6598160916012,73
0.4944144285786711,0.89391304843973,0.3994986198610589,True,active+,613.0,844.2122080032669,73
0.5951917136453047,1.0392131452166524,0.4440214315713477,True,spline,613.0,953.2469403195404,73
0.6202362480971616,1.0357859901957784,0.4155497420986168,True,spline+,613.0,1125.944119260258,73
0.6722108758883414,1.2298565851416274,0.557645709253286,True,uniform,613.0,811.4260089881868,73
0.6066801152184268,1.246953328117758,0.6402732128993313,True,classical,613.0,570.4570558071334,73
0.5188572059367256,1.0267894399345456,0.5079322339978201,True,active,613.0,635.5545842336272,98
0.5156635492183534,0.9472231423615172,0.4315595931431638,True,active+,613.0,800.7873802831368,98
0.6148186180594719,1.028003260962996,0.4131846429035242,True,spline,613.0,1120.5581560200185,98
0.7450705841548912,1.214392836047726,0.4693222518928348,True,spline+,613.0,1240.7184546248773,98
0.597510874898286,1.137205251681059,0.5396943767827729,True,uniform,613.0,714.9333161964859,98
0.5759921359765362,1.1400570633706588,0.5640649273941226,True,classical,613.0,635.2267010997289,98
0.698737649176729,1.3430761066213173,0.6443384574445883,True,active,459.0,693.4643518251253,93
0.648091232269011,1.1896567471471815,0.5415655148781707,True,active+,459.0,802.6119381544224,93
0.4916377675756459,0.870556133442403,0.3789183658667571,True,spline,459.0,906.929614801104,93
0.533951438924439,0.918433703934956,0.3844822650105171,True,spline+,459.0,1006.5975797984312,93
0.7192108415032679,1.4333353734418308,0.714124531938563,True,uniform,459.0,622.64178924454,93
0.5856491061499138,1.290342442781246,0.7046933366313322,True,classical,459.0,474.5132991929606,93
0.4997195758991596,1.118691880458694,0.6189723045595344,True,active,459.0,455.9433146997716,87
0.4488959221473989,0.8957397560495672,0.4468438339021683,True,active+,459.0,620.3835237050737,87
0.4527396382230183,0.8338187557365032,0.3810791175134849,True,spline,459.0,793.9345705036366,87
0.5989212624534017,1.060558714449654,0.4616374519962523,True,spline+,459.0,906.831355567192,87
0.6417673735786413,1.2745746923020835,0.6328073187234422,True,uniform,459.0,628.942567901148,87
0.3656613658248699,0.8542489127960562,0.4885875469711863,True,classical,459.0,411.2632717565437,87
0.6957094541651032,1.115820515824162,0.4201110616590586,True,active,996.0,1326.7677477017155,27
0.7140395419536852,1.1271391839557596,0.4130996420020744,True,active+,996.0,1420.8819308372647,27
0.6319030137200061,0.9657566439913892,0.333853630271383,True,spline,996.0,1645.685404507382,27
0.634641836259876,0.9576441519062732,0.3230023156463971,True,spline+,996.0,1749.3540165225,27
0.6115751177762965,1.0561819446024832,0.4446068268261867,True,uniform,996.0,991.8650284564142,27
0.4834449402202806,0.8408383767944341,0.3573934365741534,True,classical,996.0,966.6366373228104,27
0.7475380523269891,1.205026469055939,0.4574884167289498,True,active,996.0,1298.8046165838489,33
0.7924730598694585,1.2488367612003974,0.4563637013309389,True,active+,996.0,1431.4634161516312,33
0.6572700751974163,0.9960295132645708,0.3387594380671546,True,spline,996.0,1713.6286950500469,33
0.6603422309477321,0.9893166821364558,0.3289744511887237,True,spline+,996.0,1811.8632867979225,33
0.5406282332143658,0.904595477300324,0.363967244085958,True,uniform,996.0,1117.4705404303184,33
0.6131288406926378,1.0553970699526505,0.4422682292600124,True,classical,996.0,1003.884406643568,33
0.6062011111069309,1.078921352021282,0.472720240914351,True,active,842.0,890.906945866393,58
0.6200260451092986,1.0442718573821703,0.4242458122728717,True,active+,842.0,1089.5338432838469,58
0.7266012507992659,1.1509545802367376,0.4243533294374717,True,spline,842.0,1399.5279973314923,58
0.7259090937302946,1.121829862852835,0.3959207691225404,True,spline+,842.0,1562.7095011419078,58
0.5159264575804997,0.9512359860648052,0.4353095284843054,True,uniform,842.0,791.0845223526319,58
0.4741006435356746,0.8658931606730007,0.391792517137326,True,classical,842.0,816.117637064146,58
0.6440404855753455,1.1764341350273786,0.532393649452033,True,active,766.0,815.7391256671766,2
0.6178862648580749,1.0670249383414108,0.4491386734833359,True,active+,766.0,992.0565232487096,2
0.6783437419563442,1.0718388592703878,0.3934951173140436,True,spline,766.0,1414.8182561142885,2
0.6693880900535878,1.0340157802569174,0.3646276902033296,True,spline+,766.0,1565.9478906212885,2
0.5965838747198272,1.082564173918846,0.4859802991990186,True,uniform,766.0,833.9479371037168,2
0.6577069640552476,1.2303555926636236,0.572648628608376,True,classical,766.0,754.8757175004038,2
0.5103955249911201,1.0635818264351455,0.5531863014440255,True,active,459.0,549.2833354564289,78
0.497631524521717,0.9709878046437896,0.4733562801220726,True,active+,459.0,662.6677610347483,78
0.6250958989419096,1.1295512628031268,0.5044553638612171,True,spline,459.0,845.8217956331358,78
0.5936866126553582,1.0257275161456632,0.432040903490305,True,spline+,459.0,990.3134103648208,78
0.5899344760913678,1.2854517322757586,0.6955172561843908,True,uniform,459.0,488.1202235259362,78
0.6723238405932499,1.447469292921101,0.7751454523278511,True,classical,459.0,503.5453773693873,78
0.5251489260191393,0.945041526329898,0.4198926003107588,True,active,842.0,857.7361644516765,70
0.5759861931555315,0.9838459908314016,0.4078597976758701,True,active+,842.0,1033.0121093671771,70
0.6493884699896311,1.0178678893865103,0.3684794193968792,True,spline,842.0,1465.9071744752227,70
0.6803436686819084,1.0487712328391712,0.3684275641572627,True,spline+,842.0,1580.9265771812154,70
0.5834094469402554,1.046419169284458,0.4630097223442025,True,uniform,842.0,867.4736012210265,70
0.6450390574076703,1.1415603279325583,0.496521270524888,True,classical,842.0,908.6768084212976,70
0.3288186726134807,0.9222997803102988,0.593481107696818,True,active,459.0,278.3653005441046,50
0.3788816778895492,0.923331266631178,0.5444495887416289,True,active+,459.0,373.17581849778384,50
0.5998020729910903,1.143556756361096,0.5437546833700057,True,spline,459.0,711.077660433657,50
0.5639143075437929,1.0088486409186357,0.4449343333748425,True,spline+,459.0,875.1781992113401,50
0.6472101260003669,1.2645022721627834,0.6172921461624166,True,uniform,459.0,660.0803508845338,50
0.5949904886618896,1.320377650307445,0.7253871616455553,True,classical,459.0,465.997047471089,50
0.5540808102179238,1.2350953492188304,0.6810145390009066,True,active,459.0,460.8198549440807,44
0.4740645071619272,0.9635030034453368,0.4894384962834096,True,active+,459.0,588.6566094247456,44
0.5963128740197626,1.1032267100222302,0.5069138360024675,True,spline,459.0,782.2854377652928,44
0.5864668330280475,1.0399958736844033,0.4535290406563558,True,spline+,459.0,902.294109983344,44
0.2987767482754599,0.8757628462628597,0.5769860979873997,True,uniform,459.0,256.03533396928384,44
0.4062591170338178,0.9449766597282206,0.5387175426944029,True,classical,459.0,415.5086431578203,44
0.585564402707738,1.0484683555349292,0.4629039528271912,True,active,842.0,872.6355407814524,64
0.6360641708972388,1.0775398923638324,0.4414757214665936,True,active+,842.0,1065.5968369392654,64
0.6383270869864205,1.0048075541875228,0.3664804672011023,True,spline,842.0,1438.4687344267209,64
0.6368675585785705,0.982058099549726,0.3451905409711554,True,spline+,842.0,1578.6472893743044,64
0.4809817199410796,0.8499304449748957,0.3689487250338161,True,uniform,842.0,913.5199219323432,64
0.5891335648669994,1.0734136738030948,0.4842801089360954,True,classical,842.0,822.648279788548,64
0.7507732449141234,1.2089203633872274,0.4581471184731039,True,active,842.0,1304.7675113629082,65
0.7897287736989611,1.2594265060906336,0.4696977323916724,True,active+,842.0,1359.3210272179097,65
0.642728774164644,1.0170213461619475,0.3742925719973035,True,spline,842.0,1405.9918647789498,65
0.6336491115028345,0.9826681089080984,0.3490189974052637,True,spline+,842.0,1537.988268211176,65
0.7458117556871235,1.253880559560652,0.5080688038735286,True,uniform,842.0,1097.0479614134051,65
0.6326615299134489,1.145217522988664,0.5125559930752152,True,classical,842.0,840.8584569224238,65
0.7320972622807358,1.4161705207590145,0.6840732584782787,True,active,459.0,680.1684971882572,45
0.5180553519042139,1.0114981430125354,0.4934427911083214,True,active+,459.0,661.377508593834,45
0.5116785891595338,0.9226486705146294,0.4109700813550956,True,spline,459.0,851.9123257387838,45
0.6036204393284963,1.0469683219716672,0.4433478826431709,True,spline+,459.0,976.3276045136388,45
0.6203190139375044,1.2299389155440303,0.6096199016065259,True,uniform,459.0,631.989558031595,45
0.6823356218301047,1.4931590606887577,0.8108234388586528,True,classical,459.0,482.8072341520144,45
0.6223156886111333,1.2902314372932422,0.6679157486821089,True,active,459.0,556.9673152621478,51
0.4760899627391489,0.9257954487813824,0.4497054860422335,True,active+,459.0,669.475856425347,51
0.7002866607045121,1.2702407218967762,0.5699540611922641,True,spline,459.0,835.0573710947197,51
0.6693963689734259,1.1493184870348694,0.4799221180614434,True,spline+,459.0,1013.3752385017386,51
0.7166067315516084,1.3709345173038532,0.6543277857522448,True,uniform,459.0,703.5960316012223,51
0.6079558424391465,1.3914047598588368,0.7834489174196904,True,classical,459.0,431.9296170023413,51
0.4938925107756645,0.8906204146628863,0.3967279038872218,True,active,842.0,851.7720030518531,71
0.501119662903318,0.8503236020099273,0.3492039391066093,True,active+,842.0,1059.0145092708872,71
0.6184276694589514,0.9810693837943132,0.3626417143353618,True,spline,842.0,1390.4816118349252,71
0.6097700966998321,0.950143555774372,0.34037345907454,True,spline+,842.0,1505.1881224404578,71
0.6362361688190085,1.0995494072984564,0.4633132384794479,True,uniform,842.0,989.2996307302373,71
0.7254755184752699,1.2797551871942563,0.5542796687189866,True,classical,842.0,919.0922717445852,71
0.327716793126274,0.8714380106854493,0.5437212175591752,True,active,459.0,309.57487536116025,79
0.3841014891107733,0.8291138437497131,0.4450123546389398,True,active+,459.0,500.12361675269375,79
0.6805995082450471,1.2523088442314614,0.5717093359864143,True,spline,459.0,796.3547548374313,79
0.6828915078763264,1.1906146733894043,0.507723165513078,True,spline+,459.0,958.214591719436,79
0.5723094418344163,1.182563296612981,0.610253854778565,True,uniform,459.0,562.1511136689257,79
0.5059698741837676,1.116639969381365,0.6106700951975971,True,classical,459.0,472.52503643984744,79
0.54954555213977,0.9974321585702384,0.4478866064304683,True,active,766.0,833.319700275632,3
0.604019629490721,1.0361305246525532,0.4321108951618322,True,active+,766.0,1016.7821208436922,3
0.737109790588774,1.199185961984764,0.46207617139599,True,spline,766.0,1250.2162287781923,3
0.7321303562900808,1.156821620405805,0.4246912641157242,True,spline+,766.0,1414.842369175832,3
0.7000643450570657,1.2226842330095582,0.5226198879524925,True,uniform,766.0,952.2348474530762,3
0.5800256718472353,1.0880579353979958,0.5080322635507605,True,classical,766.0,748.2226876414851,3
0.4857068597443256,0.9080680907960872,0.4223612310517615,True,active,842.0,756.2877098059564,59
0.5153441888800862,0.9276888465766766,0.4123446576965904,True,active+,842.0,856.8189473330481,59
0.5872727161429234,0.9038781154636728,0.3166053993207492,True,spline,842.0,1592.4686838482237,59
0.6006744458154872,0.9132926535338484,0.312618207718361,True,spline+,842.0,1686.5689190679796,59
0.6539682242040317,1.1387269132782576,0.4847586890742259,True,uniform,842.0,962.6481461963688,59
0.538054696457176,0.989454719866281,0.451400023409105,True,classical,842.0,797.8623878531786,59
0.6514414518244013,1.066631406547958,0.4151899547235568,True,active,996.0,1217.912505116677,32
0.6147687201915324,0.9800575774775384,0.365288857286006,True,active+,996.0,1361.4028724005957,32
0.6643954346937568,1.016117969432355,0.3517225347385981,True,spline,996.0,1640.3346263056262,32
0.6528099376941243,0.9838156374409636,0.3310056997468392,True,spline+,996.0,1760.1440269239208,32
0.6725094204955513,1.0975465105589135,0.4250370900633624,True,uniform,996.0,1234.1622737454743,32
0.6071494909971364,1.0409709789297688,0.4338214879326323,True,classical,996.0,1018.697477740549,32
0.4129464534265327,1.0132503841235163,0.6003039306969836,True,active,459.0,367.5128585119585,86
0.4842525897985137,1.015119892141724,0.5308673023432102,True,active+,459.0,540.496823198187,86
0.5922094332760552,1.0584595011846387,0.4662500679085835,True,spline,459.0,878.0537009532479,86
0.7033064058378637,1.217064134125383,0.5137577282875192,True,spline+,459.0,984.5493031270322,86
0.32871411438956,0.7810647486039125,0.4523506342143524,False,uniform,459.0,395.30767780339954,86
0.3835632412424704,0.8523794691935488,0.4688162279510783,True,classical,459.0,464.364892344608,86
0.5883036348884155,1.2139584126413163,0.6256547777529008,True,active,459.0,564.2659118949525,92
0.5862791671683816,1.1994580448557948,0.6131788776874132,True,active+,459.0,577.8568924380874,92
0.5383290337026057,0.9324505142668656,0.39412148056426,True,spline,459.0,981.1757134259394,92
0.6322143999848454,1.066938791345903,0.4347243913610575,True,spline+,459.0,1081.1942831959202,92
0.701195802497939,1.3380719631521891,0.6368761606542501,True,uniform,459.0,709.1006608709083,92
0.470388641285764,1.0206137448579369,0.5502251035721728,True,classical,459.0,493.4960964627472,92
0.5914089768039196,1.0936641688027635,0.5022551919988439,True,active,613.0,783.4256673297245,99
0.5606707835991456,0.9963057107377846,0.435634927138639,True,active+,613.0,895.82607299653,99
0.6001522255374507,1.003830892560001,0.4036786670225503,True,spline,613.0,1119.037295556528,99
0.6040135301728778,0.9808761895954168,0.3768626594225388,True,spline+,613.0,1259.577090825282,99
0.6742148344901597,1.1871846747431476,0.5129698402529879,True,uniform,613.0,924.967778188658,99
0.735244717577703,1.4879439398694378,0.7526992222917348,True,classical,613.0,595.8347136656356,99
0.7007411659383832,1.297817456974226,0.5970762910358428,True,active,613.0,779.5673411627165,72
0.6374459905624777,1.1175281737374168,0.480082183174939,True,active+,613.0,939.4775084251402,72
0.5784308277720435,0.9876448247994746,0.4092139970274311,True,spline,613.0,1034.4858913706155,72
0.608214727331779,1.0013961193340029,0.3931813920022239,True,spline+,613.0,1190.954818012401,72
0.6670338492577875,1.2400370751162872,0.5730032258584997,True,uniform,613.0,770.1537206086844,72
0.6720588146159213,1.338104494880811,0.6660456802648896,True,classical,613.0,624.3452534658776,72
0.6738102921428148,1.232403490452901,0.5585931983100865,True,active,613.0,812.2534224163257,66
0.4540167297400034,0.8375047897413219,0.3834880600013185,True,active+,613.0,789.8059816774843,66
0.6590992872646347,1.0789826761956112,0.4198833889309764,True,spline,613.0,1218.770035242298,66
0.6843448424429498,1.0917697648198494,0.4074249223768996,True,spline+,613.0,1357.1615532263977,66
0.7200983789822974,1.3179894770289793,0.5978910980466818,True,uniform,613.0,810.3681905973802,66
0.6390899252602157,1.244116121998408,0.6050261967381924,True,classical,613.0,667.2887977807811,66
0.6373375616411884,1.1118187608429708,0.4744811992017824,True,active,689.0,956.2729731944362,93
0.5105003522352753,0.8680032435506646,0.3575028913153892,True,active+,689.0,1050.9216517338057,93
0.5945253120241193,0.968476288169805,0.3739509761456857,True,spline,689.0,1243.5670664621732,93
0.6093214584670519,0.9672172857750884,0.3578958273080365,True,spline+,689.0,1386.7872608156174,93
0.6445917029936492,1.15815359545906,0.5135618924654108,True,uniform,689.0,862.3732608642324,93
0.7208011801578731,1.404110468141403,0.6833092879835299,True,classical,689.0,665.9675222587881,93
0.6400029821364932,1.123064926153628,0.4830619440171348,True,active,689.0,936.3428311286594,87
0.6023278143756128,1.018973224064369,0.4166454096887562,True,active+,689.0,1071.2285600657426,87
0.6220742827612897,1.005703562885336,0.3836292801240462,True,spline,689.0,1283.108632735615,87
0.6182858042644657,0.9762347374162712,0.3579489331518054,True,spline+,689.0,1419.3108580597948,87
0.6335601419241057,1.1417880098531756,0.5082278679290699,True,uniform,689.0,853.5215758290774,87
0.5827222940878163,1.1289418204125123,0.5462195263246961,True,classical,689.0,677.0311398762038,87
0.6628105950118622,1.1419399362232916,0.4791293412114293,True,active,766.0,1000.5754941477738,29
0.6513046986050735,1.085840835393307,0.4345361367882332,True,active+,766.0,1133.3712181266342,29
0.7910826567575123,1.3065699946781042,0.5154873379205919,True,spline,766.0,1176.115465638388,29
0.7443102142702872,1.1851708910683774,0.4408606767980901,True,spline+,766.0,1368.3232951283455,29
0.6274041299263541,1.0921852357344457,0.4647811058080916,True,uniform,766.0,963.560113226455,29
0.4877027006732229,0.9187689527984828,0.43106625212526,True,classical,766.0,738.2111612798747,29
0.6433188830473704,1.1816746598689531,0.5383557768215828,True,active,536.0,800.8737676182341,58
0.663117597247708,1.205096891161192,0.5419792939134841,True,active+,536.0,829.7789560201014,58
0.6071789141693456,1.06866029752296,0.4614813833536144,True,spline,536.0,926.4525838932587,58
0.6292977990332284,1.0620910588978747,0.4327932598646463,True,spline+,536.0,1080.90492982229,58
0.5133737642518973,1.0699666523026303,0.556592888050733,True,uniform,536.0,549.0335647581202,58
0.4532279378111521,0.93457403624407,0.4813460984329177,True,classical,536.0,565.3624499983807,58
0.6543475040930399,1.1371758583128766,0.4828283542198367,True,active,689.0,969.4281794926014,78
0.5433142746137849,0.9167592633461628,0.3734449887323779,True,active+,689.0,1081.8694591172598,78
0.5979408334114943,0.9987827503427472,0.4008419169312529,True,spline,689.0,1124.9343687268924,78
0.6099418574843418,0.9830998425635552,0.3731579850792134,True,spline+,689.0,1299.4825005114285,78
0.5265215308336444,1.005390844994033,0.4788693141603886,True,uniform,689.0,707.6947238185874,78
0.517504041431554,0.9921768254664266,0.4746727840348725,True,classical,689.0,698.9268321567773,78
0.769722700060927,1.4932851329046464,0.7235624328437193,True,active,459.0,674.2181937544561,0
0.6579344228141182,1.2251270389208064,0.5671926161066883,True,active+,459.0,766.09880502867,0
0.8349710371162302,1.643181933375343,0.8082108962591128,False,spline,459.0,646.0569587065672,0
0.7906804867932798,1.426151952930964,0.635471466137684,True,spline+,459.0,851.0767017564219,0
0.4713632166078964,1.045084709180706,0.5737214925728096,True,uniform,459.0,467.05507868575256,0
0.5570650946836411,1.2258771495164584,0.6688120548328174,True,classical,459.0,475.9730995771045,0
0.6494886014785766,1.2215652292216828,0.5720766277431062,True,active,766.0,742.0155935584346,15
0.6043891166007287,1.056000400955008,0.4516112843542794,True,active+,766.0,950.89078329842,15
0.668528556076604,1.0665529435250336,0.3980243874484296,True,spline,766.0,1357.0760358960229,15
0.6300756046066271,0.9851895328049958,0.3551139281983686,True,spline+,766.0,1481.9552756780731,15
0.6403611513178857,1.1167403221822378,0.4763791708643521,True,uniform,766.0,957.3602050412412,15
0.6573900496789474,1.200622253236712,0.5432322035577647,True,classical,766.0,816.183170078151,15
0.6798910895028114,1.1897529027373444,0.509861813234533,True,active,689.0,945.6549806999016,50
0.6299422646083804,1.0790552358302663,0.4491129712218858,True,active+,689.0,1022.1875221950476,50
0.6526351753348926,1.0607435028340593,0.4081083274991667,True,spline,689.0,1255.1338874753078,50
0.6225465925766851,0.9868799321145524,0.3643333395378674,True,spline+,689.0,1394.909727704174,50
0.7768970193195893,1.3920516546487438,0.6151546353291545,True,uniform,689.0,870.4923329179796,50
0.8203371786448899,1.5463368637792203,0.7259996851343307,False,classical,689.0,736.8144876091989,50
0.5195873491383569,1.0821874463009182,0.5626000971625613,True,active,536.0,550.042512927587,64
0.5378255274584994,1.0310844015168463,0.4932588740583471,True,active+,536.0,699.0382491262845,64
0.6430925809634199,1.14057643918487,0.4974838582214501,True,spline,536.0,901.8392205638902,64
0.631882946565301,1.0699388579565738,0.4380559113912728,True,spline+,536.0,1067.5554000834927,64
0.6061273985904857,1.2267686269439837,0.620641228353498,True,uniform,536.0,595.663138854048,64
0.5253844481153864,1.156095430049454,0.6307109819340675,True,classical,536.0,476.04128241351515,64
0.6712843151598024,1.2044058533788446,0.5331215382190423,True,active,689.0,866.5571994835773,44
0.6871123184655566,1.1734755014168428,0.4863631829512861,True,active+,689.0,1033.623300692302,44
0.6571912684678798,1.1020151771255866,0.4448239086577068,True,spline,689.0,1108.131072567578,44
0.6246932621382235,1.0211489519520762,0.3964556898138527,True,spline+,689.0,1226.1060970806814,44
0.6467535221052537,1.1678526124628952,0.5210990903576415,True,uniform,689.0,847.8667295221967,44
0.5803957215326132,1.125889746961461,0.5454940254288478,True,classical,689.0,674.3905704236201,44
0.5669348840072431,1.1886376671202317,0.6217027831129885,True,active,536.0,540.25839712886,70
0.6230609968821366,1.202439743318791,0.5793787464366544,True,active+,536.0,685.0080301808894,70
0.662669407403614,1.139163201044736,0.4764937936411219,True,spline,536.0,1008.7979615343936,70
0.6671940706325559,1.1058159152397926,0.4386218446072367,True,spline+,536.0,1159.879647081537,70
0.5594069535835494,1.1729150092098444,0.613508055626295,True,uniform,536.0,540.1832095215302,70
0.5499099681551202,1.1041321420025427,0.5542221738474226,True,classical,536.0,609.3939875746322,70
0.6486062607472648,1.05463612365014,0.4060298629028752,True,active,1149.0,1252.9755227068645,4
0.6088265548713784,0.9573972443748058,0.3485706895034274,True,active+,1149.0,1444.929828508108,4
0.6089060902107977,0.9054973518112658,0.2965912616004681,True,spline,1149.0,1880.4039450044947,4
0.631223922353255,0.9315809801369695,0.3003570577837147,True,spline+,1149.0,1954.5336233282192,4
0.5554525570135884,0.920497331979438,0.3650447749658495,True,uniform,1149.0,1160.46230903407,4
0.5776758917266248,0.9652564400430532,0.3875805483164283,True,classical,1149.0,1123.4651617100271,4
0.5682877496285417,0.9746867768055296,0.4063990271769878,True,active,919.0,1017.3605637482218,15
0.564033709354878,0.9253095059241696,0.3612757965692915,True,active+,919.0,1208.3798885805595,15
0.5821923823030472,0.8885120289656125,0.3063196466625654,True,spline,919.0,1656.8277364683124,15
0.5905108685002954,0.8917714985777319,0.3012606300774364,True,spline+,919.0,1742.516156204211,15
0.4986582041458429,0.8811854684817148,0.3825272643358718,True,uniform,919.0,913.4494112061444,15
0.6543679004982249,1.1458712942561913,0.4915033937579663,True,classical,919.0,943.3522031825984,15
0.6766777574634775,1.1300908041776727,0.4534130467141952,True,active,919.0,1125.7565712475398,29
0.6903232239707696,1.1157359721209794,0.4254127481502098,True,active+,919.0,1284.5710554615644,29
0.627188790293935,0.9575420257778412,0.3303532354839061,True,spline,919.0,1653.894000871229,29
0.6296448202597699,0.9499951815594502,0.3203503612996803,True,spline+,919.0,1750.3275281555757,29
0.8088543744219879,1.2992691359558264,0.4904147615338384,False,uniform,919.0,1318.2425480127192,29
0.5652522081556282,1.0122745725952031,0.447022364439575,True,classical,919.0,872.1155978593562,29
0.6619490507795676,1.0556397673977649,0.3936907166181971,True,active,1149.0,1359.3705061527269,88
0.6747823029707962,1.0547585253086054,0.3799762223378091,True,active+,1149.0,1484.0608810840422,88
0.7226339935092458,1.08607704282088,0.3634430493116343,True,spline,1149.0,1783.7930425557324,88
0.7038322702803901,1.0456570121209052,0.3418247418405151,True,spline+,1149.0,1889.5323620438987,88
0.6397494138946743,1.030595073159422,0.3908456592647477,True,uniform,1149.0,1302.3836096349046,88
0.6690284820071151,1.1109437107364342,0.4419152287293191,True,classical,1149.0,1151.2927515222598,88
0.6314849557969401,1.059802605512674,0.428317649715734,True,active,1072.0,1104.524872183864,20
0.6740671039460293,1.1013382479359148,0.4272711439898855,True,active+,1072.0,1228.461310236495,20
0.6706810707986215,1.010570218394396,0.3398891475957746,True,spline,1072.0,1761.6572095575398,20
0.662853609243084,0.9889496690588824,0.3260960598157982,True,spline+,1072.0,1849.8013776672324,20
0.6100708618716103,0.9996254552958584,0.3895545934242481,True,uniform,1072.0,1214.3027780711343,20
0.5784113478084763,0.9894632596119196,0.4110519118034432,True,classical,1072.0,1027.279830909343,20
0.7660905864209684,1.2101691523729357,0.4440785659519672,True,active,1072.0,1416.439312251073,34
0.7673918279514033,1.1888600871756263,0.4214682592242232,True,active+,1072.0,1545.187807364606,34
0.5989490339521542,0.9002958971158892,0.301346863163735,True,spline,1072.0,1782.7217753463935,34
0.5918977833241446,0.8816562944222018,0.2897585110980573,True,spline+,1072.0,1864.881699394498,34
0.5764973299841363,0.962177100508722,0.3856797705245858,True,uniform,1072.0,1128.528651098099,34
0.4947584283456707,0.8525323982690753,0.3577739699234046,True,classical,1072.0,1000.034700367698,34
0.6165076004915149,1.0042016379751435,0.3876940374836286,True,active,1149.0,1243.9914671056788,77
0.6361719477446254,1.008343921413393,0.3721719736687675,True,active+,1149.0,1395.7227670782015,77
0.6283596806027668,0.9369358964840944,0.3085762158813274,True,spline,1149.0,1855.2426984604256,77
0.6703253052064201,0.9919880858635914,0.3216627806571713,True,spline+,1149.0,1927.445346588349,77
0.6186283585423482,1.0072485225586154,0.3886201640162672,True,uniform,1149.0,1246.0568709287131,77
0.5353551098110048,0.9051400163029388,0.3697849064919341,True,classical,1149.0,1073.6350754303896,77
0.7218987726850669,1.1398673603976046,0.4179685877125377,True,active,1149.0,1419.1243771309196,63
0.6922820115898213,1.0690724825796944,0.3767904709898731,True,active+,1149.0,1568.0243177048046,63
0.67169924833367,1.0063500159430203,0.3346507676093505,True,spline,1149.0,1811.6995007046864,63
0.6537615144594728,0.9706594963038392,0.3168979818443663,True,spline+,1149.0,1895.5370909890944,63
0.5956753128633486,0.9705580411026704,0.3748827282393218,True,uniform,1149.0,1242.47317113005,63
0.6325440574897726,1.0443769243469023,0.4118328668571297,True,classical,1149.0,1177.6749760245343,63
0.6407586480927744,1.035613029866189,0.3948543817734146,True,active,1149.0,1284.6440195670557,67
0.6212119014756564,0.9761874072716382,0.3549755057959818,True,active+,1149.0,1449.4258279642586,67
0.6497922362853344,0.9688244953880016,0.3190322591026673,True,spline,1149.0,1855.9053090358168,67
0.649065046296441,0.9595122819577188,0.3104472356612777,True,spline+,1149.0,1937.8714072147293,67
0.5991723644492355,0.9851907335597294,0.3860183691104939,True,uniform,1149.0,1197.3649409206405,67
0.5787140099046517,0.9757402582634512,0.3970262483587996,True,classical,1149.0,1085.056928938143,67
0.6668672401306952,1.060382671207477,0.3935154310767821,True,active,1149.0,1376.5385857818744,73
0.6644324841412214,1.0334431177441794,0.369010633602958,True,active+,1149.0,1517.5694811143487,73
0.6628931914720381,0.9921718456785924,0.3292786542065544,True,spline,1149.0,1820.6240713393672,73
0.6752159557497048,1.000829178936492,0.3256132231867872,True,spline+,1149.0,1911.7701817753484,73
0.7221440270730212,1.1432230454632173,0.4210790183901961,True,uniform,1149.0,1403.106454754112,73
0.5408742246099405,0.9041315814136126,0.3632573568036721,True,classical,1149.0,1121.6846251817851,73
0.6614100188565621,1.0742673053071763,0.4128572864506143,True,active,1072.0,1258.6914826601046,18
0.6045369234815301,0.953837575930558,0.3493006524490279,True,active+,1072.0,1423.806093271372,18
0.638223871972846,0.9626789642480216,0.3244550922751755,True,spline,1072.0,1752.629192136755,18
0.6371179437053549,0.9514201397385784,0.3143021960332236,True,spline+,1072.0,1841.3998099930864,18
0.4741839743716327,0.8317244776409303,0.3575405032692976,True,uniform,1072.0,937.8034091127844,18
0.704692443161949,1.164402313438175,0.4597098702762257,True,classical,1072.0,1174.0389000398372,18
0.5853141437558224,0.989978354268195,0.4046642105123726,True,active,919.0,1072.103355927086,11
0.5923810002122099,0.9624468591687426,0.3700658589565327,True,active+,919.0,1257.090979834934,11
0.6767928901726946,1.05115188942118,0.3743589992484853,True,spline,919.0,1527.5229895980256,11
0.6702489931158442,1.0224979743044822,0.352248981188638,True,spline+,919.0,1659.909434920425,11
0.6130028175929991,1.0522469426531584,0.4392441250601593,True,uniform,919.0,1014.2550217430276,11
0.6011525850644116,1.0761162665078905,0.4749636814434786,True,classical,919.0,873.3685381313597,11
0.6548427878189392,1.0494114440199078,0.3945686562009686,True,active,1072.0,1331.4060827387943,30
0.6455841317624471,1.0091288526288853,0.3635447208664382,True,active+,1072.0,1483.9933121986828,30
0.5984792966334809,0.8968199288229011,0.2983406321894202,True,spline,1072.0,1810.0099913410968,30
0.6106323247570894,0.907276840124455,0.2966445153673656,True,spline+,1072.0,1888.6543922941596,30
0.5672038106573928,0.940470761291702,0.3732669506343091,True,uniform,1072.0,1158.0265325024795,30
0.7021054064895705,1.1924362277880314,0.4903308212984608,True,classical,1072.0,1055.4261212287731,30
0.6027714329361544,0.9885271455999988,0.3857557126638443,True,active,1149.0,1210.023134058678,98
0.6121774204210361,0.9688432683803224,0.3566658479592862,True,active+,1149.0,1404.9498658603077,98
0.5924615831376061,0.8784084250746398,0.2859468419370337,True,spline,1149.0,1909.110050422087,98
0.6312611918148192,0.9298568129432746,0.2985956211284554,True,spline+,1149.0,1973.8742349672505,98
0.645972017434243,1.0477112350881932,0.4017392176539501,True,uniform,1149.0,1266.0579269120997,98
0.7124888993012379,1.1704122244701238,0.4579233251688859,True,classical,1149.0,1201.8995700258492,98
0.6959423736794813,1.101552777459872,0.4056104037803906,True,active,1072.0,1404.1636305063337,24
0.7179730120737717,1.113070861799796,0.3950978497260242,True,active+,1072.0,1540.3046287407635,24
0.6440992563991162,0.97126292306566,0.3271636666665436,True,spline,1072.0,1755.0750063735304,24
0.6422349234806445,0.9579123348361034,0.3156774113554589,True,spline+,1072.0,1852.459686254929,24
0.7140226908979315,1.1522084557736147,0.4381857648756833,True,uniform,1072.0,1293.1141106327157,24
0.5694063230492071,0.9617572499163248,0.3923509268671176,True,classical,1072.0,1077.7008836626258,24
0.559778638133362,1.1872522067326634,0.6274735685993014,True,active,459.0,523.8057187095121,4
0.5800459071024904,1.137888616263028,0.5578427091605376,True,active+,459.0,652.1506349392605,4
0.529016595085924,1.013131266265909,0.4841146711799853,True,spline,459.0,701.3011187438569,4
0.5511766528984127,0.9918536159199576,0.4406769630215448,True,spline+,459.0,857.8144442864021,4
0.5388434896032407,1.1670871951263608,0.6282437055231201,True,uniform,459.0,495.7450601152949,4
0.5401880606950302,1.23289067670943,0.6927026160143999,True,classical,459.0,434.8315113188064,4
0.6939004228829356,1.2069560828067216,0.513055659923786,True,active,766.0,966.4049606522304,39
0.7103458009216375,1.1903161588769122,0.4799703579552747,True,active+,766.0,1111.13117717461,39
0.5716654640655267,0.9173188814936548,0.345653417428128,True,spline,766.0,1324.0308513083626,39
0.5871004833112327,0.923059710912422,0.3359592276011893,True,spline+,766.0,1446.124575739963,39
0.6645165753101087,1.1390493678680085,0.4745327925578996,True,uniform,766.0,1019.6227080626588,39
0.6431254069076611,1.1880195834769018,0.5448941765692408,True,classical,766.0,786.1801552012432,39
0.4608626276249538,0.9806690368625338,0.51980640923758,True,active,536.0,519.2657700697573,48
0.5069219021466528,0.9850585220345232,0.4781366198878704,True,active+,536.0,670.8922134725361,48
0.5666844244665761,1.0073696299732455,0.4406852055066694,True,spline,536.0,894.6584180613147,48
0.6078777524170916,1.0396164640088883,0.4317387115917969,True,spline+,536.0,1028.2142289452747,48
0.8035937250116354,1.488778405009174,0.6851846799975387,False,uniform,536.0,778.7667465608336,48
0.739630801764747,1.5275925386620757,0.7879617368973286,True,classical,536.0,562.8685759686189,48
0.5375247589076589,1.0429616862540785,0.5054369273464195,True,active,689.0,673.9304517181271,68
0.5429745147484167,0.9720342739565072,0.4290597592080906,True,active+,689.0,873.1775394176196,68
0.6305596700178141,1.022830626774219,0.3922709567564052,True,spline,689.0,1265.4597014073795,68
0.6409555355208437,1.0119115454476972,0.3709560099268535,True,spline+,689.0,1420.0314081251254,68
0.7695112843580328,1.4078714984231286,0.6383602140650958,True,uniform,689.0,811.4316503499597,68
0.6950852607721135,1.3745908789120869,0.6795056181399733,True,classical,689.0,636.8350386166259,68
0.6097903190855214,0.9876743242104024,0.3778840051248809,True,active,1149.0,1273.2577310131735,0
0.5527771779253232,0.8729893490520235,0.3202121711267003,True,active+,1149.0,1417.9686808198758,0
0.712619192818881,1.0659477975239031,0.3533286047050223,True,spline,1149.0,1826.1442873204323,0
0.7077697727755201,1.0486312373173954,0.3408614645418752,True,spline+,1149.0,1915.9487673448953,0
0.6299862513191725,1.0259954121901895,0.396009160871017,True,uniform,1149.0,1244.792009103253,0
0.6973457744294043,1.1431413592037756,0.4457955847743713,True,classical,1149.0,1212.1004542368755,0
0.5096984023343117,0.9102847058953428,0.400586303561031,True,active,689.0,880.3906807940409,40
0.5183383280606438,0.8914678682702829,0.373129540209639,True,active+,689.0,1007.0565427467684,40
0.5546327148794781,0.8974829679759095,0.3428502530964314,True,spline,689.0,1278.2882803528046,40
0.6133106227582754,0.9709300194826772,0.3576193967244018,True,spline+,689.0,1403.1023049825076,40
0.6142891158060982,1.1233773598937842,0.5090882440876859,True,uniform,689.0,812.6403509849166,40
0.5042875034213508,0.9644569802308184,0.4601694768094675,True,classical,689.0,704.2516635947879,40
0.5747336310430888,1.1170294811400798,0.542295850096991,True,active,536.0,670.534042315915,74
0.6607815365144994,1.2399335453345,0.5791520088200005,True,active+,536.0,747.4799324001847,74
0.5492768907255384,1.0280976339722914,0.4788207432467529,True,spline,536.0,753.5186280266794,74
0.606329922297382,1.063103901813078,0.4567739795156961,True,spline+,536.0,939.0797960162512,74
0.7210326646584831,1.2834861471485048,0.5624534824900217,True,uniform,536.0,890.4574449454674,74
0.6181217912664767,1.3118005357064175,0.6936787444399408,True,classical,536.0,522.9498664984628,74
0.4977133880906871,0.9288288736853338,0.4311154855946467,True,active,689.0,760.6918475628074,54
0.4990776270329742,0.883215311992594,0.3841376849596197,True,active+,689.0,908.7821380422888,54
0.7302099181692804,1.1884360540001355,0.4582261358308553,True,spline,689.0,1248.1633847337482,54
0.7353916993336291,1.1677813862242925,0.4323896868906631,True,spline+,689.0,1384.5061710247703,54
0.5674277257320047,1.0396937981648604,0.4722660724328557,True,uniform,689.0,807.4448755678947,54
0.6643704518624878,1.2674797956573898,0.603109343794902,True,classical,689.0,709.6539680770646,54
0.4138445131111293,0.8881667786045052,0.4743222654933758,True,active,536.0,507.724776231327,60
0.3999083770891623,0.7899895353400924,0.3900811582509301,False,active+,536.0,638.8809453282659,60
0.6792407343706011,1.223049121583463,0.5438083872128618,True,spline,536.0,856.0460648498146,60
0.6667226536410233,1.1510660661884813,0.4843434125474579,True,spline+,536.0,992.9853110107452,60
0.585414705881908,1.0914899595668823,0.5060752536849743,True,uniform,536.0,762.9442842078538,60
0.4261130514520576,0.9348871738341512,0.5087741223820936,True,classical,536.0,479.62522454276063,60
0.6151863538005891,1.1122805432836096,0.4970941894830205,True,active,766.0,844.1891887183398,11
0.6449153177911177,1.1240163874833626,0.479101069692245,True,active+,766.0,959.4029902239048,11
0.5948213028366948,0.9377568127286092,0.3429355098919144,True,spline,766.0,1428.8211914529932,11
0.6214401587484948,0.9621678020861658,0.340727643337671,True,spline+,766.0,1549.456725568068,11
0.6518199459504844,1.128915146093357,0.4770952001428726,True,uniform,766.0,981.5404849171496,11
0.7468607797155464,1.406802329534085,0.6599415498185386,True,classical,766.0,738.5211178629808,11
0.6261330972608711,1.114913209290218,0.488780112029347,True,active,689.0,889.4758093471536,83
0.6281928855941133,1.074253924863018,0.4460610392689047,True,active+,689.0,1028.5934373478422,83
0.5292394553956007,0.8441804079170563,0.3149409525214556,True,spline,689.0,1358.1389880582717,83
0.5301928980453311,0.8305287498200369,0.3003358517747058,True,spline+,689.0,1469.9119683972212,83
0.5661683367162564,1.0795716398888344,0.513403303172578,True,uniform,689.0,710.792919178883,83
0.5828406288219891,1.0955532613817778,0.5127126325597887,True,classical,689.0,743.4318991214567,83
0.5747821160655674,1.0503048645837387,0.4755227485181713,True,active,689.0,814.7568319625581,97
0.5927828062416044,1.0348677998445797,0.4420849936029752,True,active+,689.0,953.7077238745968,97
0.598879558903594,0.9888951208056346,0.3900155619020405,True,spline,689.0,1177.1964429214229,97
0.5676535003293096,0.9135855472148848,0.3459320468855753,True,spline+,689.0,1307.5848808142728,97
0.6716088115320452,1.2353283087470055,0.5637194972149603,True,uniform,689.0,797.2806134296956,97
0.5984474629119596,1.15738391854529,0.5589364556333303,True,classical,689.0,680.621399246635,97
0.5780581254558849,1.0887529068394943,0.5106947813836097,True,active,613.0,738.7124111523582,62
0.600534749178756,1.0747023100435944,0.4741675608648383,True,active+,613.0,874.2287262533306,62
0.5467357082569381,0.9419489224875892,0.3952132142306511,True,spline,613.0,1000.6085731440104,62
0.6156619885567847,1.0240719368433724,0.4084099482865877,True,spline+,613.0,1143.5882045010562,62
0.3901935683964191,0.9052513545659664,0.5150577861695471,True,uniform,613.0,418.0793673191655,62
0.6354507409077632,1.2305943713754772,0.595143630467714,True,classical,613.0,677.8658822143176,62
0.5329394812635462,1.019046318896788,0.4861068376332418,True,active,613.0,704.6951479883251,76
0.5901481538503355,1.0564642412589058,0.4663160874085703,True,active+,613.0,873.235433310607,76
0.5949302423849765,1.008723368803122,0.4137931264181456,True,spline,613.0,1062.1272851691383,76
0.6075394563308854,0.999031806816846,0.3914923504859605,True,spline+,613.0,1196.9627238364887,76
0.4010928578922416,0.8666950756466472,0.4656022177544055,True,uniform,613.0,498.76975966300387,76
0.4399200428439601,0.8979818271345495,0.4580617842905894,True,classical,613.0,581.5429128484142,76
0.6346290776166791,1.1997996475035562,0.5651705698868771,True,active,613.0,730.0262463162982,89
0.5261146911600292,0.9549923600386552,0.4288776688786259,True,active+,613.0,833.0635383658014,89
0.6669017700865049,1.1420364936628955,0.4751347235763908,True,spline,613.0,1023.2800798530382,89
0.678320524730199,1.1204739835653594,0.4421534588351604,True,spline+,613.0,1175.5111889408106,89
0.579294499104931,1.049379693098376,0.470085193993445,True,uniform,613.0,838.7956890651221,89
0.7247753873399632,1.427635632439503,0.7028602450995398,True,classical,613.0,644.3039496485472,89
0.5820807934759964,1.1998987996042665,0.6178180061282699,True,active,459.0,565.8509266272674,96
0.6157480172899283,1.2180606349370449,0.6023126176471165,True,active+,459.0,636.2741003492794,96
0.6032479438135869,1.1080274932229028,0.5047795494093159,True,spline,459.0,800.9765101000064,96
0.5986814658763433,1.047328468708438,0.4486470028320946,True,spline+,459.0,946.6700907608072,96
0.4141398192511188,0.9680727097386068,0.5539328904874878,True,uniform,459.0,410.6932827487315,96
0.4757527138777192,1.1170007603664294,0.6412480464887101,True,classical,459.0,406.4690858181552,96
0.6892037549550877,1.4102156713556793,0.7210119164005916,True,active,459.0,577.6439274039733,82
0.572082772852697,1.0989701924286197,0.5268874195759227,True,active+,459.0,694.7340128282749,82
0.6502316032345383,1.237140848403819,0.586909245169281,True,spline,459.0,715.6601758211374,82
0.6692053179077888,1.204829058174641,0.5356237402668522,True,spline+,459.0,856.4089979734914,82
0.4919949109181161,1.0813650520444174,0.5893701411263013,True,uniform,459.0,477.4474339809209,82
0.4455116895842899,1.061842682590193,0.6163309930059031,True,classical,459.0,392.5199147454331,82
0.5189278801050001,0.9669764620441504,0.4480485819391502,True,active,842.0,764.3404679892419,75
0.5952853357953711,1.0409589529504115,0.4456736171550406,True,active+,842.0,948.0644264475904,75
0.5880505299313082,0.909674926513371,0.3216243965820627,True,spline,842.0,1555.6768590088864,75
0.6202088683507093,0.9465065141598692,0.3262976458091599,True,spline+,842.0,1657.0291375669497,75
0.5928793703851614,1.0457054377447343,0.452826067359573,True,uniform,842.0,919.548136811196,75
0.580999501956673,1.055893839974852,0.4748943380181788,True,classical,842.0,829.695271352412,75
0.5944658326877694,1.1614477889885335,0.5669819563007641,True,active,459.0,660.087237537067,55
0.6128906901851199,1.1344971720601915,0.5216064818750716,True,active+,459.0,780.9414830399568,55
0.6324476657131538,1.1685255311774911,0.5360778654643373,True,spline,459.0,785.6749424977464,55
0.6126722777719085,1.07479130304182,0.4621190252699116,True,spline+,459.0,937.3170572361296,55
0.5069238327900842,1.162202450184037,0.6552786173939527,True,uniform,459.0,430.11522499098254,55
0.4666073660281653,1.0218454920113669,0.5552381259832015,True,classical,459.0,481.88409770249285,55
0.4647439275372707,1.0144639815358187,0.5497200539985481,True,active,459.0,485.9028528905615,41
0.3542449948679769,0.7155192028127175,0.3612742079447406,False,active+,459.0,599.106376621751,41
0.5793050651608135,1.0926761381118617,0.5133710729510482,True,spline,459.0,735.3585052975541,41
0.5482134592698287,0.974652182110032,0.4264387228402033,True,spline+,459.0,894.2833518343828,41
0.6715027451442582,1.367131569175176,0.6956288240309177,True,uniform,459.0,585.8121658401517,41
0.5049717235435975,1.1901155940730357,0.6851438705294379,True,classical,459.0,402.8746498574961,41
0.5297542246146468,0.9335006983927132,0.4037464737780663,True,active,842.0,922.5615089044044,61
0.61254624309118,1.037705840834324,0.425159597743144,True,active+,842.0,1065.5693200202347,61
0.6166184196071619,0.9593384694604904,0.3427200498533285,True,spline,842.0,1515.6782685252135,61
0.676182966586574,1.035931132832744,0.3597481662461701,True,spline+,842.0,1627.0953390470263,61
0.5846009464781153,1.0142097413919495,0.4296087949138344,True,uniform,842.0,975.5226192547768,61
0.6007805596415393,1.0865690910850172,0.4857885314434779,True,classical,842.0,843.3113876881032,61
0.5025822176703728,1.0583093053553876,0.5557270876850148,True,active,459.0,533.9649441177825,69
0.4787501575668895,0.933635802790902,0.4548856452240124,True,active+,459.0,663.75254316232,69
0.4615081466212152,0.8725250049691543,0.411016858347939,True,spline,459.0,729.9747963774518,69
0.4870274354875213,0.8871906542312097,0.4001632187436883,True,spline+,459.0,823.2157858301989,69
0.4910696468838258,1.1902094845317672,0.6991398376479414,True,uniform,459.0,377.7977081155518,69
0.8342683397342733,1.7818445627245374,0.947576222990264,False,classical,459.0,514.1950208654921,69
0.6002167368942808,0.9772217543506884,0.3770050174564077,True,active,996.0,1246.3134056954134,22
0.6291641504635214,0.9973386307736304,0.368174480310109,True,active+,996.0,1395.101945131618,22
0.6253862403290101,0.9489580604622904,0.3235718201332803,True,spline,996.0,1702.8519308621767,22
0.6266472826825197,0.9401089323478432,0.3134616496653235,True,spline+,996.0,1799.7720335691322,22
0.5531330789195731,0.9517692351860344,0.3986361562664612,True,uniform,996.0,1005.2657544554194,22
0.5552883779409306,0.9548591067725596,0.399570728831629,True,classical,996.0,1007.6697156393644,22
0.7856705272799976,1.2823854917681654,0.4967149644881677,True,active,842.0,1233.5408789895475,49
0.7808050849049961,1.2467176973425678,0.4659126124375716,True,active+,842.0,1352.2318908425195,49
0.5627989515122058,0.8760522333703898,0.313253281858184,True,spline,842.0,1512.188666723085,49
0.6383217126446004,0.980511133566992,0.3421894209223916,True,spline+,842.0,1607.1468338798354,49
0.6574186479311703,1.1198874859071015,0.4624688379759312,True,uniform,842.0,1043.6015460983667,49
0.6161294791624279,1.1235041065410727,0.5073746273786448,True,classical,842.0,820.4468892394995,49
0.5409701691321321,0.9129260247990586,0.3719558556669264,True,active,996.0,1081.3165671381437,36
0.5620376511617301,0.9181502070449836,0.3561125558832534,True,active+,996.0,1229.2598163918883,36
0.7039632836994578,1.080375405194362,0.3764121214949043,True,spline,996.0,1613.862032210455,36
0.6777676145532843,1.0259797234707952,0.348212108917511,True,spline+,996.0,1722.5937459495296,36
0.7459288139706183,1.1844384784269752,0.438509664456357,True,uniform,996.0,1384.888161074368,36
0.5877974948921538,1.0248852109290434,0.4370877160368895,True,classical,996.0,957.9925444836936,36
0.5589323632462943,1.00428311322151,0.4453507499752157,True,active,766.0,862.268526253752,7
0.5755416617843123,0.984870289121366,0.4093286273370535,True,active+,766.0,1026.0525664431982,7
0.6740135405337653,1.0673853630199353,0.39337182248617,True,spline,766.0,1401.062483329476,7
0.6466143135875879,1.0019071130800228,0.3552927994924348,True,spline+,766.0,1544.073793769163,7
0.5110995694778094,0.9500947990415316,0.4389952295637223,True,uniform,766.0,770.2988639038366,7
0.4819327275188786,0.891239550094618,0.4093068225757393,True,classical,766.0,783.3554886519794,7
0.6584881952704914,1.1068744220056486,0.4483862267351571,True,active,766.0,1097.7931016871626,6
0.6362704326985329,1.0502543100751782,0.4139838773766453,True,active+,766.0,1178.906330908068,6
0.6732552163664289,1.070168294126849,0.3969130777604202,True,spline,766.0,1378.6032289726966,6
0.6678500853207762,1.040236608818936,0.3723865234981599,True,spline+,766.0,1507.8477784167308,6
0.5453421371870838,1.0074838391919416,0.4621417020048578,True,uniform,766.0,785.9377458984844,6
0.5746334204904471,1.0589137587353097,0.4842803382448626,True,classical,766.0,792.4604317467825,6
0.7456213428016583,1.198570234556558,0.4529488917548996,True,active,996.0,1314.1994010751316,37
0.7383505207299276,1.181792414448558,0.4434418937186303,True,active+,996.0,1338.3254599672523,37
0.6410020537049912,0.972617286399459,0.3316152326944678,True,spline,996.0,1703.1553885582885,37
0.6735030949280132,1.009769802391071,0.3362667074630578,True,spline+,996.0,1805.347800011172,37
0.6698428557546162,1.1116460735742018,0.4418032178195855,True,uniform,996.0,1153.951116357182,37
0.6494469293893687,1.103355441798748,0.4539085124093794,True,classical,996.0,1054.152421603735,37
0.5287462637535908,0.964144789911683,0.4353985261580921,True,active,842.0,820.4954986032715,48
0.5353186825135628,0.9140183046633414,0.3786996221497786,True,active+,842.0,1034.547057166786,48
0.7043402767074327,1.114507561608474,0.4101672849010411,True,spline,842.0,1406.0176770843884,48
0.6685224828256058,1.0338134903357612,0.3652910075101554,True,spline+,842.0,1558.067273077754,48
0.5367544411434283,0.97074281288126,0.4339883717378315,True,uniform,842.0,843.3961924002747,48
0.4789975109421163,0.8647801104187519,0.3857825994766356,True,classical,842.0,848.3743791983671,48
0.6492938045757807,1.0685849153465832,0.4192911107708025,True,active,996.0,1192.9503247970774,23
0.6372497079690077,1.0215307561684537,0.384281048199446,True,active+,996.0,1329.677864225671,23
0.6502110388735245,0.9887623372370156,0.338551298363491,True,spline,996.0,1685.331919912475,23
0.6375940659043356,0.959640743582954,0.3220466776786184,True,spline+,996.0,1771.3145214961226,23
0.6222949446726523,1.0290117095717903,0.406716764899138,True,uniform,996.0,1170.594966192607,23
0.5868503232361783,1.033495076135363,0.4466447528991847,True,classical,996.0,924.508056002948,23
0.506888304621899,1.0588439923044253,0.5519556876825262,True,active,459.0,545.6643175648862,68
0.5631247593914454,1.0906178298087683,0.5274930704173232,True,active+,459.0,677.7008971152476,68
0.6192653767921795,1.0910196901577829,0.4717543133656033,True,spline,459.0,923.1949918759416,68
0.6179037294326872,1.0495852912825274,0.4316815618498402,True,spline+,459.0,1054.8383969894378,68
0.547441298914112,1.1487575711598097,0.6013162722456977,True,uniform,459.0,539.0019438315925,68
0.3724351528200846,0.9208597376638592,0.5484245848437747,True,classical,459.0,361.33234841708986,68
0.8660328104209554,1.4326925931492496,0.5666597827282942,False,active,842.0,1168.5116439907003,60
0.8180216830684223,1.317221087593704,0.4991994045252818,False,active+,842.0,1304.7050325289013,60
0.5970559987509239,0.9313004360837208,0.3342444373327971,True,spline,842.0,1498.1545611002648,60
0.5965799507029861,0.914897083848954,0.3183171331459679,True,spline+,842.0,1619.4477578396684,60
0.5987001872952586,1.0197982893144475,0.421098102019189,True,uniform,842.0,1043.8495991530713,60
0.6737556492572311,1.2100810058204208,0.5363253565631897,True,classical,842.0,863.5226807109702,60
0.7698474281071356,1.4456728530461962,0.6758254249390606,True,active,459.0,745.7064042802469,40
0.5691779264303349,1.081295890977608,0.5121179645472731,True,active+,459.0,719.0258409455424,40
0.659346847477435,1.2078093087391728,0.5484624612617378,True,spline,459.0,808.1235850298937,40
0.6207161861533009,1.076369037332108,0.455652851178807,True,spline+,459.0,977.1566333597752,40
0.3491621337913344,0.8603087278848615,0.5111465940935271,True,uniform,459.0,364.1345316443783,40
0.4866933496724581,1.084425368463889,0.5977320187914308,True,classical,459.0,461.3050344645763,40
0.6408033563946383,1.2233485815375085,0.5825452251428702,True,active,459.0,708.165275669392,54
0.4701781306928231,0.8869704912812763,0.4167923605884531,True,active+,459.0,735.0244696054679,54
0.5948955586888314,1.0750306744782463,0.4801351157894149,True,spline,459.0,845.6846556373174,54
0.5611319615276591,0.9705044187180198,0.4093724571903607,True,spline+,459.0,986.5065298331484,54
0.3990916958823456,0.8990847790681121,0.4999930831857665,True,uniform,459.0,448.87744127922497,54
0.3889406204688488,0.9100617344543996,0.5211211139855507,True,classical,459.0,409.7447918156675,54
0.6316007878411456,1.0824233479301408,0.4508225600889952,True,active,842.0,1020.3396792430224,74
0.6659547818362964,1.105128298755215,0.4391735169189182,True,active+,842.0,1154.2202556184338,74
0.7161179169769146,1.1252448707116889,0.4091269537347742,True,spline,842.0,1449.882726877034,74
0.7174911059946489,1.1046730054357308,0.3871818994410818,True,spline+,842.0,1589.9686384516042,74
0.5949854730478571,1.0420038969398004,0.4470184238919433,True,uniform,842.0,942.9713682857332,74
0.4413635947437451,0.8268428382184467,0.3854792434747016,True,classical,842.0,751.4005821142551,74
0.6681169735402859,1.248958121283378,0.5808411477430921,True,active,459.0,756.5594494441793,83
0.7136762497262338,1.297810609739043,0.5841343600128092,True,active+,459.0,827.9992437935676,83
0.6005615768641526,1.0778540950693405,0.4772925182051877,True,spline,459.0,865.6289770026013,83
0.69056191114765,1.1943991989522578,0.5038372878046078,True,spline+,459.0,986.3873618872292,83
0.5767929419151875,1.2007830839546594,0.6239901420394719,True,uniform,459.0,550.7312199459119,83
0.5892385923180091,1.2363290136086127,0.6470904212906036,True,classical,459.0,539.1625677432578,83
0.6289272373462081,1.316803914446735,0.6878766771005268,True,active,459.0,542.2656095654536,97
0.6100282917861038,1.2618498465874926,0.6518215548013887,True,active+,459.0,560.498890820741,97
0.6347458232100627,1.1581925473970989,0.5234467241870362,True,spline,459.0,818.6997604168805,97
0.6515621122061321,1.135025430854197,0.4834633186480648,True,spline+,459.0,961.156477266042,97
0.5181909622226663,1.1926900288461726,0.6744990666235063,True,uniform,459.0,426.08850136758537,97
0.3068411214998644,0.7392840700667949,0.4324429485669304,False,classical,459.0,382.9245898514345,97
0.7151935744770349,1.2855697421497032,0.5703761676726683,True,active,613.0,861.082991669981,88
0.7010039242063034,1.2141584306983195,0.5131545064920163,True,active+,613.0,981.365569594785,88
0.6524066950533915,1.0782282598018558,0.4258215647484642,True,spline,613.0,1173.0828723537302,88
0.6511203435887911,1.0463600249918816,0.3952396814030905,True,spline+,613.0,1315.7982382781502,88
0.6244483978994415,1.1534490364277077,0.5290006385282662,True,uniform,613.0,786.3340224112156,88
0.5955490027802264,1.1768200388808414,0.581271036100615,True,classical,613.0,638.3120848309478,88
0.7214240062961049,1.3534762919667271,0.6320522856706222,True,active,613.0,747.9201101523655,77
0.6286181073595705,1.121707907530937,0.4930898001713666,True,active+,613.0,882.9906390064658,77
0.5528612211964031,0.928245825003746,0.3753846038073429,True,spline,613.0,1102.7106327311692,77
0.5530347552212547,0.8986045485047064,0.3455697932834517,True,spline+,613.0,1256.6074477341792,77
0.506767782648916,0.9574585239514116,0.4506907413024955,True,uniform,613.0,731.4948543040152,77
0.5660084090223513,1.1659881803098633,0.599979771287512,True,classical,613.0,566.8973471342106,77
0.5505709361271711,1.1404700335766578,0.5898990974494867,True,active,613.0,558.3286365556594,63
0.5769292701363578,1.0666660203894751,0.4897367502531176,True,active+,613.0,783.9551765378739,63
0.5566895447051236,0.9067909077999028,0.3501013630947792,True,spline,613.0,1243.8552475009265,63
0.5662996589938205,0.9058635395332512,0.3395638805394307,True,spline+,613.0,1341.7667927164284,63
0.8040702119239509,1.4552252932378391,0.6511550813138884,False,uniform,613.0,841.38266961662,63
0.6725887330696814,1.3420321736109733,0.6694434405412919,True,classical,613.0,620.4780290372339,63
0.5803823155162111,1.0550412730367345,0.4746589575205233,True,active,689.0,828.987166936031,96
0.5746406855566816,0.9872895435264268,0.4126488579697451,True,active+,689.0,1010.8665032963916,96
0.6980149492426967,1.1694736166531126,0.4714586674104158,True,spline,689.0,1111.7936850790345,96
0.7289260653364937,1.1757989529809465,0.4468728876444525,True,spline+,689.0,1295.2255048609925,96
0.7425768722477163,1.304870980078174,0.5622941078304579,True,uniform,689.0,931.733947508634,96
0.5735359016941811,1.144457522435905,0.5709216207417239,True,classical,689.0,620.371616115154,96
0.6279957710675528,1.1237674458296545,0.4957716747621015,True,active,689.0,874.4384561248145,82
0.635011946077484,1.080218015185891,0.4452060691084066,True,active+,689.0,1049.062135834822,82
0.6603580872495035,1.0841567794443427,0.4237986921948392,True,spline,689.0,1204.671657704311,82
0.7275597381686504,1.1589518547434108,0.4313921165747604,True,spline+,689.0,1366.0269073940708,82
0.643005429438191,1.19297790019406,0.549972470755869,True,uniform,689.0,775.1487454397299,82
0.5767843625196681,1.11004454148807,0.5332601789684018,True,classical,689.0,690.8305793464559,82
0.5199881579508197,1.061209946037671,0.5412217880868513,True,active,536.0,581.8655962529348,61
0.454285402791,0.864909175232435,0.410623772441435,True,active+,536.0,714.1732891068169,61
0.670174783995264,1.174696451468508,0.5045216674732439,True,spline,536.0,940.0751471392712,61
0.7105114001294984,1.1934128235406647,0.4829014234111662,True,spline+,536.0,1101.0194272096016,61
0.4548808373891585,1.0529215452910332,0.5980407079018747,True,uniform,536.0,420.3551342645182,61
0.5868243963505959,1.2407238093596158,0.6538994130090199,True,classical,536.0,528.1955389048115,61
0.5658645783276235,1.000862440773313,0.4349978624456898,True,active,689.0,910.519389441858,55
0.4030904372345243,0.7134853864146165,0.3103949491800921,False,active+,689.0,908.165847748032,55
0.5978757119905659,0.99071114494408,0.392835432953514,True,spline,689.0,1160.8795379295354,55
0.6227651936554316,1.0055289530311178,0.3827637593756862,True,spline+,689.0,1289.9936373086257,55
0.5973012696054393,1.1015161116107195,0.5042148420052802,True,uniform,689.0,790.5075640245017,55
0.5611652976349575,1.060123254692185,0.4989579570572275,True,classical,689.0,731.7353891919058,55
0.8574311599022154,1.4241675489609211,0.5667363890587059,False,active,766.0,1150.0979348130877,10
0.8446729454005912,1.3838685013178074,0.5391955559172161,False,active+,766.0,1214.8780808761014,10
0.6887310615069226,1.1077450253722516,0.4190139638653289,True,spline,766.0,1311.081393820399,10
0.6772772800169279,1.0640928901701872,0.3868156101532592,True,spline+,766.0,1450.613886222479,10
0.7019956072994898,1.2195707333649224,0.5175751260654325,True,uniform,766.0,970.61334130095,10
0.6277242825345729,1.182920545786576,0.555196263252003,True,classical,766.0,737.4843841910447,10
0.538259679872015,0.8911808200054399,0.3529211401334249,True,active,1149.0,1164.7226088309512,1
0.5582075175340081,0.8952863694691325,0.3370788519351244,True,active+,1149.0,1326.7696300146215,1
0.6056687989121932,0.899718029035114,0.2940492301229208,True,spline,1149.0,1890.606779699683,1
0.6244367396308029,0.9209894906903928,0.2965527510595899,True,spline+,1149.0,1960.814257508758,1
0.707922428526611,1.143095243313644,0.435172814787033,True,uniform,1149.0,1289.66514355483,1
0.6722967641017289,1.1195917123253225,0.4472949482235936,True,classical,1149.0,1138.322593240788,1
0.4875706283948972,1.051743803175936,0.5641731747810386,True,active,536.0,501.010043886796,75
0.5285328223634866,1.0269705188701432,0.4984376965066566,True,active+,536.0,671.0548395441554,75
0.6337331488814729,1.0952902948268166,0.4615571459453437,True,spline,536.0,989.0796490897118,75
0.6481442138264584,1.0776317786019876,0.4294875647755292,True,spline+,536.0,1145.550794885669,75
0.6328410453301849,1.2005265063373052,0.5676854610071203,True,uniform,536.0,722.2325271694544,75
0.6549606087205271,1.3875816715713432,0.7326210628508161,True,classical,536.0,525.3597328746665,75
0.6704988315585533,1.2493087868521064,0.5788099552935532,True,active,689.0,764.5504881173738,41
0.6693219115175794,1.174623232373741,0.5053013208561618,True,active+,689.0,936.0310002848968,41
0.6048832841975917,1.0135034317015603,0.4086201475039688,True,spline,689.0,1111.5165808297756,41
0.65382181661607,1.0582199714141385,0.4043981547980685,True,spline+,689.0,1277.1171781621065,41
0.752140415199155,1.307342831587534,0.555202416388379,True,uniform,689.0,968.8518074452032,41
0.5914429061857326,1.1503215169571417,0.5588786107714091,True,classical,689.0,669.1032892220729,41
0.5834381885503462,1.0374410104939815,0.4540028219436355,True,active,689.0,893.7926177416359,69
0.5429773479186459,0.9287314800749874,0.3857541321563414,True,active+,689.0,1027.759473155556,69
0.6867973567295388,1.1508583775275174,0.4640610207979786,True,spline,689.0,1111.1236768576953,69
0.6428147196529775,1.0367976494517344,0.3939829297987568,True,spline+,689.0,1295.7421033143185,69
0.6133760578692845,1.1080963060029616,0.4947202481336771,True,uniform,689.0,846.5372543187932,69
0.4887115952768344,0.9473092090847,0.4585976138078656,True,classical,689.0,675.9519138822249,69
0.8033613497901281,1.3669793020663488,0.5636179522762207,False,active,766.0,1047.9582945860889,38
0.7965028228520643,1.347070619652428,0.5505677968003637,True,active+,766.0,1072.4194198162445,38
0.6394757124091935,1.0374999023546856,0.398024189945492,True,spline,766.0,1264.4185127119624,38
0.668939827656199,1.0552978241918871,0.3863579965356881,True,spline+,766.0,1424.72108303437,38
0.5282371144628132,0.9530573795465664,0.4248202650837531,True,uniform,766.0,850.2443486151154,38
0.5835091307572781,1.0998706948016923,0.5163615640444142,True,classical,766.0,736.9094522768847,38
0.457816075896115,1.0374836530130678,0.5796675771169527,True,active,459.0,442.4263893344639,5
0.4142517944346202,0.8351777603481877,0.4209259659135675,True,active+,459.0,602.2704004262823,5
0.657220203672791,1.2453410546189765,0.5881208509461855,True,spline,459.0,724.8352943865954,5
0.707866774991628,1.2571543379886896,0.5492875629970616,True,spline+,459.0,897.6055854165844,5
0.5500567297585688,1.197568348440176,0.6475116186816072,True,uniform,459.0,489.1584892374504,5
0.5710569015486336,1.2818404106504269,0.7107835091017932,True,classical,459.0,452.9089249561724,5
0.5190912497004564,1.0959212890650214,0.576830039364565,True,active,536.0,530.252473385915,49
0.5072810354238136,0.968427226836681,0.4611461914128674,True,active+,536.0,708.2009879310737,49
0.6852859851561008,1.1657283336366504,0.4804423484805495,True,spline,536.0,1049.0986758166132,49
0.7229597918709386,1.188469310415346,0.4655095185444075,True,spline+,536.0,1198.4158832522128,49
0.7327405528896833,1.3693951034407663,0.6366545505510832,True,uniform,536.0,757.2105070333915,49
0.5493122231900791,1.2059635710961971,0.656651347906118,True,classical,536.0,478.8375055157062,49
0.7471961866789602,1.1906300620896553,0.4434338754106951,True,active,1072.0,1364.063589229969,25
0.6838231545108437,1.0681331191125574,0.3843099646017136,True,active+,1072.0,1488.7812963148574,25
0.6705313580049374,1.0150787145921616,0.3445473565872242,True,spline,1072.0,1722.1601863955027,25
0.6581461247991293,0.9851781899956512,0.3270320651965219,True,spline+,1072.0,1819.6032989730431,25
0.8405271543104074,1.3272679067987736,0.4867407524883662,False,uniform,1072.0,1418.711983467335,25
0.6594633099748235,1.112363737204153,0.4529004272293295,True,classical,1072.0,1083.2803561255903,25
0.4902490295693137,0.8943469291102017,0.404097899540888,True,active,919.0,819.2745540093281,38
0.5497001271548574,0.9404230576880384,0.3907229305331809,True,active+,919.0,1026.9753369304146,38
0.6432752251837897,0.9895578779663288,0.3462826527825392,True,spline,919.0,1596.3136749109306,38
0.6519881153129377,0.989544250534276,0.3375561352213382,True,spline+,919.0,1701.0321789352993,38
0.7758822204743308,1.2661984998390596,0.4903162793647289,True,uniform,919.0,1234.3777350855064,38
0.6951228538994225,1.2393064399397415,0.544183586040319,True,classical,919.0,885.6351167709915,38
0.6583673082456529,1.0473261399249187,0.3889588316792658,True,active,1149.0,1373.9392210038582,99
0.6504479018656516,1.0101375144808606,0.359689612615209,True,active+,1149.0,1528.1895392323454,99
0.7099153502139636,1.064531035422914,0.3546156852089505,True,spline,1149.0,1803.93259344436,99
0.68668719745703,1.021748747106506,0.3350615496494761,True,spline+,1149.0,1874.9971984820277,99
0.7333598958138634,1.1570202842474628,0.4236603884335994,True,uniform,1149.0,1424.205594797452,99
0.6408300745547288,1.0633393018718125,0.4225092273170836,True,classical,1149.0,1154.6294110110805,99
0.5744015761847299,0.945953933053326,0.3715523568685961,True,active,1072.0,1189.7964126814095,31
0.5917531627003217,0.9534737073255448,0.3617205446252232,True,active+,1072.0,1301.2526621085804,31
0.6406748089710423,0.9595515318005912,0.3188767228295489,True,spline,1072.0,1814.6654438280232,31
0.6545050702716474,0.97161802112407,0.3171129508524225,True,spline+,1072.0,1896.9737585937744,31
0.6794268890303059,1.106329996576948,0.426903107546642,True,uniform,1072.0,1245.64328830379,31
0.6176412755872206,1.051276739688932,0.4336354641017114,True,classical,1072.0,1046.7813740534257,31
0.5261299510858467,0.8845284462579924,0.3583984951721457,True,active,1072.0,1097.1273740366066,19
0.5641420027374726,0.913909948687501,0.3497679459500283,True,active+,1072.0,1272.2645454098042,19
0.6443631504636383,0.9680606050008976,0.3236974545372593,True,spline,1072.0,1787.233602454847,19
0.6476817988417065,0.9635746381751926,0.3158928393334861,True,spline+,1072.0,1876.334107852169,19
0.6578854421246374,1.067585909231096,0.4097004671064586,True,uniform,1072.0,1263.3537322643813,19
0.6236995521199876,1.0680791631876636,0.444379611067676,True,classical,1072.0,1023.1933707869028,19
0.572290063766299,0.9717370592282774,0.3994469954619783,True,active,919.0,1056.3469656518034,10
0.583286839710483,0.953430446794552,0.3701436070840691,True,active+,919.0,1226.2834699084,10
0.57149283620307,0.8693375386735104,0.2978447024704403,True,spline,919.0,1682.741416136397,10
0.5525408580047221,0.8331545065754523,0.2806136485707302,True,spline+,919.0,1755.5249696993171,10
0.6191521788248332,1.02613515584669,0.4069829770218568,True,uniform,919.0,1160.1280870906,10
0.4869171494031534,0.8682734454555499,0.3813562960523964,True,classical,919.0,885.0407367705532,10
0.64896188138645,1.0420630292085138,0.3931011478220638,True,active,1149.0,1320.2171541261955,72
0.622638679378527,0.9743617634231834,0.3517230840446563,True,active+,1149.0,1476.5194533115734,72
0.6760936584141176,1.0079268178250331,0.3318331594109155,True,spline,1149.0,1856.9425415801395,72
0.6830856061015653,1.0093031224541087,0.3262175163525433,True,spline+,1149.0,1942.8083850952085,72
0.6504897395367473,1.0514762722840871,0.4009865327473398,True,uniform,1149.0,1283.954276985879,72
0.731364974936059,1.2148102069233389,0.4834452319872798,True,classical,1149.0,1149.967983903859,72
0.6151265088070538,0.9830320360816872,0.3679055272746335,True,active,1149.0,1347.2190663673634,66
0.6378614411834064,0.9955947334462956,0.3577332922628893,True,active+,1149.0,1493.7955139855462,66
0.6744552760436521,1.0094252049293084,0.3349699288856563,True,spline,1149.0,1821.088868602574,66
0.6830843409734821,1.0123043915701515,0.3292200505966693,True,spline+,1149.0,1913.571647838049,66
0.7222521487422602,1.153092394315997,0.4308402455737368,True,uniform,1149.0,1352.900536811535,66
0.7098593398203028,1.1673164560918623,0.4574571162715595,True,classical,1149.0,1196.8355042475569,66
0.6235114818127802,1.0165901923694334,0.3930787105566532,True,active,1149.0,1239.0863607724832,64
0.5956891363564819,0.9412604372095168,0.345571300853035,True,active+,1149.0,1414.669442885949,64
0.618241924760522,0.9215866612883892,0.3033447365278673,True,spline,1149.0,1857.8939682847629,64
0.6762993943167123,0.9995418615151588,0.3232424671984464,True,spline+,1149.0,1940.1639521308384,64
0.6254119317306143,1.0054764755859156,0.3800645438553013,True,uniform,1149.0,1313.427149993586,64
0.700083389116767,1.1615334173258007,0.4614500282090337,True,classical,1149.0,1155.123543807228,64
0.6650582330908725,1.059259401207952,0.3942011681170796,True,active,1149.0,1366.7579743008075,58
0.6576832091502482,1.0261094400637296,0.3684262309134813,True,active+,1149.0,1496.5699640400242,58
0.653229796054619,0.9725918442360268,0.3193620481814078,True,spline,1149.0,1868.9394038623968,58
0.6466465332897886,0.9561377194190523,0.3094911861292638,True,spline+,1149.0,1935.791372129346,58
0.692710421098753,1.1233319169895992,0.4306214958908462,True,uniform,1149.0,1266.9205986726724,58
0.6135864092630839,1.0114379670759983,0.3978515578129146,True,classical,1149.0,1185.3152014305838,58
0.5983171650870066,0.998703953689463,0.4003867886024563,True,active,919.0,1128.0459545298947,12
0.6065379940238079,0.9816761935565989,0.3751381995327909,True,active+,919.0,1277.194096824902,12
0.6277433066840022,0.9620720087458248,0.3343287020618225,True,spline,919.0,1624.3090938188486,12
0.699865286681675,1.0589707429598596,0.3591054562781846,True,spline+,919.0,1726.205286993224,12
0.5580084592829796,0.9833899707103528,0.4253815114273732,True,uniform,919.0,922.225831797144,12
0.5786827403521352,1.0274443216663134,0.4487615813141782,True,classical,919.0,898.4648315552582,12
0.5418287316178756,0.9139658658843366,0.372137134266461,True,active,1072.0,1083.168140190308,27
0.5993353175774284,0.96845426170362,0.3691189441261916,True,active+,1072.0,1285.8004756514574,27
0.6179733327969001,0.9259406428175604,0.3079673100206603,True,spline,1072.0,1810.8904297255197,27
0.606472422128332,0.9017411472575144,0.2952687251291825,True,spline+,1072.0,1881.8458494512856,27
0.7070879546670126,1.151576985267746,0.4444890306007334,True,uniform,1072.0,1244.731004163323,27
0.5982420473869909,1.0382466859890562,0.4400046386020653,True,classical,1072.0,974.2570455842908,27
0.6513729446332301,1.050026033636433,0.3986530890032029,True,active,1072.0,1298.716066614745,33
0.6586503854386359,1.0376780900243012,0.3790277045856653,True,active+,1072.0,1433.1095052995663,33
0.6409527035318693,0.9648842512956298,0.3239315477637605,True,spline,1072.0,1769.6234281585596,33
0.6597313665326724,0.9830436490456352,0.3233122825129627,True,spline+,1072.0,1861.5869876130696,33
0.4900578655113887,0.8460997024839705,0.3560418369725818,True,uniform,1072.0,992.8250580298244,33
0.563491786922482,0.954480290823506,0.390988503901024,True,classical,1072.0,1066.0908667793371,33
0.3956241026013305,0.9289605145990788,0.5333364119977482,True,active,459.0,406.3762919825715,7
0.4516988229904018,0.9267620013154698,0.475063178325068,True,active+,459.0,573.2794870411656,7
0.4893378286216462,0.9011197649220178,0.4117819363003716,True,spline,459.0,794.2304989620252,7
0.507226351037985,0.8890915573763707,0.3818652063383857,True,spline+,459.0,940.0203435169644,7
0.5570444528719052,1.1825457124816776,0.6255012596097724,True,uniform,459.0,522.520195206769,7
0.5582157628559464,1.2522140902433951,0.6939983273874487,True,classical,459.0,453.62710680194135,7
0.4202310024390738,0.8231010511450667,0.4028700487059928,True,active,766.0,655.1575563251796,12
0.4927611729796123,0.886138960841795,0.3933777878621826,True,active+,766.0,859.777239430203,12
0.592296573218886,0.940956759916967,0.3486601866980811,True,spline,766.0,1381.9230600233393,12
0.6656608072719852,1.0400578081461564,0.3743970008741712,True,spline+,766.0,1486.8935023952229,12
0.5619811679880222,1.0052892916822425,0.4433081236942202,True,uniform,766.0,875.4804222785418,12
0.3843470117697239,0.7485160655884637,0.3641690538187398,False,classical,766.0,666.4653274542156,12
0.4490489392677764,0.8664031322075034,0.417354192939727,True,active,689.0,685.5189193791186,57
0.5010238707206727,0.9193010932647312,0.4182772225440584,True,active+,689.0,803.7460285564066,57
0.7542420378137606,1.2567614101666642,0.5025193723529036,True,spline,689.0,1135.824457712616,57
0.7405507789307659,1.185915797708992,0.4453650187782261,True,spline+,689.0,1335.4422546215687,57
0.6626742216163055,1.1940598873792698,0.5313856657629643,True,uniform,689.0,853.9995805986803,57
0.8406030356298714,1.5657497962071276,0.7251467605772562,False,classical,689.0,765.3452101052599,57
0.3079023228531498,0.8240996347792412,0.5161973119260914,True,active,536.0,305.4918838435509,63
0.3800924385637953,0.8527374105923923,0.4726449720285969,True,active+,536.0,453.4988944498395,63
0.6135678525757964,1.1027838055743937,0.4892159529985971,True,spline,536.0,861.3823367008438,63
0.6677320697868625,1.1462235288615752,0.4784914590747127,True,spline+,536.0,1014.1523117807444,63
0.4924000015391793,0.9796517380915482,0.4872517365523688,True,uniform,536.0,625.7214564149052,63
0.5371954911812364,1.1503211306084669,0.6131256394272304,True,classical,536.0,510.70955214442176,63
0.4476293588400146,0.910311809130099,0.4626824502900843,True,active,689.0,587.6793996567222,43
0.4793997439900913,0.8869136009079198,0.4075138569178285,True,active+,689.0,782.3268106827283,43
0.5987421539021661,0.9701819403643664,0.3714397864622002,True,spline,689.0,1271.0705545260153,43
0.5808540885976899,0.9152728691516638,0.3344187805539739,True,spline+,689.0,1432.0089719109585,43
0.5647696827524454,1.0822452025807792,0.5174755198283337,True,uniform,689.0,700.0211734542493,43
0.5807165643555735,1.1161157103372046,0.5353991459816311,True,classical,689.0,693.6670763792685,43
0.6248268693523804,1.2099991563830177,0.5851722870306371,True,active,536.0,677.9020807874227,77
0.6160626034046621,1.1831597981861668,0.5670971947815047,True,active+,536.0,695.2659668665843,77
0.4966542372877487,0.8956055062617863,0.3989512689740375,True,spline,536.0,851.7560037781533,77
0.5768867041090481,0.9896663806358688,0.4127796765268207,True,spline+,536.0,1016.4796047035404,77
0.5803037421581646,1.098101251361396,0.5177975092032315,True,uniform,536.0,727.9284909994793,77
0.3161957288503136,0.7550812437133179,0.4388855148630042,False,classical,536.0,390.78452093297096,77
0.7199541018592327,1.140776710756408,0.4208226088971752,True,active,1149.0,1397.6551980952877,3
0.7142040540167353,1.106394609321299,0.3921905553045638,True,active+,1149.0,1545.607882956017,3
0.6571722950235214,0.9847583801230648,0.3275860850995434,True,spline,1149.0,1810.1270549689764,3
0.6650607617059286,0.9863570279256412,0.3212962662197124,True,spline+,1149.0,1906.0660165757656,3
0.5944850970914182,0.977098048112266,0.3826129510208477,True,uniform,1149.0,1199.2674149780462,3
0.6305862776980922,1.044712060610692,0.4141257829125999,True,classical,1149.0,1161.7696973160216,3
0.4837916167197177,1.013507730532016,0.5297161138122982,True,active,536.0,541.4284068604181,88
0.569576992080693,1.0927354839050631,0.5231584918243701,True,active+,536.0,697.5083951446946,88
0.521253032661008,0.9088236968276856,0.3875706641666776,True,spline,536.0,958.1230779953424,88
0.5369100874261278,0.9045326321182512,0.3676225446921233,True,spline+,536.0,1088.3890738063049,88
0.4424907035786846,0.9602785039060108,0.5177878003273262,True,uniform,536.0,493.23663413396815,88
0.4636467961520429,0.9693662668662572,0.5057194707142142,True,classical,536.0,544.367172331246,88
0.4991778927962099,1.0029215092787698,0.5037436164825599,True,active,689.0,608.2596720312683,94
0.5584092887420314,1.0242332059970642,0.4658239172550328,True,active+,689.0,804.6807329954225,94
0.6903950219496304,1.1371625461912738,0.4467675242416433,True,spline,689.0,1189.022115756069,94
0.6912468454359902,1.101858872505523,0.4106120270695327,True,spline+,689.0,1362.0351689596887,94
0.6017399055667956,1.121972214544008,0.5202323089772125,True,uniform,689.0,762.8474513012357,94
0.5828295672827054,1.1285095981916915,0.5456800309089861,True,classical,689.0,678.1935704684892,94
0.5912365980289603,1.087030439333898,0.4957938413049377,True,active,689.0,798.4000686795995,80
0.6097304806026042,1.0584230303756623,0.4486925497730584,True,active+,689.0,973.4619624670278,80
0.5893542914897028,0.9789077403270928,0.38955344883739,True,spline,689.0,1150.0615197875245,80
0.5936672811850728,0.9582362781602496,0.3645689969751767,True,spline+,689.0,1291.740698167247,80
0.5355237227012819,1.0353695394608209,0.4998458167595387,True,uniform,689.0,681.2621653322268,80
0.6106751867019053,1.1868247955455584,0.5761496088436531,True,classical,689.0,670.6348298692778,80
0.4544473481028669,0.9328758531809944,0.4784285050781275,True,active,613.0,572.4684449534698,75
0.4998454506936982,0.9549085969691002,0.455063146275402,True,active+,613.0,706.6515704379183,75
0.5355619556233832,0.884089854739212,0.3485278991158288,True,spline,613.0,1178.5385545800775,75
0.5907012994562086,0.9541558717700228,0.3634545723138143,True,spline+,613.0,1287.750346341203,75
0.6339240377260309,1.1758143275596489,0.5418902898336178,True,uniform,613.0,775.820493721203,75
0.5681925362958904,1.1677134186488374,0.599520882352947,True,classical,613.0,570.6382937168769,75
0.6515642169497349,1.153655251430575,0.50209103448084,True,active,613.0,907.1688267541044,61
0.6150681301319825,1.066651089883961,0.4515829597519785,True,active+,613.0,976.9030139172952,61
0.6064282889118874,1.0006138676502243,0.3941855787383371,True,spline,613.0,1180.7030164184962,61
0.6788512972625351,1.095838046319355,0.41698674905682,True,spline+,613.0,1291.2161873321495,61
0.4191388264548151,0.8884362877967853,0.4692974613419702,True,uniform,613.0,524.6353183724317,61
0.4531472604883418,0.913242999998136,0.4600957395097942,True,classical,613.0,602.933629341868,61
0.509603796691531,0.9899938996829872,0.4803901029914561,True,active,613.0,671.4558126930364,49
0.453092285652336,0.8272534259150527,0.3741611402627166,True,active+,613.0,817.0034924755331,49
0.5132981180239595,0.8542278600016884,0.3409297419777288,True,spline,613.0,1141.3565961788363,49
0.5668140068137176,0.9208059766170412,0.3539919698033236,True,spline+,613.0,1257.6647237379457,49
0.6255724802326876,1.135351655627141,0.5097791753944534,True,uniform,613.0,833.4929507698275,49
0.5032985612368981,1.0323047617472034,0.5290062005103053,True,classical,613.0,573.7831497577641,49
0.333287193153673,0.9502769420594586,0.6169897489057856,True,active,459.0,269.72704178058416,81
0.3844800057062772,0.8383109799817011,0.4538309742754239,True,active+,459.0,487.314841520216,81
0.4910957613763853,0.9119598418550144,0.420864080478629,True,spline,459.0,772.890945745448,81
0.5320359007213293,0.9326052238098952,0.4005693230885658,True,spline+,459.0,939.926046230049,81
0.6951326408336881,1.288758417824904,0.5936257769912158,True,uniform,459.0,776.9650658986886,81
0.517669275947829,1.1689313379128408,0.6512620619650118,True,classical,459.0,446.32119955752785,81
0.6346547304143695,1.3283772862997192,0.6937225558853497,True,active,459.0,542.7281644177764,95
0.6221512717521585,1.2202673874300702,0.5981161156779118,True,active+,459.0,652.5000952906231,95
0.5544633297563031,0.997104096716197,0.4426407669598939,True,spline,459.0,859.7615824715954,95
0.6623201787007433,1.1484386090257677,0.4861184303250243,True,spline+,459.0,977.3882498124764,95
0.7088520801475304,1.354376978379307,0.6455248982317765,True,uniform,459.0,706.360653470301,95
0.5586325298407382,1.2814244352352315,0.7227919053944933,True,classical,459.0,429.5721493858388,95
0.7237040396423203,1.2256877973243503,0.50198375768203,True,active,842.0,1066.6547769599483,89
0.7268025852640326,1.1958238977771374,0.4690213125131047,True,active+,842.0,1194.2417083124196,89
0.6344492775921962,1.002927369568889,0.3684780919766928,True,spline,842.0,1412.074922896833,89
0.6366684252597812,0.9855620327505764,0.3488936074907953,True,spline+,842.0,1550.777307051202,89
0.6485696971932868,1.1822390243163183,0.5336693271230315,True,uniform,842.0,821.4165408408996,89
0.6974828623376279,1.2480009562234655,0.5505180938858376,True,classical,842.0,874.7039126329393,89
0.6331329475434306,1.0924183917315355,0.4592854441881049,True,active,842.0,995.1741594043727,62
0.6461508722166323,1.0759805128171571,0.4298296406005248,True,active+,842.0,1138.612325016873,62
0.6523876765446822,1.025642957010149,0.3732552804654668,True,spline,842.0,1446.5206217668365,62
0.6521633969206329,1.0056077774147856,0.3534443804941527,True,spline+,842.0,1578.913410421735,62
0.5362655919452879,0.9716277229944672,0.4353621310491794,True,uniform,842.0,838.2322055014408,62
0.623145317855426,1.093733047542385,0.4705877296869589,True,classical,842.0,935.5831568230044,62
0.524316126433262,0.9416949773965766,0.4173788509633146,True,active,842.0,863.4886304104145,76
0.5001303647740746,0.8450135410494942,0.3448831762754196,True,active+,842.0,1076.4024140383788,76
0.6163322960210489,0.955223294389197,0.338890998368148,True,spline,842.0,1542.324300759028,76
0.6261806535233739,0.9581034742008424,0.3319228206774683,True,spline+,842.0,1636.8681533059582,76
0.6085372779449361,1.0826106499278343,0.4740733719828982,True,uniform,842.0,892.2460419965623,76
0.5445268298548233,0.9994744229713276,0.4549475931165044,True,classical,842.0,802.8135483671514,76
0.5329405572733318,1.0865775106087046,0.5536369533353728,True,active,459.0,583.468777775202,56
0.5290927429239051,1.0714549419339214,0.5423621990100164,True,active+,459.0,594.7174174646576,56
0.8147653119745728,1.53900134647887,0.7242360345042973,False,spline,459.0,732.048487335927,56
0.8051872973724152,1.4159451379253924,0.6107578405529772,False,spline+,459.0,929.27761093725,56
0.5500464473516485,1.1020099526696026,0.551963505317954,True,uniform,459.0,613.2095665067674,56
0.5610236505959085,1.2246115640660071,0.6635879134700986,True,classical,459.0,485.9192548291154,56
0.6692294787171478,1.074330056961674,0.4051005782445263,True,active,996.0,1321.6579310142763,35
0.6901025453788333,1.0860790737449073,0.395976528366074,True,active+,996.0,1439.810040114763,35
0.5923931079774076,0.8920669789244149,0.2996738709470072,True,spline,996.0,1766.872684522641,35
0.5881030288562065,0.8793580507942462,0.2912550219380397,True,spline+,996.0,1829.6180580498492,35
0.5316467263739514,0.9133754026196615,0.3817286762457101,True,uniform,996.0,1011.0557432786223,35
0.6057806589230503,1.0505476853090543,0.4447670263860042,True,classical,996.0,976.8931260608064,35
0.6567657549960794,1.126671061312428,0.4699053063163486,True,active,766.0,1016.5806362544604,4
0.6315554020407881,1.0482777544231356,0.4167223523823475,True,active+,766.0,1153.203416398251,4
0.6525500647039824,1.0471181975456785,0.3945681328416959,True,spline,766.0,1323.985811738953,4
0.6636082165632167,1.040975079328427,0.3773668627652102,True,spline+,766.0,1460.7875369345663,4
0.6076465082270378,1.065368442885908,0.4577219346588702,True,uniform,766.0,939.2175857147856,4
0.6182318502105842,1.1430875095075312,0.524855659296947,True,classical,766.0,783.8246839731829,4
0.6972194031571498,1.1330460350828395,0.4358266319256897,True,active,996.0,1255.8698012966634,21
0.626466025215721,0.9926769281464036,0.3662109029306825,True,active+,996.0,1397.4514896988178,21
0.6866270187009551,1.0472508473386848,0.3606238286377297,True,spline,996.0,1661.6565357330735,21
0.6937325422975765,1.0430352431143404,0.3493027008167638,True,spline+,996.0,1780.4775367358457,21
0.5460118970531967,0.9373565755619836,0.3913446785087869,True,uniform,996.0,1013.8443289040292,21
0.6891595471971382,1.1752851602989818,0.4861256131018435,True,classical,996.0,1039.1846272510752,21
0.5800635807581945,0.9623508905817936,0.382287309823599,True,active,996.0,1155.3766127057995,20
0.5919533899702429,0.9528123025636456,0.3608589125934027,True,active+,996.0,1306.9025385134028,20
0.6040660245554845,0.913549348724888,0.3094833241694034,True,spline,996.0,1730.472439767069,20
0.6175439621374379,0.924610125000252,0.3070661628628139,True,spline+,996.0,1817.5629701677508,20
0.62745676812907,1.0515889759675163,0.4241322078384463,True,uniform,996.0,1110.4405659477616,20
0.6502616486462781,1.1192384496548724,0.4689768010085943,True,classical,996.0,1004.1369191534744,20
0.6492374551904788,1.1443658938683778,0.495128438677899,True,active,766.0,921.6538626758344,5
0.646329566524163,1.0863695021130213,0.4400399355888583,True,active+,766.0,1098.054186753183,5
0.605533685746308,0.9831974227697208,0.3776637370234127,True,spline,766.0,1260.35630451,5
0.6147691261091066,0.9710693484314732,0.3563002223223666,True,spline+,766.0,1416.835376032954,5
0.7082240780519486,1.209130439159035,0.5009063611070863,True,uniform,766.0,1034.9035964414104,5
0.6565515542590091,1.237560823712483,0.581009269453474,True,classical,766.0,736.889405530174,5
0.649844471965655,1.0745256762678066,0.4246812043021516,True,active,996.0,1170.773720187119,34
0.6298797330455491,1.0108437251517974,0.3809639921062483,True,active+,996.0,1323.4120735750612,34
0.7224394556518682,1.1096241124204658,0.3871846567685976,True,spline,996.0,1607.810602076445,34
0.7153098707619668,1.0804333630440224,0.3651234922820555,True,spline+,996.0,1740.9972760454318,34
0.6653884200655523,1.116830647260817,0.4514422271952646,True,uniform,996.0,1104.032752012155,34
0.6171453723815427,1.0667206336676645,0.4495752612861218,True,classical,996.0,988.7433804136526,34
0.6976368833580306,1.380603662713049,0.682966779355018,True,active,459.0,635.5286549348154,57
0.5590687956093684,1.0606735411476869,0.5016047455383185,True,active+,459.0,722.0280716698851,57
0.5749390000458788,1.0184437046636454,0.4435047046177666,True,spline,459.0,905.73411145842,57
0.5798100199810966,0.983734979878845,0.4039249598977483,True,spline+,459.0,1059.47943298953,57
0.6562147154521166,1.3045735752665268,0.6483588598144102,True,uniform,459.0,627.1105157519121,57
0.5036245098783516,1.1175304017384546,0.613905891860103,True,classical,459.0,466.09304404329254,57
0.7638521452612496,1.264199064874283,0.5003469196130331,True,active,842.0,1166.5099345993635,77
0.7059105948658542,1.1417391115720943,0.4358285167062401,True,active+,842.0,1280.7816380720917,77
0.6092182231920729,0.941584880102503,0.3323666569104301,True,spline,842.0,1562.0181560940632,77
0.6527744865522392,0.9954345164980616,0.3426600299458222,True,spline+,842.0,1663.113270450291,77
0.6557068757848407,1.096459411637379,0.4407525358525382,True,uniform,842.0,1120.2034709712382,77
0.6324242420648529,1.1520861199000638,0.5196618778352109,True,classical,842.0,823.1342237903041,77
0.5717178217687399,1.144805992558359,0.5730881707896188,True,active,459.0,614.1697211912177,43
0.5155396104491973,0.9833329280806928,0.4677933176314954,True,active+,459.0,710.1206370332271,43
0.5853672639233525,1.111521544602037,0.5261542806786845,True,spline,459.0,720.0953927962559,43
0.6303245084998828,1.1227266192862633,0.4924021107863805,True,spline+,459.0,888.515132067974,43
0.5272909272967365,1.1188341327525968,0.5915432054558603,True,uniform,459.0,523.2006866430272,43
0.4746786995047141,1.0300059661954883,0.5553272666907743,True,classical,459.0,493.3922226391585,43
0.5490557218585566,0.954033223120982,0.4049775012624254,True,active,842.0,970.0108932354686,88
0.5570923890750732,0.9516559721858372,0.3945635831107641,True,active+,842.0,1032.6771600800544,88
0.6585394201017789,1.0201928840184464,0.3616534639166675,True,spline,842.0,1545.400188991381,88
0.6402712994706785,0.97575176819981,0.3354804687291316,True,spline+,842.0,1668.101777905271,88
0.5382230161560688,0.9839978381041388,0.4457748219480699,True,uniform,842.0,813.3908412461254,88
0.523375229635483,0.9710063410315388,0.4476311113960559,True,classical,842.0,775.1999024003132,88
0.5622852485495404,1.2020872488795462,0.6398020003300058,True,active,459.0,512.9017065498339,94
0.5398723576971023,1.0627150440459625,0.5228426863488602,True,active+,459.0,645.567237370314,94
0.5043951189652378,0.9089065329914804,0.4045114140262426,True,spline,459.0,853.8505425152059,94
0.5156358990093378,0.8858556231423392,0.3702197241330014,True,spline+,459.0,1011.1105269785488,94
0.5985574487687878,1.2406085076610185,0.6420510588922307,True,uniform,459.0,557.4177062751022,94
0.3985169589617251,0.9253047546082178,0.5267877956464927,True,classical,459.0,417.28228080094794,94
0.5255577744415284,1.1403323118898243,0.6147745374482959,True,active,459.0,493.47738180855794,80
0.6375432354514303,1.250823656529707,0.6132804210782767,True,active+,459.0,651.9320343114479,80
0.6619795349649037,1.3019071168086809,0.6399275818437772,True,spline,459.0,647.2839657875312,80
0.6047166940416981,1.097545646007432,0.4928289519657338,True,spline+,459.0,833.3778762766117,80
0.5350482662696212,1.127983819538952,0.5929355532693308,True,uniform,459.0,532.3031930844596,80
0.5656861766311468,1.2418276240694073,0.6761414474382604,True,classical,459.0,478.9193314064474,80
0.6867953094226743,1.2694864606027685,0.5826911511800942,True,active,613.0,784.5731421904763,48
0.6435167510765092,1.1381907529645685,0.4946740018880593,True,active+,613.0,910.5685541475364,48
0.5571126151136558,0.9293821846921692,0.3722695695785133,True,spline,613.0,1130.6253566672326,48
0.5514300987295189,0.8962603026153215,0.3448302038858026,True,spline+,613.0,1255.088780047381,48
0.5490383572218754,1.0735998137770102,0.5245614565551348,True,uniform,613.0,658.4249302394674,48
0.5935607826547447,1.18498095356114,0.5914201709063953,True,classical,613.0,619.5160801913497,48
0.7354255758739398,1.3475090407422954,0.6120834648683556,True,active,613.0,807.4568030647748,60
0.7116382351126801,1.2404695543226198,0.5288313192099398,True,active+,613.0,958.95074827889,60
0.6495767265310076,1.1025729193948153,0.4529961928638076,True,spline,613.0,1057.778995458728,60
0.6418530142190305,1.0496687743803206,0.40781576016129,True,spline+,613.0,1223.8752837384525,60
0.5936542382123416,1.0955311315706504,0.5018768933583088,True,uniform,613.0,788.7632643332779,60
0.4836081844483693,0.9887097840535468,0.5051015996051776,True,classical,613.0,578.9939430117903,60
0.4826093241596125,0.991752206999156,0.5091428828395433,True,active,613.0,570.7597186185457,74
0.527035040586077,1.001784765365369,0.4747497247792923,True,active+,613.0,717.7971453857829,74
0.6056975001968645,1.0383524890388691,0.4326549888420046,True,spline,613.0,1019.1671709636676,74
0.6180829870258903,1.020027271230292,0.4019442842044017,True,spline+,613.0,1179.8573512083983,74
0.7539777274752884,1.3507080598934955,0.5967303324182072,True,uniform,613.0,871.1038492143308,74
0.52315097037353,1.0657244359409266,0.5425734655673966,True,classical,613.0,584.8443480843903,74
0.4806781829620572,0.9464871125739444,0.4658089296118872,True,active,689.0,644.9769724739131,81
0.5349964128240796,0.955984080808808,0.4209876679847283,True,active+,689.0,878.7443990929194,81
0.6251332334110059,1.0262780867594246,0.4011448533484186,True,spline,689.0,1204.8968385812311,81
0.670241776848193,1.0671009772869182,0.3968592004387252,True,spline+,689.0,1369.0411609809769,81
0.6901344707009756,1.2404544531884434,0.5503199824874678,True,uniform,689.0,861.2516380535051,81
0.557562922555744,1.078679284118201,0.5211163615624567,True,classical,689.0,679.9231950706587,81
0.6449693700327633,1.1405450455645698,0.4955756755318065,True,active,689.0,911.1706980771484,95
0.6641896273773549,1.147721683085893,0.4835320557085381,True,active+,689.0,989.7319472460598,95
0.5996735437795622,0.9615620601010884,0.3618885163215263,True,spline,689.0,1328.113954004593,95
0.6222596177949922,0.9751328491897936,0.3528732313948015,True,spline+,689.0,1467.3302313349916,95
0.6242973348444819,1.1223065973863338,0.4980092625418518,True,uniform,689.0,860.7585147819113,95
0.5429586885734866,1.054533708163393,0.5115750195899064,True,classical,689.0,671.9505245812719,95
0.3580296289447079,0.8986177059075954,0.5405880769628875,True,active,536.0,349.6510667271116,89
0.4307072416514446,0.8811126573105801,0.4504054156591354,True,active+,536.0,577.9733927000053,89
0.6626417667279232,1.1578096437586682,0.495167877030745,True,spline,536.0,950.8051861158424,89
0.6608473390827033,1.107168925319199,0.4463215862364956,True,spline+,536.0,1111.9222968756874,89
0.4245359324323086,0.9342133661043746,0.509677433672066,True,uniform,536.0,475.99917122781613,89
0.5889638682715947,1.2456364456443354,0.6566725773727407,True,classical,536.0,527.7549624458608,89
0.5351444023706,1.0619104023930146,0.5267660000224146,True,active,536.0,630.5106057910716,76
0.5308268024786226,0.996417443366182,0.4655906408875593,True,active+,536.0,746.6713167594437,76
0.8039078462556323,1.420247605741936,0.6163397594863037,False,spline,536.0,914.2372304031468,76
0.8252977776565776,1.3865187237819836,0.561220946125406,False,spline+,536.0,1100.0871337865865,76
0.5015946849699638,0.9803291678744978,0.4787344829045339,True,uniform,536.0,659.4241606910722,76
0.2920743388501263,0.6566626217372378,0.3645882828871115,False,classical,536.0,451.1231961642458,76
0.8331895540550253,1.4207573335779895,0.5875677795229645,False,active,689.0,1039.6095840614475,42
0.7307769459069993,1.213114301798004,0.4823373558910047,True,active+,689.0,1152.6589411289417,42
0.67353327915024,1.1274016706088643,0.4538683914586245,True,spline,689.0,1115.8335420933324,42
0.681453439802785,1.0992232837360143,0.4177698439332292,True,spline+,689.0,1295.2237325088504,42
0.5159567283630043,1.0103100578795807,0.4943533295165764,True,uniform,689.0,655.7129336781278,42
0.5192059361331561,0.9876143986021128,0.4684084624689566,True,classical,689.0,716.1897990251289,42
0.6576761194227926,1.0428865775710447,0.3852104581482521,True,active,1149.0,1393.0634940940156,2
0.6471484468690819,1.0030152910518644,0.3558668441827824,True,active+,1149.0,1542.1028690835694,2
0.6600057981987159,0.987036964177312,0.327031165978596,True,spline,1149.0,1828.0830005152152,2
0.6423785966454827,0.9533940674603516,0.3110154708148688,True,spline+,1149.0,1899.2126074931589,2
0.7017012844462152,1.1221837117185482,0.4204824272723331,True,uniform,1149.0,1343.1462198748045,2
0.714936348395439,1.158362150933617,0.4434258025381781,True,classical,1149.0,1271.511754779434,2
0.53509581432083,0.9605094759422722,0.4254136616214422,True,active,766.0,865.1679486084167,13
0.5789788145847093,0.9889223729385817,0.4099435583538722,True,active+,766.0,1033.1500047702948,13
0.6421360232832684,1.01945375155511,0.3773177282718417,True,spline,766.0,1385.9180809974905,13
0.6662879781434077,1.035596702655765,0.3693087245123574,True,spline+,766.0,1522.4389993004932,13
0.6599559499637365,1.174455151032053,0.5144992010683164,True,uniform,766.0,891.2740753186616,13
0.5355808568605266,1.0215581147893626,0.485977257928836,True,classical,766.0,710.1232248387795,13
0.4860044133472666,0.9129496139547936,0.4269452006075271,True,active,689.0,744.9373092927119,56
0.4977078050599328,0.8777375542508369,0.3800297491909041,True,active+,689.0,919.9422760840172,56
0.7775545977874313,1.2963892939794777,0.5188346961920464,True,spline,689.0,1133.140648615317,56
0.8105613371983788,1.301020077523976,0.4904587403255972,False,spline+,689.0,1322.4883578651345,56
0.4715994260465427,0.8934699042129837,0.4218704781664409,True,uniform,689.0,725.2048784814862,56
0.546552781900754,1.0752866241793682,0.5287338422786142,True,classical,689.0,646.59391486714,56
0.4433815640859906,0.9790355426563422,0.5356539785703516,True,active,459.0,471.8870580114463,6
0.5037866100473022,1.0159726382339516,0.5121860281866494,True,active+,459.0,601.7925754333911,6
0.8038737083718209,1.4905099805983664,0.6866362722265454,False,spline,459.0,776.7145624058312,6
0.7611124822502617,1.336721502583107,0.5756090203328452,True,spline+,459.0,933.5180586633512,6
0.6117084855635005,1.2489878905233138,0.6372794049598133,True,uniform,459.0,581.0930784686602,6
0.4585189710484851,1.019837016356987,0.5613180453085018,True,classical,459.0,463.3556876034647,6
0.589657314770998,0.9699716863383944,0.3803143715673964,True,active,1072.0,1195.2518358375498,32
0.555772200430593,0.8838607829287898,0.3280885824981967,True,active+,1072.0,1375.6668885221948,32
0.6473518238097953,0.9783155155860566,0.3309636917762613,True,spline,1072.0,1736.4414986049069,32
0.674262694434238,1.0064246009792222,0.3321619065449841,True,spline+,1072.0,1845.6448068067032,32
0.620555824370013,1.0137436069206671,0.3931877825506541,True,uniform,1072.0,1229.2719749063504,32
0.6795628198758442,1.166157567853165,0.4865947479773208,True,classical,1072.0,1015.35877617111,32
0.7361053353488582,1.171194766493031,0.4350894311441726,True,active,1072.0,1372.9111595396107,26
0.7142402649948892,1.1115963780642382,0.3973561130693489,True,active+,1072.0,1513.3527809211882,26
0.6620361030607488,1.0015509741018076,0.3395148710410588,True,spline,1072.0,1727.7057855131268,26
0.6856606116355097,1.0245105006057356,0.3388498889702258,True,spline+,1072.0,1836.0252868157952,26
0.6523463224698807,1.0636119212183108,0.4112655987484301,True,uniform,1072.0,1239.0452995748478,26
0.5299713133056964,0.9294481333840344,0.399476820078338,True,classical,1072.0,938.2632973864952,26
0.5755428389718067,1.0151488756747449,0.4396060367029379,True,active,919.0,919.4805601622288,13
0.6099726201479142,1.0207011414149545,0.41072852126704,True,active+,919.0,1117.1450093664653,13
0.5979805154198082,0.9194358357612716,0.3214553203414633,True,spline,919.0,1599.9038576659786,13
0.586584964334384,0.891803090665229,0.305218126330845,True,spline+,919.0,1687.1763720849774,13
0.544920568352911,0.94337041691423,0.3984498485613189,True,uniform,919.0,983.061482700243,13
0.6142176445969757,1.0854950121124336,0.4712773675154579,True,classical,919.0,913.1451871067592,13
0.6509439722577932,1.0241745852082174,0.3732306129504241,True,active,1149.0,1441.528574557818,59
0.6059798021783767,0.940717336240114,0.3347375340617373,True,active+,1149.0,1530.862776746009,59
0.7093077598195867,1.0657206327967832,0.3564128729771965,True,spline,1149.0,1786.4894632387968,59
0.6872442317687877,1.0216718383698598,0.334427606601072,True,spline+,1149.0,1883.3872879735536,59
0.6016134095861791,0.9903112731482812,0.3886978635621021,True,uniform,1149.0,1191.997774239794,59
0.5770096498726985,0.9649173886631488,0.3879077387904504,True,classical,1149.0,1119.9603429990716,59
0.7261269131780419,1.1517096419822237,0.4255827288041816,True,active,1149.0,1391.5971272267277,71
0.6955596529319417,1.0778851005839063,0.3823254476519648,True,active+,1149.0,1543.165836669286,71
0.6466469816803796,0.9658239621033224,0.3191769804229427,True,spline,1149.0,1839.746858180462,71
0.6459232810764521,0.9563111677250752,0.3103878866486229,True,spline+,1149.0,1922.9816319578065,71
0.6588943241897606,1.0658581849181314,0.4069638607283709,True,uniform,1149.0,1279.9665198734756,71
0.6396221568318462,1.0493468896139042,0.409724732782058,True,classical,1149.0,1208.2268304688484,71
0.6143842133337534,1.016392236540101,0.4020080232063476,True,active,1072.0,1168.483620446908,82
0.6261835945015044,1.0012473165143687,0.3750637220128643,True,active+,1072.0,1344.095359799102,82
0.6743056140712956,1.0241228932578366,0.3498172791865409,True,spline,1072.0,1695.4179534434636,82
0.6652051655788328,0.9977609239717504,0.3325557583929177,True,spline+,1072.0,1801.4925792844376,82
0.6355711588869,1.0531946970692054,0.4176235381823054,True,uniform,1072.0,1160.7912105063492,82
0.5707322530759861,0.982491947419366,0.4117596943433799,True,classical,1072.0,1003.6082821189945,82
0.5607812207437425,0.916868664293635,0.3560874435498925,True,active,1072.0,1225.0566555790815,96
0.5910608174489806,0.9416914461811984,0.3506306287322178,True,active+,1072.0,1364.9503977103182,96
0.6848548612376248,1.032798742595022,0.3479438813573972,True,spline,1072.0,1754.4229746705148,96
0.6803575591644072,1.015499911978568,0.3351423528141607,True,spline+,1072.0,1845.8450710704633,96
0.5293744513556723,0.9017110549716358,0.3723366036159635,True,uniform,1072.0,1043.8538279249851,96
0.4354614093804408,0.7601946017942386,0.3247331924137977,False,classical,1072.0,953.8194101861932,96
0.5995085891827903,0.9777300920092316,0.3782215028264414,True,active,1149.0,1237.6621885870245,16
0.5970076767801847,0.943485706796737,0.3464780300165523,True,active+,1149.0,1413.74025122535,16
0.646208185842948,0.9621769641890088,0.3159687783460607,True,spline,1149.0,1868.5532156807933,16
0.643734530504547,0.95170150979358,0.3079669792890331,True,spline+,1149.0,1937.1493376847309,16
0.6964642027633361,1.1106252366276723,0.4141610338643364,True,uniform,1149.0,1359.6715507263666,16
0.6130625351412,1.0114938981768609,0.3984313630356608,True,classical,1149.0,1181.0133340775053,16
0.6264620185376106,1.0648815242324383,0.4384195056948277,True,active,919.0,1052.0052562944563,48
0.5848030042197215,0.9569746714859269,0.3721716672662053,True,active+,919.0,1220.7398807354657,48
0.6823226250940994,1.0616386363836652,0.3793160112895658,True,spline,919.0,1515.179727624759,48
0.6714488503264286,1.0267308659147734,0.3552820155883447,True,spline+,919.0,1641.6477086956402,48
0.5772344765458286,1.002213088374612,0.4249786118287832,True,uniform,919.0,972.759783877969,48
0.7429916500415458,1.257963056445498,0.5149714064039522,True,classical,919.0,1067.913689301944,48
0.558891834825674,0.9368819115501672,0.3779900767244933,True,active,1072.0,1109.5016308183056,41
0.608530066998804,0.9888451465534788,0.3803150795546747,True,active+,1072.0,1256.2491960286052,41
0.6488577070266636,0.976082003960417,0.3272242969337534,True,spline,1072.0,1775.8636448731172,41
0.6670276394151086,0.9936116767586024,0.3265840373434939,True,spline+,1072.0,1864.445166245472,41
0.4691441364138698,0.8129599718155422,0.3438158354016724,True,uniform,1072.0,979.6568021812358,41
0.5644451009457138,0.9604508360882248,0.3960057351425111,True,classical,1072.0,1047.9362700792944,41
0.6410182428393147,1.0443723363085566,0.4033540934692419,True,active,1072.0,1242.7889925885763,55
0.6159058280382129,0.9748095404965464,0.3589037124583335,True,active+,1072.0,1404.5378881159745,55
0.6620811377312004,0.998888111744281,0.3368069740130807,True,spline,1072.0,1750.7222611268928,55
0.6736088290394268,1.0052134603173972,0.3316046312779704,True,spline+,1072.0,1847.802405929608,55
0.6591803565209062,1.0815450479636102,0.4223646914427039,True,uniform,1072.0,1207.723723845529,55
0.605006913865402,1.015037085178625,0.410030171313223,True,classical,1072.0,1105.9054794994076,55
0.6916922007153868,1.1284501353118774,0.4367579345964906,True,active,919.0,1235.9635428897045,74
0.6338681110678301,1.0118363281772833,0.3779682171094531,True,active+,919.0,1353.7519409345798,74
0.6684319990617308,1.043722024357751,0.3752900252960202,True,spline,919.0,1491.151077260524,74
0.6602969507957118,1.0123947535675388,0.352097802771827,True,spline+,919.0,1621.0709269118554,74
0.6736328459653497,1.1206006842251472,0.4469678382597976,True,uniform,919.0,1143.1794570617578,74
0.5145533523992402,0.9316860750252992,0.4171327226260589,True,classical,919.0,840.0587776233011,74
0.5820524154751017,0.9580114479066086,0.3759590324315069,True,active,1072.0,1192.5002980044364,69
0.6070952450430348,0.9662889960260684,0.3591937509830336,True,active+,1072.0,1370.7212952675711,69
0.6844344219232646,1.0330301904443029,0.3485957685210382,True,spline,1072.0,1747.2859494076183,69
0.6707075254189772,1.001396960740277,0.3306894353212999,True,spline+,1072.0,1843.080324161308,69
0.6221183598818534,1.0193648337971792,0.3972464739153258,True,uniform,1072.0,1214.3072544870813,69
0.6262956464976568,1.0579882532896925,0.4316926067920354,True,classical,1072.0,1077.1493784927145,69
0.6008814295075029,1.0292565270114211,0.4283750975039182,True,active,919.0,1022.2582080770436,60
0.5686091267599763,0.9375789655883846,0.3689698388284083,True,active+,919.0,1183.891152172528,60
0.6382514542872364,0.9846766125754006,0.3464251582881642,True,spline,919.0,1575.0652507804198,60
0.6489091887022864,0.9868279837503968,0.3379187950481103,True,spline+,919.0,1684.9624792216368,60
0.7481089153670003,1.211126892172993,0.4630179768059926,True,uniform,919.0,1275.7957329356248,60
0.6821158031734749,1.1970348991713846,0.5149190959979097,True,classical,919.0,936.1447663208612,60
0.5386848331540227,0.9872766894673376,0.4485918563133148,True,active,766.0,806.7745534741888,74
0.5653401212208745,0.9762609462508024,0.410920825029928,True,active+,766.0,992.1394818079004,74
0.6126492104612319,0.9817413558059674,0.3690921453447355,True,spline,766.0,1331.7121815697478,74
0.6132048784899891,0.9653958783579272,0.3521909998679381,True,spline+,766.0,1437.589856855422,74
0.6823223298188473,1.1715913492958034,0.4892690194769561,True,uniform,766.0,1013.1203270288822,74
0.5510272681749697,1.0564187081836218,0.5053914400086521,True,classical,766.0,698.9878609719707,74
0.6880643678649723,1.201124590613684,0.5130602227487118,True,active,689.0,953.94648421489,31
0.6328001404493845,1.0658080080664285,0.4330078676170438,True,active+,689.0,1089.4494291419496,31
0.5903799869711981,0.997025178996685,0.4066451920254869,True,spline,689.0,1078.3515030913934,31
0.5983986356558884,0.983983541016628,0.3855849053607396,True,spline+,689.0,1197.0468209773944,31
0.6542436915682277,1.2455621865382942,0.5913184949700665,True,uniform,689.0,714.2542572493622,31
0.8310246543596376,1.587156191638809,0.7561315372791715,False,classical,689.0,707.2567433463353,31
0.7610807177996914,1.4687775299408492,0.7076968121411578,True,active,536.0,685.043805478546,11
0.7642739632460239,1.4309927659599406,0.6667188027139167,True,active+,536.0,752.7147136287706,11
0.6141243025433063,1.0601583649607151,0.4460340624174088,True,spline,536.0,993.3252110489316,11
0.6613388963221521,1.1022951394144769,0.4409562430923247,True,spline+,536.0,1134.476211168158,11
0.5153979444341145,1.1024625754711694,0.587064631037055,True,uniform,536.0,512.1506236258756,11
0.6095163639677953,1.236742216415111,0.6272258524473157,True,classical,536.0,591.4252987370694,11
0.714828400907197,1.275215441348059,0.560387040440862,True,active,689.0,883.7715178424636,25
0.693376686659152,1.184020113054394,0.4906434263952419,True,active+,689.0,1034.1255019177634,25
0.5733197408553561,0.9168114452592544,0.3434917044038982,True,spline,689.0,1343.5225272581667,25
0.5761011071971052,0.9053986709296542,0.329297563732549,True,spline+,689.0,1448.7215159847185,25
0.667847108215437,1.2052589013764936,0.5374117931610566,True,uniform,689.0,849.4940190299803,25
0.6007194575389978,1.162285415442876,0.5615659579038783,True,classical,689.0,679.7209385146273,25
0.6015996582593366,1.0345865417791442,0.4329868835198076,True,active,766.0,1007.3399295662912,60
0.5149085742151316,0.8691365246061192,0.3542279503909876,True,active+,766.0,1080.4073421552116,60
0.6178502534620186,0.9836891278696216,0.3658388744076029,True,spline,766.0,1369.0327701057713,60
0.6301134680435992,0.9822815291759288,0.3521680611323297,True,spline+,766.0,1502.1590754568706,60
0.539842568360724,0.9712711633038617,0.4314285949431377,True,uniform,766.0,858.3754862695656,60
0.5954726009773585,1.118000963875348,0.5225283628979893,True,classical,766.0,746.1696764850809,60
0.5031016678862399,0.9256931438596384,0.4225914759733985,True,active,766.0,796.4060396980628,48
0.5498216557031478,0.9577940240707362,0.4079723683675884,True,active+,766.0,961.1523941865776,48
0.6074716374197309,0.992541736705521,0.3850700992857901,True,spline,766.0,1228.4015830140345,48
0.6173279612801893,0.9832687126760656,0.3659407513958763,True,spline+,766.0,1366.5738284760937,48
0.6937448353244792,1.2003373313525096,0.5065924960280305,True,uniform,766.0,985.0897429027928,48
0.7988315842592533,1.434999495430347,0.6361679111710941,False,classical,766.0,862.9491482491488,48
0.7987811394343066,1.4751866154776303,0.6764054760433237,False,active,536.0,786.8222361806794,39
0.6589645770298491,1.1757508397368652,0.5167862627070161,True,active+,536.0,883.2692438200872,39
0.6526992425132396,1.1948776652672668,0.5421784227540272,True,spline,536.0,809.8114492726188,39
0.7525276461918536,1.296007023199058,0.5434793770072043,True,spline+,536.0,1002.0078748103584,39
0.5376438467955895,1.1796937750755343,0.6420499282799448,True,uniform,536.0,479.51211692357856,39
0.6266958249395167,1.3302280947462244,0.7035322698067077,True,classical,536.0,522.7081050045535,39
0.6764061865488296,1.183058730627737,0.5066525440789074,True,active,689.0,947.3592586985978,19
0.648840043243866,1.0983321587245636,0.4494921154806975,True,active+,689.0,1068.7351065683902,19
0.6682762196941376,1.1329775147413377,0.4647012950471998,True,spline,689.0,1062.504908495519,19
0.6618158474590841,1.0789491357005516,0.4171332882414675,True,spline+,689.0,1239.525974279618,19
0.5929283558717435,1.0764240730623968,0.4834957171906533,True,uniform,689.0,832.6665595873162,19
0.7098265556108844,1.361670064526224,0.6518435089153395,True,classical,689.0,697.7202437894124,19
0.6640210127837701,1.2036460104274511,0.5396249976436812,True,active,613.0,836.9542205027398,13
0.6322568164677638,1.0964787264693296,0.4642219100015659,True,active+,613.0,976.8414613694129,13
0.618247356649953,1.0679131632327123,0.4496658065827593,True,spline,613.0,991.1569817669952,13
0.686113422815571,1.138697362551719,0.4525839397361479,True,spline+,613.0,1153.754016206804,13
0.666974489591565,1.2181928618518685,0.5512183722603035,True,uniform,613.0,816.0361387253593,13
0.7151075807555852,1.39785771401669,0.6827501332611049,True,classical,613.0,659.0953320269319,13
0.5403713011074053,0.9522210185303392,0.4118497174229338,True,active,842.0,922.5219943705353,8
0.5549520383302335,0.956879668482215,0.4019276301519814,True,active+,842.0,997.6338380373423,8
0.7617033771889461,1.2122371229061772,0.4505337457172311,True,spline,842.0,1371.3802957196035,8
0.725152196618938,1.123926042768441,0.3987738461495029,True,spline+,842.0,1542.0230230320392,8
0.5072316095833393,0.8999794271296603,0.3927478175463209,True,uniform,842.0,900.5694391923648,8
0.4696253127326543,0.8624413921962808,0.3928160794636264,True,classical,842.0,801.4413742469,8
0.6851016684877522,1.2719452146881371,0.5868435462003849,True,active,536.0,773.4441405106998,4
0.5695311930485885,1.0514501067000293,0.4819189136514408,True,active+,536.0,787.6971921493436,4
0.600388708269049,1.016594373057219,0.4162056647881699,True,spline,536.0,1067.6220548843116,4
0.6266475099052963,1.0363643784665728,0.4097168685612765,True,spline+,536.0,1169.8973394125485,4
0.5070769200559908,1.0561044861480424,0.5490275660920516,True,uniform,536.0,550.0800757834536,4
0.5735129894833998,1.183409498087029,0.6098965086036293,True,classical,536.0,564.3035267576188,4
0.6860928909688365,1.1392343062115342,0.4531414152426977,True,active,919.0,1151.4737664040783,0
0.6574353267580838,1.0578391940017278,0.4004038672436439,True,active+,919.0,1308.8421244051526,0
0.6454293366438257,0.9927895717355308,0.3473602350917051,True,spline,919.0,1596.9261079615917,0
0.6250568456211403,0.9473652709683128,0.3223084253471724,True,spline+,919.0,1712.3081924726105,0
0.6246571811943514,1.0710483181389965,0.446391136944645,True,uniform,919.0,1018.4857188504373,0
0.6036574497925625,1.0613725195627606,0.457715069770198,True,classical,919.0,929.8255076941556,0
0.7232489969493807,1.163996952800742,0.4407479558513612,True,active,996.0,1307.6088848724607,90
0.6772321537384045,1.0686454865145267,0.3914133327761222,True,active+,996.0,1423.166615529176,90
0.6863673775566528,1.0433457722362398,0.356978394679587,True,spline,996.0,1688.4089109308984,90
0.6917520558566153,1.0369708745671573,0.345218818710542,True,spline+,996.0,1806.7175139420012,90
0.6300487354760334,1.0679503250135138,0.4379015895374805,True,uniform,996.0,1063.3245170193516,90
0.5186506541098463,0.8898025802033792,0.3711519260935328,True,classical,996.0,1016.30232335482,90
0.5091001774011824,0.941371827429592,0.4322716500284097,True,active,689.0,783.649437398302,7
0.5081027306887486,0.8852905196097892,0.3771877889210406,True,active+,689.0,960.482846649393,7
0.6304380314104214,1.0347955734166383,0.4043575420062171,True,spline,689.0,1205.7962649018514,7
0.6245883306889211,0.9942792672310168,0.3696909365420956,True,spline+,689.0,1369.8482125922212,7
0.6245137426327554,1.168549968108383,0.5440362254756277,True,uniform,689.0,754.281705564016,7
0.4892391523008509,0.9846668212370242,0.4954276689361733,True,classical,689.0,605.2338519301472,7
0.6886819849679185,1.1125710557784625,0.4238890708105437,True,active,996.0,1287.0378699617008,84
0.6468293599886987,1.0255342254909343,0.3787048655022358,True,active+,996.0,1393.9624335050914,84
0.6242238911113994,0.9454605013907312,0.3212366102793318,True,spline,996.0,1717.9147815646693,84
0.6160024823950428,0.9240637293292144,0.3080612469341717,True,spline+,996.0,1800.4988168002835,84
0.6997969159272568,1.158278422318843,0.4584815063915861,True,uniform,996.0,1166.1391850341236,84
0.7009282519978595,1.1951756640377529,0.4942474120398932,True,classical,996.0,1039.7703032852771,84
0.874992377470045,1.5807183336967483,0.7057259562267035,False,active,459.0,846.5403283235719,18
0.7523190010323989,1.3383044250680731,0.5859854240356742,True,active+,459.0,892.4759326406306,18
0.5463986861273963,0.9527072732345652,0.4063085871071689,True,spline,459.0,957.9739845318626,18
0.5734151440541482,0.9667765958317048,0.3933614517775565,True,spline+,459.0,1085.1837601174086,18
0.391777829839784,0.912805448491236,0.5210276186514521,True,uniform,459.0,413.8804911534313,18
0.2859422317963565,0.6574625216928918,0.3715202898965352,False,classical,459.0,427.13802377327187,18
0.6271523939083411,1.0501578827665354,0.4230054888581943,True,active,996.0,1114.2203220450997,53
0.6604043441215196,1.074669066040214,0.4142647219186944,True,active+,996.0,1248.9103291236258,53
0.5673497350336549,0.85171538554905,0.2843656505153951,True,spline,996.0,1793.8888924283854,53
0.5846457706210538,0.8716161991174313,0.2869704284963774,True,spline+,996.0,1856.721072413388,53
0.5410760113658807,0.9133050150709412,0.3722290037050604,True,uniform,996.0,1080.4103345239237,53
0.5914813571370942,1.045148642547436,0.4536672854103419,True,classical,996.0,913.6515767278472,53
0.4105631957186451,0.7614640322313757,0.3509008365127306,False,active,842.0,776.0064493843361,38
0.4700438739186304,0.8093962222336132,0.3393523483149827,True,active+,842.0,1002.5353851913186,38
0.5974851798600455,0.9208381413246624,0.323352961464617,True,spline,842.0,1582.5471123164991,38
0.6092829602709574,0.926348242936764,0.3170652826658064,True,spline+,842.0,1686.85735367677,38
0.6897217236859596,1.1651881442701266,0.475466420584167,True,uniform,842.0,1076.9535685215135,38
0.4627207483382949,0.8485940621849887,0.3858733138466937,True,classical,842.0,805.0791977353795,38
0.5427041097272657,0.9348451764937066,0.3921410667664409,True,active,996.0,1001.2300500837968,47
0.5779697992558278,0.9474516945267176,0.3694818952708897,True,active+,996.0,1212.0985704753184,47
0.6557586242377612,1.0005916004549018,0.3448329762171406,True,spline,996.0,1658.3439751695876,47
0.6415861549846389,0.9662102682610848,0.324624113276446,True,spline+,996.0,1766.2924704715356,47
0.6278785402005631,1.0508825800129562,0.4230040398123931,True,uniform,996.0,1116.2432592168282,47
0.6782397084332186,1.1588127869104017,0.4805730784771831,True,classical,996.0,1031.990858254524,47
0.6704495259384636,1.076320323653582,0.4058707977151182,True,active,996.0,1321.4934882784762,7
0.6731171285229216,1.054360798026279,0.3812436695033574,True,active+,996.0,1470.246193491691,7
0.6293044067287038,0.9547900957426786,0.3254856890139748,True,spline,996.0,1703.822064471624,7
0.6527099730147454,0.9787451669595076,0.3260351939447621,True,spline+,996.0,1803.9813660970929,7
0.534341604296899,0.9307319211210556,0.3963903168241566,True,uniform,996.0,961.5086650193334,7
0.5373442202581261,0.9271165476373036,0.3897723273791774,True,classical,996.0,995.2778309174238,7
0.4354642131776832,1.02599792753339,0.5905337143557069,True,active,459.0,403.1519568203553,24
0.4748101407752647,0.9927030884462044,0.5178929476709396,True,active+,459.0,544.3714289246433,24
0.5292655743809551,0.9858727850471722,0.4566072106662171,True,spline,459.0,765.2555649800988,24
0.5466753269233013,0.9798671938424822,0.4331918669191809,True,spline+,459.0,869.4907173277165,24
0.3557659420885459,0.7733062268063935,0.4175402847178475,False,uniform,459.0,491.20812434607416,24
0.6357309104647425,1.345443517775024,0.7097126073102814,True,classical,459.0,526.8169115377632,24
0.4898503789551037,1.050674643678842,0.5608242647237381,True,active,459.0,508.4988115480416,30
0.5301953487931887,1.046093907916905,0.5158985591237162,True,active+,459.0,641.1605843722908,30
0.4578631470197131,0.8224372867120615,0.3645741396923484,True,spline,459.0,863.1487629178553,30
0.5490701458629881,0.9629442358159848,0.4138740899529968,True,spline+,459.0,938.25937580357,30
0.6793936456091616,1.2894860217335204,0.6100923761243588,True,uniform,459.0,721.1012331515823,30
0.4023028765894506,0.9425266996885128,0.5402238230990621,True,classical,459.0,408.5201049456903,30
0.616239165554104,1.0610376915694577,0.4447985260153535,True,active,842.0,1002.8860007720538,10
0.591667399225366,0.9783044196926636,0.3866370204672974,True,active+,842.0,1170.891591293994,10
0.561311951900867,0.8844800183320388,0.3231680664311718,True,spline,842.0,1432.0061004160173,10
0.5638001158797009,0.8726513136095704,0.3088511977298694,True,spline+,842.0,1551.6776896118367,10
0.6001193480649366,1.0810404045007025,0.4809210564357659,True,uniform,842.0,854.8132322452301,10
0.6273949605962362,1.160296614140594,0.5329016535443577,True,classical,842.0,783.2383367037982,10
0.6516087319545656,1.1577380969478486,0.506129364993283,True,active,613.0,896.2658505123271,3
0.6771673709014412,1.16540675661684,0.4882393857153988,True,active+,613.0,1004.5881632581423,3
0.5367312973143042,0.9187339308476888,0.3820026335333845,True,spline,613.0,1024.9050814030136,3
0.5785260346275574,0.9626797569025592,0.3841537222750018,True,spline+,613.0,1141.8224328924498,3
0.500990074675148,0.9749282026771252,0.4739381280019773,True,uniform,613.0,668.0064191715105,3
0.3765569605684925,0.7672767789945395,0.3907198184260469,False,classical,613.0,584.4528300233366,3
0.6165722840416399,1.0755810594442572,0.4590087754026173,True,active,842.0,956.3152061291728,11
0.620357816208662,1.0360628890000936,0.4157050727914315,True,active+,842.0,1125.6310347005897,11
0.5093989764779647,0.7773615081507381,0.2679625316727734,False,spline,842.0,1657.4023514424373,11
0.5085773108861789,0.768953486206276,0.2603761753200971,False,spline+,842.0,1732.4876709517969,11
0.6084562847010324,1.074138618638113,0.4656823339370806,True,uniform,842.0,916.6600620473232,11
0.725788704881441,1.2927166439522302,0.5669279390707892,True,classical,842.0,888.633446481924,11
0.296933508352832,0.7964771901679424,0.4995436818151103,False,active,459.0,304.14258879646263,31
0.4013490833225629,0.9054714626102917,0.5041223792877287,True,active+,459.0,447.2920939624894,31
0.6744946527380167,1.2378435798961085,0.5633489271580918,True,spline,459.0,803.2102689192529,31
0.6901079107874499,1.201320635705874,0.511212724918424,True,spline+,459.0,963.6161230907878,31
0.4526516870433917,1.0533552139552675,0.6007035269118759,True,uniform,459.0,415.0720914950781,31
0.398452058807586,0.8894675071695237,0.4910154483619376,True,classical,459.0,459.1653558850847,31
0.523547971577414,1.0176999810198086,0.4941520094423947,True,active,613.0,670.2308890661459,2
0.5703042245384866,1.0370369308452618,0.4667327063067752,True,active+,613.0,828.1423598158151,2
0.5294561405456399,0.8963520549360653,0.3668959143904253,True,spline,613.0,1068.2436893981414,2
0.5401256273649758,0.8870640977112119,0.346938470346236,True,spline+,613.0,1203.0213830639125,2
0.3716773469526552,0.8528114828404343,0.4811341358877791,True,uniform,613.0,429.2859626035234,2
0.4363654011233985,0.9103393911705324,0.473973990047134,True,classical,613.0,547.6025544938936,2
0.7213006668535739,1.3545052895920535,0.6332046227384797,True,active,459.0,745.7118049434907,25
0.7096700583380072,1.2815048824713748,0.5718348241333676,True,active+,459.0,847.7706111396137,25
0.7606757140852881,1.399374174507941,0.638698460422653,True,spline,459.0,796.8693053931677,25
0.7299181396435676,1.2626480605296724,0.5327299208861048,True,spline+,459.0,985.8795263338752,25
0.7729952548753994,1.4531586393993152,0.6801633845239158,True,uniform,459.0,743.1470552072925,25
0.4396677617359008,1.0724259364604902,0.6327581747245894,True,classical,459.0,372.4269416626164,25
0.5368956171169422,0.9313907393380272,0.3944951222210848,True,active,996.0,975.7363487003396,6
0.6026060065311091,0.996421635884388,0.3938156293532791,True,active+,996.0,1170.7488039837217,6
0.5964730659157929,0.8983644397319509,0.301891373816158,True,spline,996.0,1765.3978243803988,6
0.6348846868563898,0.947896651853312,0.3130119649969222,True,spline+,996.0,1843.2275631816597,6
0.5829765412168304,1.0128327610109866,0.4298562197941562,True,uniform,996.0,970.4995509135842,6
0.6058249304340181,1.04040548928161,0.4345805588475918,True,classical,996.0,1012.5257840765804,6
0.5770617587347887,0.9696688666971915,0.3926071079624029,True,active,996.0,1099.2469202848283,46
0.560797160363641,0.903487694662189,0.342690534298548,True,active+,996.0,1301.9023477637973,46
0.6622829160900824,1.0188159610051812,0.3565330449150988,True,spline,996.0,1596.1803307734049,46
0.6693940120505237,1.0134167859774248,0.344022773926901,True,spline+,996.0,1721.669844286122,46
0.569045034772016,0.971598820766966,0.4025537859949502,True,uniform,996.0,1034.5662220233062,46
0.6602038266339192,1.1246105887848816,0.4644067621509624,True,classical,996.0,1043.6759116880903,46
0.6017516580734136,1.051512148478953,0.4497604904055393,True,active,842.0,950.502057841376,39
0.6327407162869669,1.064550217142454,0.4318095008554872,True,active+,842.0,1094.0064023823838,39
0.6045617055146844,0.9369129212553802,0.3323512157406958,True,spline,842.0,1542.833188124309,39
0.6251165236123616,0.9572845079537196,0.3321679843413579,True,spline+,842.0,1630.3780264865684,39
0.4986430048832536,0.9063015079251368,0.4076585030418831,True,uniform,842.0,829.4492395577922,39
0.5146121761716118,0.923543920779522,0.40893174460791,True,classical,842.0,865.7989688273142,39
0.6161657114407183,1.0123869969266284,0.39622128548591,True,active,996.0,1200.915678267457,52
0.6261605437691008,1.0010114124914906,0.3748508687223898,True,active+,996.0,1345.234833613993,52
0.6076778992834295,0.9238313819261698,0.3161534826427402,True,spline,996.0,1687.5246828359525,52
0.5974786740491871,0.8987009372148836,0.3012222631656965,True,spline+,996.0,1776.7462572973748,52
0.6178053523869784,1.0256238008623015,0.4078184484753231,True,uniform,996.0,1152.4543295989656,52
0.7655339478507701,1.3025184270395993,0.5369844791888292,True,classical,996.0,1048.2451018280594,52
0.4147518947281103,0.9186032674071576,0.5038513726790472,True,active,459.0,468.2898639879564,19
0.4406595638874356,0.9168326087168291,0.4761730448293935,True,active+,459.0,551.6239092875824,19
0.5931341716035488,1.1319611376360053,0.5388269660324565,True,spline,459.0,708.9066059176503,19
0.6388588350472735,1.1396927696925798,0.5008339346453063,True,spline+,459.0,883.7636135660392,19
0.5677853991176307,1.3003999529259826,0.7326145538083519,True,uniform,459.0,431.1827754937857,19
0.6456597929706446,1.3804849657811655,0.734825172810521,True,classical,459.0,512.7505382700404,19
0.4855925656523459,0.8519090137046901,0.3663164480523441,True,active,996.0,937.1230125935924,85
0.5439556127035585,0.8991005826789346,0.355144969975376,True,active+,996.0,1172.5183883111529,85
0.6529725909083519,0.9846547483117116,0.3316821574033598,True,spline,996.0,1754.9763234280144,85
0.679342963139943,1.0139122033059909,0.3345692401660478,True,spline+,996.0,1846.511814661305,85
0.6885647014389356,1.1292406375945645,0.4406759361556287,True,uniform,996.0,1209.957744082919,85
0.8582512975658154,1.467613477805514,0.6093621802396987,False,classical,996.0,1028.741003148286,85
0.7590665817132614,1.2573860800473775,0.4983194983341164,True,active,919.0,1162.440987181648,1
0.6276422857347759,1.018564031197284,0.390921745462508,True,active+,919.0,1263.0703629571094,1
0.7076381053227961,1.09365347686045,0.3860153715376538,True,spline,919.0,1562.3166376074137,1
0.6728969470247494,1.0237846800294483,0.3508877330046989,True,spline+,919.0,1681.2197385736572,1
0.5885264268773899,1.0294492519258414,0.4409228250484515,True,uniform,919.0,947.0453203164592,1
0.5758886923831066,1.0349058024779274,0.4590171100948208,True,classical,919.0,861.8257506885645,1
0.4516827779637389,0.913597183306368,0.4619144053426291,True,active,689.0,596.7443743676948,6
0.5151766308991113,0.9593211437330192,0.4441445128339079,True,active+,689.0,766.0457705790492,6
0.5733289563018796,0.9594389076444576,0.3861099513425781,True,spline,689.0,1116.8933269940965,6
0.6199102302564771,1.0060893695883235,0.3861791393318466,True,spline+,689.0,1262.690627605483,6
0.4647979719427167,0.9072924460342562,0.4424944740915394,True,uniform,689.0,661.8596197700685,6
0.3747503229128359,0.7408882135487576,0.3661378906359216,False,classical,689.0,637.3717445403233,6
0.6360108256107899,1.0499588149987775,0.4139479893879878,True,active,996.0,1178.310466809577,91
0.6245407425448759,0.9973887487200128,0.3728480061751369,True,active+,996.0,1351.191855124501,91
0.57165339621705,0.8660863901188405,0.2944329939017904,True,spline,996.0,1715.5272371500405,91
0.6037831653775425,0.9058346985464432,0.3020515331689006,True,spline+,996.0,1799.5077625397755,91
0.5515990035099978,0.937703219760518,0.3861042162505202,True,uniform,996.0,1051.682179427775,91
0.590178335347386,1.0006208817774886,0.4104425464301027,True,classical,996.0,1062.3101506931714,91
0.5452401632269985,1.057764728441899,0.5125245652149004,True,active,536.0,674.2519499241995,5
0.6285078123375812,1.165193251934431,0.5366854395968498,True,active+,536.0,777.0610141560738,5
0.784535603139673,1.3669144384261338,0.5823788352864608,True,spline,536.0,960.5275459620744,5
0.8108021076384828,1.3491078092494049,0.5383057016109218,False,spline+,536.0,1142.102775381408,5
0.6179319003907089,1.2501359700685442,0.6322040696778353,True,uniform,536.0,596.3723057826878,5
0.6373125975996273,1.3354298042030086,0.6981172066033813,True,classical,536.0,541.09196090818,5
0.7200341734100505,1.191175257562296,0.4711410841522455,True,active,842.0,1168.4701110357848,9
0.7289536519495393,1.176604398031136,0.4476507460815967,True,active+,842.0,1291.727568687672,9
0.6132981926503062,0.9637003503774808,0.3504021577271745,True,spline,842.0,1449.767048651368,9
0.6185257157084254,0.9539539212261408,0.3354282055177154,True,spline+,842.0,1577.2787219421966,9
0.6540539727047773,1.1503676838286971,0.4963137111239198,True,uniform,842.0,928.7200789966616,9
0.6809246515050043,1.24000360995952,0.5590789584545157,True,classical,842.0,824.0991776126709,9
0.704040626998575,1.2885408042608104,0.5845001772622355,True,active,613.0,810.4895473452889,12
0.5734746595039376,1.020402570057953,0.4469279105540155,True,active+,613.0,891.731256032506,12
0.7840767971774077,1.3358496931372128,0.551772895959805,True,spline,613.0,1043.0007245259098,12
0.7349321229749681,1.2054079393981103,0.4704758164231422,True,spline+,613.0,1209.4502025697846,12
0.3883513530348578,0.8397325686913911,0.4513812156565333,True,uniform,613.0,497.8921672798621,12
0.4158407404872455,0.8718309355103169,0.4559901950230713,True,classical,613.0,540.2955972289876,12
0.6789586864509947,1.216248270679775,0.5372895842287804,True,active,689.0,871.2696116697948,18
0.7056964300791173,1.2285016492414764,0.5228052191623591,True,active+,689.0,963.4889145010952,18
0.5549515535154763,0.912039218384815,0.3570876648693387,True,spline,689.0,1199.698022912892,18
0.6235059885693378,0.997243251104148,0.3737372625348101,True,spline+,689.0,1342.5037325745843,18
0.4932702405561912,0.966616218556346,0.4733459780001547,True,uniform,689.0,654.242550772909,18
0.4922651981468935,0.9305998477417268,0.4383346495948331,True,classical,689.0,730.1578082355117,18
0.5874971567177942,1.035160248195234,0.4476630914774397,True,active,766.0,922.8495598534668,49
0.6367906222306502,1.084851646039942,0.4480610238092918,True,active+,766.0,1043.228831890454,49
0.6287952221651687,0.9792184949530216,0.3504232727878529,True,spline,766.0,1509.1456561554205,49
0.6614055937139133,1.0141788745309692,0.3527732808170559,True,spline+,766.0,1620.440498068401,49
0.5793221238614865,1.0982705296136783,0.5189484057521918,True,uniform,766.0,723.7303325802064,49
0.4850564857232227,0.920415864007337,0.4353593782841143,True,classical,766.0,721.6372682948238,49
0.5972975226558477,1.131529450044932,0.5342319273890843,True,active,536.0,725.3696070951137,38
0.5446351598835856,0.9929222651966312,0.4482871053130455,True,active+,536.0,821.0327418019571,38
0.5424882719318495,0.9320503457026168,0.3895620737707673,True,spline,536.0,1010.8591712483782,38
0.640729887624984,1.0643588429214252,0.4236289552964413,True,spline+,536.0,1149.5629880930433,38
0.6107090114709682,1.1936508260541026,0.5829418145831343,True,uniform,536.0,659.315518831846,38
0.4296466610025626,0.9409828821189136,0.5113362211163508,True,classical,536.0,481.7803890490604,38
0.5498849523604799,1.007454022507763,0.4575690701472832,True,active,689.0,807.6997677728581,24
0.6001719809456997,1.0424047977452118,0.4422328167995121,True,active+,689.0,971.5196681197168,24
0.564609138127135,0.9219064423605996,0.3572973042334645,True,spline,689.0,1231.6784266879065,24
0.5872992982648968,0.9352861602596158,0.3479868619947189,True,spline+,689.0,1367.5375796693304,24
0.6099249478091007,1.081109794898795,0.4711848470896946,True,uniform,689.0,903.7084334483548,24
0.6232604368115435,1.1757106319628992,0.5524501951513556,True,classical,689.0,735.1090631991083,24
0.5458553386368097,1.131613668798377,0.5857583301615674,True,active,536.0,557.0948480152884,10
0.5473129844311371,1.1080544665318472,0.5607414821007102,True,active+,536.0,595.1708351268112,10
0.5858025942821888,1.0111033603634156,0.4253007660812268,True,spline,536.0,993.9136173855186,10
0.5977055703844627,0.9975329869562268,0.3998274165717642,True,spline+,536.0,1128.7088011227906,10
0.4539309468981469,1.013301775021666,0.559370828123519,True,uniform,536.0,459.1785246496044,10
0.7285802044193778,1.4547736377508236,0.7261934333314458,True,classical,536.0,619.2195407675965,10
0.6846525940586506,1.1659567215544604,0.4813041274958097,True,active,766.0,1044.6869036526616,61
0.6570075170765247,1.0920590557085872,0.4350515386320625,True,active+,766.0,1146.827701298355,61
0.5968652265378532,0.9647162599179472,0.3678510333800939,True,spline,766.0,1284.3940155679156,61
0.6542702845195856,1.0297317467103209,0.3754614621907353,True,spline+,766.0,1439.5309678070148,61
0.5462420116495084,0.9634759215981454,0.417233909948637,True,uniform,766.0,919.4530752895006,61
0.4596331126696794,0.8795516246905486,0.4199185120208691,True,classical,766.0,703.0259858055019,61
0.5213082414376542,0.9598175721598174,0.4385093307221632,True,active,766.0,794.7076536107352,75
0.5510959823762898,0.9488386695539792,0.3977426871776893,True,active+,766.0,1003.0252744754288,75
0.5840145509413689,0.9476235952205796,0.3636090442792106,True,spline,766.0,1263.8388824377023,75
0.6340683719352814,1.0026423894107968,0.3685740174755153,True,spline+,766.0,1410.1258239161302,75
0.6117490196854234,1.0853045642940784,0.473555544608655,True,uniform,766.0,900.9161640941928,75
0.7054484832920385,1.295853579240832,0.5904050959487936,True,classical,766.0,800.7585020782452,75
0.5811890027481534,1.0506448082230706,0.4694558054749171,True,active,689.0,844.6430688374437,30
0.6551550425185363,1.131273149129502,0.4761181066109657,True,active+,689.0,992.413169361255,30
0.549191141780568,0.9030593155144456,0.3538681737338777,True,spline,689.0,1197.0965461698572,30
0.5636061826550112,0.9021949703833988,0.3385887877283875,True,spline+,689.0,1337.7223978956604,30
0.5409883424029245,1.011236272383688,0.4702479299807636,True,uniform,689.0,756.730111177735,30
0.611564194874192,1.1378539135940775,0.5262897187198855,True,classical,689.0,768.111992745072,30
0.5832241333678472,0.9870570620776552,0.4038329287098081,True,active,1072.0,1069.5704162846905,68
0.572012381798572,0.9278245973484448,0.3558122155498728,True,active+,1072.0,1265.6655140195487,68
0.6565050219783006,0.991075509095124,0.3345704871168232,True,spline,1072.0,1745.5764672257326,68
0.6558986230735052,0.9792700191736036,0.3233713961000984,True,spline+,1072.0,1843.235985290418,68
0.6292949475255724,1.0361020709302209,0.4068071234046483,True,uniform,1072.0,1190.9622454242092,68
0.7104094302038048,1.2249616980789046,0.5145522678750999,True,classical,1072.0,997.5333606216932,68
0.5676718543698785,0.973747851917794,0.4060759975479154,True,active,919.0,1016.9059106005444,61
0.5457389095364304,0.8961191341941118,0.3503802246576813,True,active+,919.0,1203.908384425696,61
0.5998545839519854,0.9176411110346612,0.3177865270826758,True,spline,919.0,1638.3914664340589,61
0.7091650211152535,1.0753148402994217,0.366149819184168,True,spline+,919.0,1708.7036117964308,61
0.5296660287998989,0.9100641160491832,0.3803980872492842,True,uniform,919.0,1010.6798358528678,61
0.5385875827517184,0.9692443557720152,0.4306567730202969,True,classical,919.0,857.6787976387719,61
0.6776243420883303,1.1605687500373745,0.4829444079490441,True,active,919.0,1022.7217361978712,75
0.679836013551084,1.1164365741073947,0.4366005605563107,True,active+,919.0,1203.3601527537492,75
0.7281621948537309,1.1395515716119815,0.4113893767582508,True,spline,919.0,1476.189701653825,75
0.7124118034642332,1.0893581938061,0.3769463903418669,True,spline+,919.0,1641.7204385862226,75
0.5950726743528612,1.0142051770077212,0.41913250265486,True,uniform,919.0,1041.5884489764808,75
0.6047873409927259,1.0537368399139495,0.4489494989212238,True,classical,919.0,960.5211898330564,75
0.5299647515577381,0.8947404812150763,0.3647757296573382,True,active,1072.0,1079.5313743322708,54
0.5557093808668379,0.8930890499458969,0.337379669079059,True,active+,1072.0,1315.451358914951,54
0.683745867789595,1.029430856108974,0.345684988319379,True,spline,1072.0,1768.5633673204163,54
0.6842753378158476,1.018903072915951,0.3346277351001033,True,spline+,1072.0,1868.13210442199,54
0.663829799738956,1.069507120802882,0.4056773210639262,True,uniform,1072.0,1301.7703530708338,54
0.7835091673906885,1.307485487395174,0.5239763200044855,True,classical,1072.0,1129.1876345888095,54
0.4536873876494448,0.8201331923552835,0.3664458047058387,True,active,919.0,844.7143400246646,49
0.4760109017116978,0.8294652107765675,0.3534543090648697,True,active+,919.0,960.108600348571,49
0.5985309618100065,0.923277588793043,0.3247466269830364,True,spline,919.0,1576.0048009075872,49
0.612510733347753,0.9318029927026564,0.3192922593549034,True,spline+,919.0,1682.1364744242649,49
0.558079163057285,0.9676643208583876,0.4095851578011025,True,uniform,919.0,977.4772041995168,49
0.6219231727868919,1.0874721567541548,0.4655489839672628,True,classical,919.0,948.2754979757432,49
0.592418053752864,0.9701735111116272,0.3777554573587631,True,active,1072.0,1216.978585548968,40
0.5867133001550231,0.933487596761621,0.3467742966065978,True,active+,1072.0,1373.0001863541456,40
0.6578874482915217,0.9850761911668664,0.3271887428753447,True,spline,1072.0,1816.9937126034297,40
0.6767400898712909,1.003931685636494,0.327191595765203,True,spline+,1072.0,1903.6310771122016,40
0.6813787397083007,1.1132010404209551,0.4318223007126545,True,uniform,1072.0,1228.8366329616206,40
0.6968038052405874,1.1775362855637244,0.480732480323137,True,classical,1072.0,1075.6151847406948,40
0.6285067943890847,0.9931925911409742,0.3646857967518895,True,active,1149.0,1414.1943858335287,17
0.6179326264794242,0.9557830356211584,0.3378504091417343,True,active+,1149.0,1556.5539110733037,17
0.6197446075644223,0.9232745111765976,0.3035299036121752,True,spline,1149.0,1863.4709954335997,17
0.6306364290450109,0.9325378993030322,0.3019014702580213,True,spline+,1149.0,1935.018011845468,17
0.5882252917469112,0.9866750076497264,0.3984497159028151,True,uniform,1149.0,1106.8030489691348,17
0.5664242270371426,0.9471291260079568,0.3807048989708141,True,classical,1149.0,1120.358516481572,17
0.5282089189864225,0.8827267664652161,0.3545178474787935,True,active,1072.0,1122.8395808345974,97
0.5465172928896153,0.8808915142800554,0.3343742213904401,True,active+,1072.0,1299.3655487861718,97
0.7225856386047531,1.1002251019516187,0.3776394633468656,True,spline,1072.0,1675.1086609993238,97
0.6928607004698486,1.0429291984803208,0.3500684980104722,True,spline+,1072.0,1770.427310547762,97
0.6296061489535526,1.0373348401993412,0.4077286912457886,True,uniform,1072.0,1187.650542383402,97
0.5671611259267826,0.9591961662156792,0.3920350402888967,True,classical,1072.0,1072.43884236203,97
0.4741181203486158,0.8292047410506046,0.3550866207019887,True,active,1072.0,947.5427586400056,83
0.5235340376767232,0.8608896283590892,0.337355590682366,True,active+,1072.0,1196.9879283377718,83
0.7177384116540265,1.092982668258144,0.3752442566041175,True,spline,1072.0,1674.102493882332,83
0.6995236467035004,1.0499949568051998,0.3504713101016994,True,spline+,1072.0,1795.085587910473,83
0.5836210893144462,0.9805063245600448,0.3968852352455987,True,uniform,1072.0,1100.044566049191,83
0.7843139531989252,1.2954708630251537,0.5111569098262283,True,classical,1072.0,1175.8252432690783,83
0.5971261895737877,0.979533351498774,0.3824071619249863,True,active,1072.0,1208.7043373405131,95
0.6277406214307734,0.999102942427654,0.3713623209968805,True,active+,1072.0,1370.9956502967857,95
0.7183967007149482,1.0845939868263963,0.3661972861114481,True,spline,1072.0,1744.9096993351338,95
0.7294470820527603,1.0875055669813305,0.3580584849285699,True,spline+,1072.0,1856.6093808516891,95
0.4766581518511556,0.820370014958452,0.3437118631072963,True,uniform,1072.0,1004.4071479919112,95
0.5823590749888242,0.967406199539061,0.3850471245502368,True,classical,1072.0,1149.511579639748,95
0.6268078279952919,0.9917686488106902,0.3649608208153982,True,active,1149.0,1406.363873595162,29
0.6220370232537115,0.9657843822889774,0.343747359035266,True,active+,1149.0,1529.8542713472373,29
0.6695371557625308,0.99717798198555,0.3276408262230192,True,spline,1149.0,1866.0590677490552,29
0.738543595696322,1.091688043709082,0.3531444480127601,True,spline+,1149.0,1938.7826344641192,29
0.7189491476261132,1.1471071869103333,0.4281580392842201,True,uniform,1149.0,1356.495939471654,29
0.5578438420797206,0.9409182728144682,0.3830744307347475,True,classical,1149.0,1083.4418729733202,29
0.677058259883512,1.0819256866164833,0.4048674267329712,True,active,1072.0,1347.640488255579,81
0.6992822646400544,1.0967403415654464,0.397458076925392,True,active+,1072.0,1461.9428341439864,81
0.5616948386816566,0.8380197155395731,0.2763248768579165,True,spline,1072.0,1849.8601708505917,81
0.5965172473874973,0.8833314357029489,0.2868141883154516,True,spline+,1072.0,1921.1235798204675,81
0.5890706607086464,0.9744062837090895,0.3853356230004431,True,uniform,1072.0,1169.003392689364,81
0.5851796338434789,0.9990191705339774,0.4138395366904984,True,classical,1072.0,1035.0626346023798,81
0.5331310763202878,0.9248569366413504,0.3917258603210627,True,active,919.0,975.7485596433894,88
0.591407950489268,0.979040042178882,0.3876320916896141,True,active+,919.0,1165.368458246562,88
0.648805222789253,1.0014663223769995,0.3526610995877467,True,spline,919.0,1571.387906282922,88
0.641611151316469,0.9754025572237685,0.3337914059072995,True,spline+,919.0,1687.659803558607,88
0.5078608265127827,0.9055413262955534,0.3976804997827706,True,uniform,919.0,885.3077761552491,88
0.5018009785345283,0.9000583148640424,0.3982573363295141,True,classical,919.0,867.4263216876068,88
0.6568609413992708,1.03750768031427,0.3806467389149992,True,active,1149.0,1417.1253703046923,15
0.6289741324233037,0.9777724141894748,0.3487982817661711,True,active+,1149.0,1521.226501726876,15
0.6521543905938572,0.9748885643814992,0.3227341737876419,True,spline,1149.0,1831.8774120057485,15
0.6421895359347793,0.95218076959878,0.3099912336640006,True,spline+,1149.0,1908.6662465313557,15
0.5607629555859265,0.9105519408267928,0.3497889852408663,True,uniform,1149.0,1260.0811134699834,15
0.6260590588903174,1.036228555912564,0.4101694970222465,True,classical,1149.0,1166.146534087345,15
0.5977025560787619,0.9791220109382428,0.381419454859481,True,active,1072.0,1215.4963860299372,56
0.6125673542896022,0.9767044768929533,0.3641371226033509,True,active+,1072.0,1360.4690209062107,56
0.5925658819839011,0.8891807983412191,0.2966149163573179,True,spline,1072.0,1797.7627154834126,56
0.6198036093138013,0.9220536615154388,0.3022500522016376,True,spline+,1072.0,1876.8034235792088,56
0.5630731446719162,0.9480811724017688,0.3850080277298527,True,uniform,1072.0,1090.7180051812563,56
0.7164352246850688,1.2082073909535078,0.491772166268439,True,classical,1072.0,1084.1551851459844,56
0.6997988408578995,1.126643299122713,0.4268444582648139,True,active,1072.0,1305.72268448495,42
0.7176221268540047,1.1251764237909423,0.4075542969369378,True,active+,1072.0,1463.8371033940737,42
0.6601309147860795,0.9913621313749204,0.3312312165888409,True,spline,1072.0,1790.6679319069897,42
0.6498947900573199,0.9664839055846354,0.3165891155273155,True,spline+,1072.0,1880.083104551469,42
0.5907637556233416,0.9765096137714976,0.385745858148156,True,uniform,1072.0,1172.3264663954928,42
0.5422426693628587,0.929739148567905,0.3874964792050462,True,classical,1072.0,1018.4848293318062,42
0.5367466315409393,0.9205982276166976,0.3838515960757582,True,active,919.0,1017.3255941202668,63
0.5360113441321148,0.9170476181601768,0.381036274028062,True,active+,919.0,1026.7950245177267,63
0.6414239022461097,0.9844713342631024,0.3430474320169928,True,spline,919.0,1613.2851801143263,63
0.6245941459409766,0.9456869304553222,0.3210927845143455,True,spline+,919.0,1720.8440902563636,63
0.5704677784883742,0.991041635388576,0.420573856900202,True,uniform,919.0,970.708990799634,63
0.4979059055776509,0.8934974587395011,0.3955915531618502,True,classical,919.0,866.0134451642978,63
0.5930106624324952,1.0360198568108996,0.4430091943784043,True,active,919.0,951.2194408759603,77
0.6280333394923351,1.061137308329151,0.433103968836816,True,active+,919.0,1076.3226545533375,77
0.6505264806073131,1.0069904151985538,0.3564639345912407,True,spline,919.0,1550.9455870018337,77
0.6681093513945418,1.016804458391476,0.3486951069969342,True,spline+,919.0,1678.827250542538,77
0.6648233531141966,1.098362326056233,0.4335389729420363,True,uniform,919.0,1174.729121054372,77
0.5350626619355295,0.965823535409435,0.4307608734739054,True,classical,919.0,848.8990274297545,77
0.5889338990259886,1.0756625227082526,0.486728623682264,True,active,766.0,816.0195594925237,63
0.6205430138615173,1.0680616678898422,0.4475186540283249,True,active+,766.0,1004.222441036861,63
0.5717716543165261,0.9010400972567282,0.3292684429402021,True,spline,766.0,1431.4586379673897,63
0.630599546935687,0.9803370804479772,0.3497375335122901,True,spline+,766.0,1520.9600946627888,63
0.7169394417484553,1.245172510031583,0.5282330682831277,True,uniform,766.0,971.6301711968982,63
0.5456225222461644,1.0322328034810313,0.4866102812348669,True,classical,766.0,728.4630502693639,63
0.3987932244615508,0.8464963677708026,0.4477031433092518,True,active,536.0,522.682477025532,12
0.4576322063832794,0.8801222232437677,0.4224900168604882,True,active+,536.0,692.2932563749656,12
0.7617370061057406,1.342107290545263,0.5803702844395223,True,spline,536.0,922.9969026625752,12
0.7295557544868673,1.2310825425005725,0.5015267880137052,True,spline+,536.0,1081.6362329886892,12
0.4532797519157857,0.9848977278713932,0.5316179759556074,True,uniform,536.0,491.6813985375099,12
0.7603401505814121,1.533080562118445,0.7727404115370325,True,classical,536.0,602.10220355032,12
0.535529325692567,1.0249595147467163,0.4894301890541493,True,active,689.0,702.6598284873763,26
0.5597839823118976,0.9932114921060738,0.4334275097941762,True,active+,689.0,900.605627667833,26
0.6990150987214847,1.1522789262536992,0.4532638275322145,True,spline,689.0,1185.232834723494,26
0.711393198793066,1.1361865712014645,0.4247933724083985,True,spline+,689.0,1350.7100877929208,26
0.7536985095995575,1.3011407240043062,0.5474422144047487,True,uniform,689.0,993.2233959398736,26
0.68292477107214,1.3249168850036426,0.6419921139315026,True,classical,689.0,674.1838880663228,26
0.5250289733558642,0.93847343004676,0.4134444566908959,True,active,689.0,877.7767263951891,32
0.5485467353886259,0.9422493063141574,0.3937025709255315,True,active+,689.0,1011.6925174148028,32
0.5268320501542512,0.8620120523623276,0.3351800022080764,True,spline,689.0,1221.3073614485986,32
0.5974690261179593,0.9572523452706048,0.3597833191526456,True,spline+,689.0,1332.6772835984054,32
0.5869874862058142,1.084453135734284,0.4974656495284697,True,uniform,689.0,785.861604766971,32
0.5874722729638472,1.1469673100632904,0.5594950370994433,True,classical,689.0,661.492501722644,32
0.5776436607606094,1.0917520446913829,0.5141083839307735,True,active,766.0,730.6852776638277,77
0.6141120070868987,1.0729594871381525,0.4588474800512535,True,active+,766.0,950.9827012843184,77
0.6624630059199755,1.0640116880709305,0.4015486821509547,True,spline,766.0,1318.8065295144218,77
0.6788776511454565,1.061959708892136,0.3830820577466794,True,spline+,766.0,1479.0677068693592,77
0.525217223308614,0.945664122610655,0.420446899302041,True,uniform,766.0,856.1950515365883,77
0.7684425547469778,1.4194811076350335,0.6510385528880558,True,classical,766.0,786.2375198283147,77
0.6587663772961595,1.1728318183560358,0.5140654410598763,True,active,766.0,889.9735885991013,88
0.5843889068286375,0.991608917446848,0.4072200106182105,True,active+,766.0,1059.0544419932526,88
0.6179837248338204,0.9720521207770548,0.3540683959432344,True,spline,766.0,1443.2566243938345,88
0.5984088788106287,0.9231930815448988,0.32478420273427,True,spline+,766.0,1575.1873372614336,88
0.6176835426827069,1.107321920083099,0.4896383774003922,True,uniform,766.0,869.0097664137419,88
0.5154137526506373,0.9656013456882888,0.4501875930376515,True,classical,766.0,751.3157060209699,88
0.645645365656262,1.1327569770071866,0.4871116113509246,True,active,613.0,936.9577871589128,38
0.5758730776948732,0.9931799335568714,0.4173068558619982,True,active+,613.0,996.7970942823604,38
0.5529452117517916,0.9512452975397518,0.3983000857879603,True,spline,613.0,1006.0476419380192,38
0.5863918309147846,0.9753620401135724,0.3889702091987878,True,spline+,613.0,1143.6936393455003,38
0.5513167618129149,1.013914650062978,0.462597888250063,True,uniform,613.0,797.6772342911968,38
0.6443321588305155,1.2811421724699534,0.6368100136394379,True,classical,613.0,626.837809332871,38
0.4209429220039226,0.9112922080397692,0.4903492860358465,True,active,536.0,496.3547966891308,7
0.4511808443028107,0.8827824873727987,0.431601643069988,True,active+,536.0,657.2359540080269,7
0.651877026160912,1.1136386416964423,0.4617616155355303,True,spline,536.0,1032.4474931851746,7
0.7423410087162002,1.2297639168397554,0.4874229081235551,True,spline+,536.0,1162.1279709339476,7
0.4956472624647913,1.00548558582933,0.5098383233645386,True,uniform,536.0,591.7744980775757,7
0.5904403088852785,1.203047309408296,0.6126070005230175,True,classical,536.0,584.5082977425458,7
0.583914285930517,1.136542330994944,0.5526280450644271,True,active,613.0,667.576896835764,10
0.5539629158064748,0.9974953092114424,0.4435323934049675,True,active+,613.0,855.9790897052678,10
0.5345907589947909,0.8730375429768202,0.3384467839820293,True,spline,613.0,1230.8398505913792,10
0.6033712189615812,0.9703198444685092,0.366948625506928,True,spline+,613.0,1311.8416712390276,10
0.4177472081639689,0.8857942525024706,0.4680470443385016,True,uniform,613.0,524.1503446446625,10
0.4209647615533557,0.8318299885060368,0.4108652269526811,True,classical,613.0,638.32815382191,10
0.559274822948809,0.955234632341778,0.3959598093929689,True,active,996.0,1033.28100738556,87
0.5956581914061754,0.9790079235270848,0.3833497321209094,True,active+,996.0,1199.357289066628,87
0.6442863533233045,0.9785236766521692,0.3342373233288646,True,spline,996.0,1695.4720068523932,87
0.6682308806962493,1.0022485872475926,0.3340177065513433,True,spline+,996.0,1801.9421845301315,87
0.4923887979352818,0.8398547973438754,0.3474659994085935,True,uniform,996.0,1038.5343405415822,87
0.5001323041197416,0.864234639098899,0.3641023349791573,True,classical,996.0,989.713077177688,87
0.8358794919340464,1.312137064701807,0.4762575727677605,False,active,996.0,1456.211809049381,93
0.7980889769631413,1.231366540344787,0.4332775633816458,True,active+,996.0,1574.4928339167127,93
0.6686276027097927,1.0202674506392035,0.3516398479294108,True,spline,996.0,1658.0387890155898,93
0.658076145782394,0.9908143338301044,0.3327381880477105,True,spline+,996.0,1768.2913952079125,93
0.7466744049569766,1.209077282022547,0.4624028770655705,True,uniform,996.0,1274.6016677921318,93
0.4801766432917669,0.8427647070226313,0.3625880637308644,True,classical,996.0,935.7109898070825,93
0.6256284575484171,1.1972752418995285,0.5716467843511114,True,active,689.0,702.8889166825033,4
0.6466386427958811,1.1603335775637336,0.5136949347678524,True,active+,689.0,866.1828800168164,4
0.4841529386261632,0.772278635913849,0.2881256972876858,False,spline,689.0,1358.0265598418573,4
0.5277005249402466,0.8237973166725393,0.2960967917322927,True,spline+,689.0,1492.612560370526,4
0.5009322501388481,0.9548152815384372,0.4538830313995891,True,uniform,689.0,711.6331121188895,4
0.6646771822402637,1.2584206988033442,0.5937435165630804,True,classical,689.0,726.7312353132481,4
0.6933824661452996,1.1470586317449727,0.453676165599673,True,active,919.0,1168.5747983445756,3
0.6932819081436022,1.1148080030785636,0.4215260949349614,True,active+,919.0,1312.351885818226,3
0.6213290707441745,0.9513869369383748,0.3300578661942002,True,spline,919.0,1631.1630507024931,3
0.6444566513510113,0.9770281547720372,0.3325715034210259,True,spline+,919.0,1710.1215367748464,3
0.5084367718335498,0.8984723903328973,0.3900356184993474,True,uniform,919.0,913.4241038598534,3
0.5934921781661908,1.047161798390679,0.4536696202244878,True,classical,919.0,918.3868443480552,3
0.6545930319026244,1.091203223738284,0.4366101918356596,True,active,996.0,1133.858423066244,44
0.6287094181413229,1.012827547105032,0.384118128963709,True,active+,996.0,1302.290866812048,44
0.6856246207366347,1.0449824681911597,0.359357847454525,True,spline,996.0,1667.23991681693,44
0.6726079545982064,1.0120387278331555,0.3394307732349493,True,spline+,996.0,1773.8966229477603,44
0.6252959453470452,1.0459238099472945,0.420627864600249,True,uniform,996.0,1118.884020046177,44
0.698120011364401,1.1866018236182567,0.4884818122538557,True,classical,996.0,1052.2940811931476,44
0.7011757678714846,1.146796638316547,0.4456208704450627,True,active,996.0,1223.3847793135446,4
0.6633746312954969,1.0493731648445963,0.3859985335490996,True,active+,996.0,1407.8452439921882,4
0.664354142091948,1.0052811297501285,0.3409269876581803,True,spline,996.0,1725.8526567876725,4
0.6794158305783236,1.016637500797582,0.3372216702192585,True,spline+,996.0,1822.9730667591984,4
0.5573245170693205,0.9478950277608794,0.3905705106915589,True,uniform,996.0,1049.766537274668,4
0.508955265731815,0.889918780462822,0.380963514731007,True,classical,996.0,948.358712259444,4
0.570030776057986,0.9703250650181208,0.4002942889601348,True,active,996.0,1046.4352056005162,50
0.6028004540769215,0.9910466739632796,0.3882462198863581,True,active+,996.0,1197.897430626124,50
0.6700509003353835,1.020003327592348,0.3499524272569646,True,spline,996.0,1676.9161255501324,50
0.6784063852005069,1.01961155304779,0.3412051678472831,True,spline+,996.0,1783.7411359702428,50
0.581249222718879,1.0080049246766627,0.4267557019577837,True,uniform,996.0,976.8939283469646,50
0.622778710920542,1.0736719336132032,0.4508932226926612,True,classical,996.0,998.1740544615254,50
0.3750950017749798,0.8516645467674755,0.4765695449924957,True,active,613.0,440.3490108873453,0
0.4193891620562723,0.9073093011911773,0.4879201391349048,True,active+,613.0,497.2328093416836,0
0.5474810503425318,0.9621510213044722,0.4146699709619403,True,spline,613.0,931.3687108906472,0
0.6064903470917736,1.0104603758860873,0.4039700287943136,True,spline+,613.0,1136.3031104305455,0
0.5845251605403776,1.088057613926266,0.5035324533858885,True,uniform,613.0,766.9497933974528,0
0.5630720321262179,1.1808658382596713,0.6177938061334534,True,classical,613.0,539.8543523157622,0
0.5566412101713457,1.1292719180450062,0.5726307078736604,True,active,459.0,591.6973150429592,33
0.5690837843372155,1.099468891650437,0.5303851073132214,True,active+,459.0,682.7394818904621,33
0.6415692424536771,1.162054224072139,0.5204849816184619,True,spline,459.0,839.1234113330527,33
0.681148077025049,1.1726800530865635,0.4915319760615145,True,spline+,459.0,1003.2559407891306,33
0.6506721094358224,1.3151486370907386,0.6644765276549162,True,uniform,459.0,597.9500296403586,33
0.5146818079454808,1.1335044466452946,0.6188226386998138,True,classical,459.0,475.02017936723774,33
0.6173216482488281,1.0193876469184262,0.4020659986695981,True,active,996.0,1177.0114609014051,78
0.6243307427867247,1.0014719509292238,0.3771412081424991,True,active+,996.0,1326.0226683906576,78
0.7555938817229664,1.1715489274638249,0.4159550457408583,True,spline,996.0,1539.377956991625,78
0.7421292599690836,1.1268202244928205,0.3846909645237366,True,spline+,996.0,1697.6662419902034,78
0.6325504980435591,1.0466075215900337,0.4140570235464745,True,uniform,996.0,1167.7639219124453,78
0.6052288654293742,1.042856648714033,0.4376277832846588,True,classical,996.0,1000.1422751710786,78
0.5406602921605278,0.9357863920375328,0.3951260998770048,True,active,842.0,983.860477088018,13
0.4992451051443192,0.8359836295131797,0.3367385243688605,True,active+,842.0,1114.1959835001817,13
0.689599399058745,1.1022595825168924,0.4126601834581473,True,spline,842.0,1346.1110159438565,13
0.7172904691984407,1.1177569294560803,0.4004664602576397,True,spline+,842.0,1504.7317839103,13
0.4641243532341833,0.8499418831328028,0.3858175298986195,True,uniform,842.0,808.9207544535323,13
0.5466341735962659,1.0000677855335938,0.4534336119373279,True,classical,842.0,811.526705128385,13
0.4029123088663762,0.9150505461687825,0.5121382373024063,True,active,459.0,440.0838836171537,27
0.4062604042482503,0.9142751168306604,0.50801471258241,True,active+,459.0,450.0391474691709,27
0.4996194678409637,0.8934972001239324,0.3938777322829687,True,spline,459.0,876.2813425567612,27
0.5102250987940373,0.8762134250167536,0.3659883262227162,True,spline+,459.0,1012.5896736816816,27
0.5112421814449581,1.1336720247640366,0.6224298433190785,True,uniform,459.0,466.879687720883,27
0.3974237014887261,0.8756444990922172,0.478220797603491,True,classical,459.0,474.49514735176297,27
0.6720328744284627,1.352599610387647,0.6805667359591843,True,active,459.0,605.1914545576369,26
0.7139951629897479,1.3641129796560807,0.6501178166663328,True,active+,459.0,706.5057404159121,26
0.6075399109507853,1.0848392165809309,0.4772993056301455,True,spline,459.0,880.9041182879538,26
0.5418401729420779,0.940061326169121,0.3982211532270431,True,spline+,459.0,975.3862815361276,26
0.6404582588418829,1.3353466588331897,0.6948883999913066,True,uniform,459.0,548.4603508477954,26
0.758377353412638,1.7054157883458236,0.9470384349331856,True,classical,459.0,450.87704813720666,26
0.5861555561946932,1.1231359165226495,0.5369803603279564,True,active,613.0,700.1940173105301,1
0.6029321154081183,1.1104917104266154,0.5075595950184971,True,active+,613.0,793.7923207460625,1
0.6105692494087691,1.0571034228799987,0.4465341734712296,True,spline,613.0,982.785209609743,1
0.641939364197412,1.0660253919976628,0.4240860278002507,True,spline+,613.0,1151.019999237646,1
0.5637825444571659,1.0536253260266746,0.4898427815695086,True,uniform,613.0,757.2326282943584,1
0.5019352398682285,1.0137349398465394,0.5117996999783109,True,classical,613.0,599.2666971821975,1
0.4907406118721997,0.8894220629530121,0.3986814510808123,True,active,842.0,837.3500310185229,12
0.526953408605151,0.9100136074044428,0.3830601987992916,True,active+,842.0,991.9759167811192,12
0.584729579781472,0.907527983385366,0.322798403603894,True,spline,842.0,1532.4034082501505,12
0.6397464853462717,0.9792433998030776,0.3394969144568059,True,spline+,842.0,1633.8597739865138,12
0.5821595420662011,1.0355086035186865,0.4533490614524853,True,uniform,842.0,892.7699277039967,12
0.5406703811604047,0.9624966653876412,0.4218262842272365,True,classical,842.0,890.2412388896297,12
0.5881959241863752,0.993422829587286,0.4052269054009108,True,active,996.0,1077.9950103724375,79
0.627896173889085,1.0179838452722696,0.3900876713831845,True,active+,996.0,1268.168524915282,79
0.6162710073078483,0.9356478786734445,0.3193768713655961,True,spline,996.0,1698.309974494114,79
0.619246520910887,0.929757769978046,0.3105112490671589,True,spline+,996.0,1792.6165684699426,79
0.8517457670510945,1.365918622394225,0.5141728553431305,False,uniform,996.0,1327.435306540726,79
0.6327398057473045,1.0933223454776324,0.4605825397303279,True,classical,996.0,989.9105485567184,79
0.5840884463457869,1.1180290202173548,0.5339405738715679,True,active,459.0,702.4056385040736,32
0.4040088228708337,0.7924234837036501,0.3884146608328164,False,active+,459.0,652.4667458724707,32
0.6722725097415004,1.3339004887179198,0.6616279789764193,True,spline,459.0,630.6750743716997,32
0.626355856862209,1.1470867091666033,0.5207308523043943,True,spline+,459.0,808.7961999761716,32
0.4152619269172006,0.9654568142314348,0.550194887314234,True,uniform,459.0,415.9787594578915,32
0.3140133272177735,0.7052948783396645,0.391281551121891,False,classical,459.0,452.2182045809008,32
0.638330052555932,1.0486994602887674,0.4103694077328353,True,active,996.0,1201.397846058078,51
0.6490224896628829,1.0350239443538365,0.3860014546909536,True,active+,996.0,1359.3775846455396,51
0.649031331208175,0.9901911450712876,0.3411598138631124,True,spline,996.0,1659.419246022368,51
0.639776454814016,0.9642764024190577,0.3244999476050416,True,spline+,996.0,1759.228937986014,51
0.595148837789,1.019661976837472,0.424513139048472,True,uniform,996.0,1021.4208554037488,51
0.5438303130602329,0.9299236482196784,0.3860933351594454,True,classical,996.0,1028.8588309293766,51
0.6798244303456811,1.106407089128335,0.426582658782654,True,active,996.0,1248.280330901383,5
0.6978954986051684,1.1107938373426889,0.4128983387375202,True,active+,996.0,1370.818246270878,5
0.5992980529134738,0.9064338867065828,0.307135833793109,True,spline,996.0,1729.593053934096,5
0.613141926930241,0.9181665724586872,0.3050246455284461,True,spline+,996.0,1816.118455822863,5
0.6184719529224078,1.0353723913424178,0.41690043842001,True,uniform,996.0,1115.265611433645,5
0.6665168110233245,1.1447874031084668,0.4782705920851423,True,classical,996.0,1012.023790612752,5
0.559340296118929,0.9306735848355784,0.3713332887166495,True,active,996.0,1142.2113231803417,45
0.581177781544713,0.9439856944364692,0.3628079128917562,True,active+,996.0,1258.5143777853662,45
0.5766447108604245,0.8673766184335312,0.2907319075731067,True,spline,996.0,1776.6137428790369,45
0.6098505010575679,0.9102276935231484,0.3003771924655806,True,spline+,996.0,1846.1850341850936,45
0.8412033412195529,1.3518551646029806,0.5106518233834277,False,uniform,996.0,1315.679444868542,45
0.6797366362605388,1.1786565436170922,0.4989199073565533,True,classical,996.0,977.3326781162914,45
0.7948893442007506,1.3563356208509032,0.5614462766501526,True,active,689.0,1037.062952118349,5
0.8008958012097597,1.3289695597081963,0.5280737584984366,False,active+,689.0,1154.5240415680205,5
0.7000668479380722,1.1466818162319203,0.4466149682938481,True,spline,689.0,1216.044199397818,5
0.7654853068742055,1.2200667642919136,0.4545814574177081,True,spline+,689.0,1362.6551861426617,5
0.4465855885735053,0.8689790231985842,0.4223934346250789,True,uniform,689.0,668.1863033058928,5
0.4529807999157537,0.8562934599760358,0.403312660060282,True,classical,689.0,730.2687636659821,5
0.5956425819418907,0.994524723007156,0.3988821410652652,True,active,996.0,1126.7842453687736,92
0.563800340453407,0.9048662203407976,0.3410658798873905,True,active+,996.0,1322.9914002800303,92
0.5891776394329042,0.8946370331652335,0.3054593937323292,True,spline,996.0,1697.188286863921,92
0.6022931223693471,0.9043637649908628,0.3020706426215156,True,spline+,996.0,1792.0274949652012,92
0.555745307647983,0.9505885723354872,0.3948432646875042,True,uniform,996.0,1027.6860246351368,92
0.6841475839762202,1.1649555709747603,0.4808079869985401,True,classical,996.0,1045.162459030306,92
0.5998582400799083,1.0174591157466868,0.4176008756667785,True,active,919.0,1060.6253383575486,2
0.5399852743510248,0.8896294524159635,0.3496441780649386,True,active+,919.0,1187.899972403448,2
0.6806285753147201,1.05984909152089,0.3792205162061699,True,spline,919.0,1509.7188347131232,2
0.6867127522430957,1.0489506478270758,0.3622378955839801,True,spline+,919.0,1649.9340224733342,2
0.7213466162142849,1.1870710568807468,0.4657244406664619,True,uniform,919.0,1193.337060210394,2
0.7242797787855807,1.2884922849139069,0.564212506128326,True,classical,919.0,892.3148431054404,2
0.529880699542403,0.9160313481292072,0.3861506485868042,True,active,996.0,988.169377742412,86
0.5478222944400976,0.9074825800707615,0.359660285630664,True,active+,996.0,1162.3368545140097,86
0.7128508453519513,1.0928594887866507,0.3800086434346994,True,spline,996.0,1621.8561239660564,86
0.7185581428798123,1.0845439717925485,0.3659858289127361,True,spline+,996.0,1747.206228504174,86
0.5765631219917409,0.9669007730153604,0.3903376510236194,True,uniform,996.0,1107.743634690334,86
0.5537179065573163,0.9605567077947532,0.4068388012374367,True,classical,996.0,975.798474535379,86
0.4993160919201245,1.0055437482494556,0.5062276563293311,True,active,613.0,604.2098212466252,11
0.5472769470323826,1.0231853833601576,0.475908436327775,True,active+,613.0,756.2710400772685,11
0.5878032160808409,1.000620327984673,0.4128171119038322,True,spline,613.0,1046.2683760602276,11
0.6541175755299372,1.0731228184769868,0.4190052429470495,True,spline+,613.0,1208.2489589941456,11
0.5014622909938145,1.0131985023728962,0.5117362113790818,True,uniform,613.0,598.5624695238693,11
0.5720049963525141,1.1257686911911515,0.5537636948386376,True,classical,613.0,645.9027135967525,11
0.5299072943025909,1.1425231425882358,0.612615848285645,True,active,536.0,501.63282890897955,6
0.5724344898110245,1.1101839455297795,0.5377494557187552,True,active+,536.0,674.8712985004777,6
0.6198212269545623,1.0643892087589766,0.4445679818044142,True,spline,536.0,1012.7109903185576,6
0.5721166913780394,0.9506811802763416,0.3785644888983023,True,spline+,536.0,1148.133314472959,6
0.57557698562411,1.1629724448137722,0.5873954591896622,True,uniform,536.0,598.5242767294048,6
0.6810966333237535,1.379584955617874,0.6984883222941204,True,classical,536.0,594.3387369504516,6
0.5874675159687793,1.144396931776949,0.5569294158081696,True,active,613.0,665.9351464054827,39
0.6455609854356863,1.1793358445628888,0.5337748591272025,True,active+,613.0,815.4537876192077,39
0.5825310950190672,0.9732664687172008,0.3907353736981335,True,spline,613.0,1123.927026897929,39
0.6124444091615083,0.9908988697261952,0.3784544605646869,True,spline+,613.0,1278.9988935171814,39
0.5765161775110739,1.115087463971899,0.5385712864608252,True,uniform,613.0,680.4027540377659,39
0.387773528662174,0.8193077801374541,0.43153425147528,True,classical,613.0,529.16511878504,39
0.7420319695202651,1.229130399032264,0.4870984295119989,True,active,766.0,1162.5834832354265,89
0.7434552559114294,1.2254087800956588,0.4819535241842294,True,active+,766.0,1185.7234251918055,89
0.6502977748713343,1.0374917569036646,0.3871939820323302,True,spline,766.0,1356.943175764818,89
0.6854466135672633,1.068422256130964,0.3829756425637006,True,spline+,766.0,1502.9060708934664,89
0.6948916074474674,1.2142586783715128,0.5193670709240454,True,uniform,766.0,950.5244049813648,89
0.7110208860838206,1.2962455756838196,0.585224689599999,True,classical,766.0,821.0619937988348,89
0.7423001793032943,1.310235946504455,0.5679357672011608,True,active,689.0,917.1133414454168,33
0.789829936226667,1.34985997233995,0.5600300361132831,True,active+,689.0,1030.8821492042755,33
0.5541678253120925,0.911689933961887,0.3575221086497945,True,spline,689.0,1194.7379185288744,33
0.6112044315492899,0.9793599162458309,0.3681554846965409,True,spline+,689.0,1332.0943429535737,33
0.9187154202875456,1.5809703767993033,0.6622549565117576,False,uniform,689.0,1004.918715260164,33
0.6789494234472749,1.310881789205665,0.6319323657583901,True,classical,689.0,684.0812589560691,33
0.819234594020574,1.37909571313165,0.5598611191110762,False,active,766.0,1091.6303877679743,76
0.7799936970349007,1.2821411167254504,0.5021474196905497,True,active+,766.0,1198.738964090987,76
0.6735827240867561,1.0880841716423972,0.4145014475556411,True,spline,766.0,1287.5011606842118,76
0.6771812013229294,1.063270661941779,0.3860894606188497,True,spline+,766.0,1454.6752243420626,76
0.4968247885948954,0.9207165469025748,0.4238917583076793,True,uniform,766.0,778.0160261520325,76
0.6485721902854622,1.196245001941792,0.5476728116563299,True,classical,766.0,790.1246550011853,76
0.5426711034994117,1.0196059881225146,0.4769348846231028,True,active,766.0,744.4528065127523,62
0.502321131876017,0.8790900968360796,0.3767689649600626,True,active+,766.0,945.3864180258144,62
0.5741403228672811,0.897530020584994,0.3233896977177128,True,spline,766.0,1483.424979415203,62
0.5760578180337117,0.8867345041279477,0.310676686094236,True,spline+,766.0,1591.4914603144443,62
0.5609379375579298,1.004024746301004,0.4430868087430744,True,uniform,766.0,873.6785858435736,62
0.6436803320386482,1.1505411354085917,0.5068608033699433,True,classical,766.0,877.824053689994,62
0.6465345803594772,1.1478779878381808,0.5013434074787037,True,active,689.0,898.5642838663293,27
0.5784842429020499,1.000315282647474,0.421831039745424,True,active+,689.0,987.22952513137,27
0.5911099034576238,0.956310932054526,0.365201028596902,True,spline,689.0,1279.3879376133148,27
0.6262583232223551,0.9913429188634648,0.3650845956411098,True,spline+,689.0,1403.6235002979372,27
0.639941054341178,1.2143382432167154,0.5743971888755374,True,uniform,689.0,721.5961780037862,27
0.4281474221007934,0.833170577357465,0.4050231552566716,True,classical,689.0,668.0199136784594,27
0.5683836261172683,1.0931295946620416,0.5247459685447733,True,active,536.0,692.2752803410739,13
0.5789451197104408,1.055587672610374,0.4766425528999333,True,active+,536.0,820.7347837593545,13
0.5292623054449683,0.937014045607254,0.4077517401622855,True,spline,536.0,907.488353979829,13
0.5463310175541929,0.9313749072475226,0.3850438896933297,True,spline+,536.0,1040.5738522726306,13
0.6250078096882652,1.2359827889455277,0.6109749792572623,True,uniform,536.0,636.871164831531,13
0.4539305827419742,1.0093631330117352,0.555432550269761,True,classical,536.0,463.6640592948323,13
0.6076851610347773,1.03033630695286,0.4226511459180826,True,active,919.0,1062.179754617435,76
0.6502902372602285,1.0741749786413792,0.4238847413811507,True,active+,919.0,1175.5006291288844,76
0.7086301739550643,1.1050466578298157,0.3964164838747513,True,spline,919.0,1499.9216422478355,76
0.6939476473145061,1.060905598466795,0.3669579511522889,True,spline+,919.0,1643.3160508936312,76
0.6473011772300321,1.0760325418290833,0.4287313645990511,True,uniform,919.0,1146.3785851386017,76
0.5124177248307831,0.9058544249752132,0.3934367001444302,True,classical,919.0,912.195346006042,76
0.6516770775669579,1.099433734777329,0.4477566572103711,True,active,919.0,1082.5133134552805,62
0.603713328497351,0.9823997201846402,0.3786863916872891,True,active+,919.0,1248.9972779516556,62
0.6536059185595033,1.0043128718776484,0.350706953318145,True,spline,919.0,1604.733129251539,62
0.6905352121446358,1.0454964293106397,0.3549612171660039,True,spline+,919.0,1721.087756560159,62
0.5889020415906645,1.0223676963854391,0.4334656547947748,True,uniform,919.0,973.11510547185,62
0.6564597757949668,1.12740677487025,0.4709469990752832,True,classical,919.0,1012.3789892769094,62
0.6008146482087658,0.9841056054865192,0.3832909572777533,True,active,1072.0,1216.069401775704,43
0.6259673827847613,1.0051818545037603,0.3792144717189992,True,active+,1072.0,1319.9843562681654,43
0.6599356379373248,0.9969809976125336,0.3370453596752089,True,spline,1072.0,1739.413305098214,43
0.6849791286866118,1.0219046814358062,0.3369255527491943,True,spline+,1072.0,1850.302139618668,43
0.8146135167858071,1.29515489563004,0.480541378844233,False,uniform,1072.0,1377.2651857667713,43
0.5840379597636486,0.9831969892707082,0.3991590295070596,True,classical,1072.0,1091.501640397249,43
0.6213682892073328,1.0233757141821702,0.4020074249748374,True,active,1072.0,1189.4487950433895,57
0.6200096257779989,0.9844414458994784,0.3644318201214795,True,active+,1072.0,1385.214644650359,57
0.7043364697950636,1.0683431661788485,0.3640066963837847,True,spline,1072.0,1706.0175398703095,57
0.6974354725085476,1.044595397648295,0.347159925139747,True,spline+,1072.0,1814.387827399377,57
0.6639149891467543,1.0776780031767357,0.4137630140299814,True,uniform,1072.0,1261.8650258070754,57
0.6288162961098186,1.050716687051212,0.4219003909413935,True,classical,1072.0,1123.431129655708,57
0.6792086631810541,1.0902064123334498,0.4109977491523957,True,active,1149.0,1322.39309964306,14
0.6765005500410473,1.0584658706158905,0.381965320574843,True,active+,1149.0,1477.66546689648,14
0.6222200267922309,0.9260207692598884,0.3038007424676575,True,spline,1149.0,1873.0089224333897,14
0.6543883479112419,0.9662336587852964,0.3118453108740544,True,spline+,1149.0,1949.699186187686,14
0.5309410457354055,0.8869761248613912,0.3560350791259857,True,uniform,1149.0,1124.401322949151,14
0.6099568559879506,1.0180432054977984,0.4080863495098478,True,classical,1149.0,1128.433526689019,14
0.6770275064591691,1.092349038752453,0.4153215322932839,True,active,1072.0,1293.9100309917335,80
0.6898234854200324,1.0904185686573316,0.4005950832372992,True,active+,1072.0,1412.3208225121386,80
0.6588969716103183,0.994616270244054,0.3357192986337356,True,spline,1072.0,1746.174725876161,80
0.6439353503739256,0.9620320396261712,0.3180966892522456,True,spline+,1072.0,1837.288017412048,80
0.7515988920544235,1.2091306075240558,0.4575317154696322,True,uniform,1072.0,1309.8505833784693,80
0.6193133655555295,1.0444943155049604,0.4251809499494309,True,classical,1072.0,1083.8584144544002,80
0.6525912756965154,1.0210865789811072,0.3684953032845918,True,active,1149.0,1477.4739550261197,28
0.6868333430276639,1.0605047380561674,0.3736713950285035,True,active+,1149.0,1569.0694128294183,28
0.6889732503832583,1.0286030758678164,0.3396298254845581,True,spline,1149.0,1843.6655906665108,28
0.6866595160170874,1.0160926439722258,0.3294331279551383,True,spline+,1149.0,1928.10174679111,28
0.6913009967840352,1.1159835248258914,0.4246825280418561,True,uniform,1149.0,1290.9818096930112,28
0.5857484616039998,0.974157517111124,0.3884090555071242,True,classical,1149.0,1144.3140159307318,28
0.7213171829798981,1.193108027275679,0.4717908442957812,True,active,919.0,1169.2087263408046,89
0.7015226319886902,1.1278520401154315,0.4263294081267414,True,active+,919.0,1313.3673888911935,89
0.6275841746429381,0.9640622947096924,0.3364781200667543,True,spline,919.0,1606.7985546327147,89
0.6332699779073975,0.9595911580524336,0.3263211801450361,True,spline+,919.0,1714.2175447993998,89
0.4679803725647022,0.847980980610253,0.3800006080455507,True,uniform,919.0,837.9821595278336,89
0.4696389050954543,0.8344324657057047,0.3647935606102504,True,classical,919.0,896.2393024061305,89
0.611190984177462,0.9751786518152068,0.3639876676377447,True,active,1072.0,1356.4769731132812,94
0.6489300465614776,1.022567342618791,0.3736372960573131,True,active+,1072.0,1431.8567485685544,94
0.634327149188813,0.9506161032830854,0.3162889540942724,True,spline,1072.0,1809.273497160597,94
0.6716366408462067,0.997397532098902,0.3257608912526955,True,spline+,1072.0,1893.6313325254232,94
0.5940742612468995,0.9756592521570367,0.3815849909101373,True,uniform,1072.0,1203.0525159048725,94
0.4944127103182514,0.8333904673013682,0.3389777569831168,True,classical,1072.0,1086.1225989443635,94
0.5953982882604886,0.9741659563081038,0.3787676680476152,True,active,1149.0,1221.4876714168531,10
0.6060548319644518,0.9688015074207263,0.3627466754562746,True,active+,1149.0,1345.636911863415,10
0.6887504820556473,1.0346237770347075,0.3458732949790603,True,spline,1149.0,1788.2716179151769,10
0.6949119405029136,1.0324920223084997,0.3375800818055861,True,spline+,1149.0,1888.7225699801984,10
0.6115075967144733,0.9842621180344108,0.3727545213199374,True,uniform,1149.0,1307.0407533507514,10
0.6462528289441255,1.0793026154859473,0.4330497865418218,True,classical,1149.0,1125.6622365018154,10
0.6637468252603103,1.0691617567737708,0.4054149315134605,True,active,1149.0,1302.851739929672,38
0.6255314352445607,0.9815021769661242,0.3559707417215635,True,active+,1149.0,1459.0923621940206,38
0.5918760073615009,0.8758341590247154,0.2839581516632145,True,spline,1149.0,1928.118067808187,38
0.596492158670729,0.8775369800751338,0.2810448214044048,True,spline+,1149.0,1986.7583660252244,38
0.6638286141451735,1.0941195412556477,0.430290927110474,True,uniform,1149.0,1185.912983093946,38
0.6452472095376023,1.0746789898364713,0.4294317802988689,True,classical,1149.0,1137.768079393781,38
0.6008592859670342,0.9776417039498708,0.3767824179828365,True,active,1072.0,1249.5943438428733,90
0.5679241337736016,0.902901562015537,0.3349774282419353,True,active+,1072.0,1377.5390714017144,90
0.6919246640491883,1.0486505999566158,0.3567259359074275,True,spline,1072.0,1712.800304470059,90
0.6919653720421991,1.0349126571986382,0.3429472851564391,True,spline+,1072.0,1827.378883107316,90
0.5672024721845632,0.9469895797513652,0.379787107566802,True,uniform,1072.0,1127.0146796921076,90
0.6722081331543621,1.119301871708036,0.4470937385536737,True,classical,1072.0,1138.890036062497,90
0.7225036098823795,1.1653442677611523,0.4428406578787728,True,active,919.0,1295.6668116849069,99
0.7127603644472817,1.12748314767338,0.4147227832260982,True,active+,919.0,1407.909947093532,99
0.7034327669739633,1.0915973784389688,0.3881646114650054,True,spline,919.0,1533.4486103592326,99
0.6949234742834887,1.0602573403635782,0.3653338660800895,True,spline+,919.0,1659.0406739378184,99
0.6658147310257617,1.0853082490703496,0.4194935180445879,True,uniform,919.0,1240.2750005574794,99
0.4972011708785167,0.9054638988933532,0.4082627280148366,True,classical,919.0,824.0035538893433,99
0.6811144791708457,1.0955714500783598,0.4144569709075141,True,active,1072.0,1310.6945497474646,84
0.6838973818328167,1.074411147615208,0.3905137657823914,True,active+,1072.0,1451.1089015868351,84
0.6132794596733563,0.9217553507720048,0.3084758910986485,True,spline,1072.0,1783.4906105435657,84
0.6178978363438647,0.9203012197778696,0.3024033834340047,True,spline+,1072.0,1865.7284884405265,84
0.7018471601382644,1.138446853031334,0.4365996928930694,True,uniform,1072.0,1265.5478880201224,84
0.5448161499478139,0.9306027712943664,0.3857866213465524,True,classical,1072.0,1033.0181373074877,84
0.5178829426151704,0.8900789862019135,0.3721960435867431,True,active,919.0,1009.5880496335326,66
0.5519892273568593,0.9096143676827048,0.3576251403258454,True,active+,919.0,1186.8107783287971,66
0.6314091237895185,0.9678356770531316,0.336426553263613,True,spline,919.0,1623.1659024983194,66
0.627022908338468,0.9483370167924112,0.3213141084539433,True,spline+,919.0,1729.8620464867554,66
0.6184590476599934,1.047134954068359,0.4286759064083656,True,uniform,919.0,1067.8412589930174,66
0.5686816148298359,1.0033157492242035,0.4346341343943678,True,classical,919.0,918.6129396190734,66
0.537402645765547,0.944026515439322,0.406623869673775,True,active,919.0,932.813885948456,72
0.5597588350202819,0.9352028360987116,0.3754440010784295,True,active+,919.0,1124.005589894616,72
0.6434599279897257,1.0156141711950677,0.3721542432053419,True,spline,919.0,1421.570767014696,72
0.6879571815015508,1.0619245223666756,0.3739673408651247,True,spline+,919.0,1571.217393360937,72
0.5268426247986835,0.917856893579482,0.3910142687807983,True,uniform,919.0,960.803296855302,72
0.5685778074837804,0.998324680972806,0.4297468734890256,True,classical,919.0,934.3597076448108,72
0.6623612010641262,1.0550290522016608,0.3926678511375345,True,active,1072.0,1366.394543727885,53
0.6436932478539763,1.0043176820573805,0.3606244342034042,True,active+,1072.0,1496.3340652120337,53
0.6546708084934926,0.9855266857812712,0.3308558772877786,True,spline,1072.0,1769.6995773503374,53
0.6868268291893342,1.0223513335530845,0.33552450436375,True,spline+,1072.0,1871.3575059225832,53
0.6686546860138023,1.080625445718134,0.4119707597043316,True,uniform,1072.0,1285.0104765269775,53
0.659496244272575,1.141744283059303,0.4822480387867279,True,classical,1072.0,982.9998922056882,53
0.6716983347024628,1.0808991647814847,0.4092008300790219,True,active,1072.0,1308.2810150202306,47
0.6934817751676722,1.0972075424345509,0.4037257672668787,True,active+,1072.0,1406.6777217203423,47
0.6431269871350805,0.97215031845064,0.3290233313155594,True,spline,1072.0,1734.5429017735382,47
0.6375987002330745,0.9535575061947592,0.3159588059616846,True,spline+,1072.0,1827.7943699596551,47
0.6691889776627481,1.108866240992733,0.4396772633299849,True,uniform,1072.0,1160.9404569134197,47
0.5022723837844704,0.8574031933723626,0.3551308095878922,True,classical,1072.0,1035.408710833906,47
0.4366305892476067,0.8780728647111842,0.4414422754635774,True,active,689.0,606.637763106059,23
0.529839285134153,0.9610921563275672,0.4312528711934142,True,active+,689.0,834.9882792826654,23
0.7331048623679521,1.1858160977027008,0.4527112353347486,True,spline,689.0,1280.3638852620488,23
0.7068794652513151,1.1141511036853309,0.4072716384340156,True,spline+,689.0,1430.339870066759,23
0.553212554100482,1.042767584348861,0.4895550302483791,True,uniform,689.0,736.9013114241168,23
0.4965860986727303,0.9640595174441234,0.4674734187713931,True,classical,689.0,672.8108999382948,23
0.7034530682665393,1.3174905157453174,0.6140374474787781,True,active,536.0,752.0298855293947,17
0.7269513820904034,1.3066349384265423,0.5796835563361391,True,active+,536.0,861.239478722781,17
0.656601557517594,1.16469986742165,0.508098309904056,True,spline,536.0,901.395655000604,17
0.6375596545561749,1.0830705695441871,0.4455109149880124,True,spline+,536.0,1054.480830945871,17
0.5384617228826964,1.0979997778773418,0.5595380549946454,True,uniform,536.0,583.2218933098317,17
0.4697810986300466,0.9900191407591332,0.5202380421290865,True,classical,536.0,532.835572592676,17
0.6109682681847826,1.0543015620476597,0.4433332938628771,True,active,766.0,994.7365157607398,66
0.6281046001926448,1.0453437996946482,0.4172391995020034,True,active+,766.0,1141.1181097844965,66
0.5949579442426026,0.9574227061602708,0.3624647619176681,True,spline,766.0,1308.198126462687,66
0.6240611184033983,0.983445543653116,0.3593844252497178,True,spline+,766.0,1431.4340706740695,66
0.6358759447631922,1.1653564480436382,0.529480503280446,True,uniform,766.0,806.883404717774,66
0.7027618744604848,1.2705279738492024,0.5677660993887176,True,classical,766.0,844.3967103502871,66
0.5477410517366945,0.9940658893511556,0.4463248376144612,True,active,766.0,833.5759166400458,72
0.5847211773562662,1.0067152536153587,0.4219940762590926,True,active+,766.0,1003.0873829012742,72
0.5650226305079719,0.8991746975896764,0.3341520670817045,True,spline,766.0,1371.6992525083035,72
0.5693203710549183,0.8887993553579733,0.319478984303055,True,spline+,766.0,1492.3940487245998,72
0.4839031696103099,0.9213669165901638,0.4374637469798538,True,uniform,766.0,714.0076975000513,72
0.5662277098475749,1.0493729244330494,0.4831452145854745,True,classical,766.0,777.9228562198952,72
0.5314691857828893,1.0339176256083282,0.502448439825439,True,active,689.0,668.6337004445138,37
0.5707372217446935,1.0287426111170914,0.4580053893723979,True,active+,689.0,853.035282324694,37
0.6267639595456542,1.021903780336362,0.3951398207907077,True,spline,689.0,1239.033483812508,37
0.6137661345848722,0.9754785310499646,0.3617123964650924,True,spline+,689.0,1379.392065793059,37
0.6925714980497146,1.274968635137154,0.5823971370874392,True,uniform,689.0,795.062832970434,37
0.7455953763735532,1.4134212322624096,0.6678258558888563,True,classical,689.0,723.8387844413492,37
0.3846860784170633,0.802884664585486,0.4181985861684227,True,active,766.0,546.9389894806135,99
0.4713086841898163,0.8658836645914664,0.39457498040165,True,active+,766.0,800.3737055114013,99
0.7092141884210896,1.1465408512178898,0.4373266627968002,True,spline,766.0,1283.3008292736758,99
0.7245961384947539,1.1403707952583078,0.4157746567635538,True,spline+,766.0,1439.7770751514238,99
0.6166287982681937,1.1069790968913322,0.4903502986231385,True,uniform,766.0,864.8580426957885,99
0.5633828495951972,1.0717240081418653,0.5083411585466681,True,classical,766.0,716.0278716852099,99
0.6864007648370981,1.25570282391299,0.5693020590758918,True,active,536.0,811.6724101076627,2
0.7178864959434251,1.27241923912875,0.554532743185325,True,active+,536.0,903.8463086245704,2
0.6923413237526177,1.2426450262556523,0.5503037025030346,True,spline,536.0,865.462700442958,2
0.6634435990684504,1.1247101902492709,0.4612665911808202,True,spline+,536.0,1062.770619994975,2
0.5961652610580845,1.1553207171431066,0.559155456085022,True,uniform,536.0,676.4376497634443,2
0.7335708861540973,1.4859318388144624,0.7523609526603652,True,classical,536.0,594.2724900123561,2
0.5349844084458292,1.0618899647984137,0.5269055563525845,True,active,613.0,629.9961036191871,15
0.5863750406282282,1.083705675074585,0.4973306344463568,True,active+,613.0,784.9548707697909,15
0.5485859031812897,0.9111518255611736,0.3625659223798839,True,spline,613.0,1150.2620150041232,15
0.5526559284419159,0.8934474460017707,0.3407915175598548,True,spline+,613.0,1283.2754756765587,15
0.6795081759325386,1.3042819407679254,0.6247737648353867,True,uniform,613.0,696.453646205992,15
0.5591971210419374,1.104934792986652,0.5457376719447146,True,classical,613.0,638.4019990429152,15
0.4562973085079363,0.9357783468442245,0.4794810383362881,True,active,613.0,573.9934487279099,29
0.4921418419781075,0.9269013019072708,0.4347594599291633,True,active+,613.0,738.7909508228037,29
0.5853563304075236,0.9827219310134072,0.3973656006058835,True,spline,613.0,1103.0688759731652,29
0.5872113107077229,0.9553212371129152,0.3681099264051921,True,spline+,613.0,1250.2083741693018,29
0.4164848559065351,0.8468755303551027,0.4303906744485675,True,uniform,613.0,587.8748263763698,29
0.4032274636983235,0.8663046317360489,0.4630771680377253,True,classical,613.0,506.30951414868866,29
0.6809739908413777,1.1022242581830746,0.4212502673416969,True,active,996.0,1276.8375808005635,82
0.7043123032236597,1.1097333928228623,0.4054210895992028,True,active+,996.0,1432.4464511797507,82
0.6942052898316288,1.0573336861535885,0.3631283963219597,True,spline,996.0,1672.6906814030326,82
0.6765229878097093,1.016136059170049,0.3396130713603397,True,spline+,996.0,1789.3089639772409,82
0.535552260455611,0.9162789316895594,0.3807266712339484,True,uniform,996.0,1026.7251298859755,82
0.6330105492559667,1.0919836451653846,0.4589730959094179,True,classical,996.0,995.9215269765926,82
0.6955659460448383,1.1272197478966897,0.4316538018518513,True,active,919.0,1270.3804450142504,6
0.6985562387103185,1.107316528748733,0.4087602900384145,True,active+,919.0,1395.2172199881184,6
0.6750740415006781,1.0421279165171495,0.3670538750164714,True,spline,919.0,1570.594529231288,6
0.6508619565580597,0.989475983666396,0.3386140271083362,True,spline+,919.0,1687.5784667865144,6
0.643885160235666,1.0898263098768426,0.4459411496411766,True,uniform,919.0,1069.1764239544557,6
0.6853116548351361,1.2164134824086483,0.5311018275735122,True,classical,919.0,899.3639755042418,6
0.6067129486634284,1.0331782453912128,0.4264652967277844,True,active,996.0,1044.8693155001042,96
0.6046593776227405,0.9880439789492812,0.3833846013265408,True,active+,996.0,1227.9096053974522,96
0.6506644459564739,0.99094673943656,0.3402822934800861,True,spline,996.0,1673.2568014278113,96
0.6439495193084065,0.9695619201832476,0.3256124008748411,True,spline+,996.0,1768.1402710427449,96
0.5194063647478718,0.8985979878812451,0.3791916231333733,True,uniform,996.0,985.4653084466664,96
0.5653122023331805,0.9843033251082424,0.4189911227750619,True,classical,996.0,962.8267895699372,96
0.4888558047146467,0.9232303187533916,0.4343745140387449,True,active,689.0,732.4578067803483,1
0.5408818168069235,0.9713570410798216,0.4304752242728981,True,active+,689.0,863.7639051869097,1
0.6477593072134684,1.067766645423514,0.4200073382100455,True,spline,689.0,1185.3242866713504,1
0.653177444537881,1.0447937610456488,0.3916163165077678,True,spline+,689.0,1341.9915954595092,1
0.5218066761681986,1.02478325889723,0.5029765827290315,True,uniform,689.0,649.9943035463323,1
0.5817494542732403,1.1218825054811583,0.540133051207918,True,classical,689.0,686.5525822138765,1
0.4922969086964061,1.05575724422379,0.5634603355273838,True,active,459.0,508.7070643767589,36
0.6151705626904983,1.1970932853684149,0.5819227226779166,True,active+,459.0,668.0575367533294,36
0.729907292108688,1.3432066097046125,0.6132993175959243,True,spline,459.0,796.0222614414706,36
0.686233891708788,1.200630759586062,0.5143968678772739,True,spline+,459.0,946.2788413658444,36
0.7838090411820066,1.4707289621111213,0.6869199209291147,True,uniform,459.0,747.5791216524611,36
0.5915131485819357,1.4019335183670305,0.8104203697850948,True,classical,459.0,397.6436826607303,36
0.552394537866928,0.9926120123949936,0.4402174745280656,True,active,842.0,862.0432754722244,16
0.568726865606423,0.9670605771844444,0.3983337115780213,True,active+,842.0,1050.697089681663,16
0.5473616418150246,0.8365834448283619,0.2892218030133373,True,spline,842.0,1645.3704831878536,16
0.5430559582017844,0.823636577763387,0.2805806195616025,True,spline+,842.0,1706.7637715952442,16
0.6436794954580203,1.114290692391377,0.4706111969333564,True,uniform,842.0,983.2283310510971,16
0.4989925876694838,0.8941660898419972,0.3951735021725134,True,classical,842.0,870.2710114708609,16
0.6361993302200588,1.222229870367492,0.5860305401474333,True,active,613.0,694.5740699056049,5
0.6729908911975973,1.2415978349807628,0.5686069437831656,True,active+,613.0,789.4715484126153,5
0.6598260459926654,1.1019696877554197,0.4421436417627541,True,spline,613.0,1125.6680865060964,5
0.6806013038388578,1.097794907224457,0.4171936033855993,True,spline+,613.0,1295.4894424793165,5
0.5677323935834976,1.0936032458041365,0.5258708522206389,True,uniform,613.0,688.9432329966877,5
0.8387556605708842,1.5913314637061768,0.7525758031352926,False,classical,613.0,721.9828853895176,5
0.5944188348737025,0.9748842852232432,0.3804654503495408,True,active,996.0,1209.74641515266,69
0.5870757293642518,0.935917120999697,0.3488413916354452,True,active+,996.0,1361.3566679668904,69
0.6903477326492524,1.0530869252548936,0.3627391926056411,True,spline,996.0,1660.4519584039258,69
0.6679063307375774,1.0071057848500025,0.339199454112425,True,spline+,996.0,1755.5568481176551,69
0.7202063663046296,1.164097992287884,0.4438916259832544,True,uniform,996.0,1284.279909058632,69
0.5630125808594298,0.9698539735859169,0.4068413927264869,True,classical,996.0,1001.1311220045344,69
0.5833381233972309,1.23325384969902,0.6499157263017891,True,active,459.0,528.3087311986964,22
0.6152333472947779,1.2499679734327531,0.6347346261379753,True,active+,459.0,589.2556813062631,22
0.4628508591227787,0.8741383123013268,0.411287453178548,True,spline,459.0,732.4058230521835,22
0.4951586075364577,0.8812147534571335,0.3860561459206758,True,spline+,459.0,891.1605890403895,22
0.614003465972721,1.2425898835683984,0.6285864175956773,True,uniform,459.0,595.8256255777834,22
0.6267385284663459,1.3399242313784006,0.7131857029120546,True,classical,459.0,512.8564871946118,22
0.5283404643195053,0.9224667145794846,0.3941262502599792,True,active,996.0,953.3329924031798,41
0.578671646609692,0.9677151201180868,0.3890434735083949,True,active+,996.0,1119.8774274986831,41
0.633994674528061,0.9646985207164236,0.3307038461883625,True,spline,996.0,1680.3726395243586,41
0.6230954498315451,0.9365196766189042,0.3134242267873591,True,spline+,996.0,1783.3882442239194,41
0.6426639769841394,1.082935471303606,0.4402714943194667,True,uniform,996.0,1087.4676599335264,41
0.6777708827090517,1.166808875695143,0.4890379929860909,True,classical,996.0,1003.4361436742516,41
0.5004619597896822,0.8773580489583801,0.3768960891686979,True,active,996.0,939.5491410238784,1
0.5231609761511957,0.8626964020743326,0.3395354259231369,True,active+,996.0,1183.579249225675,1
0.6346008044857527,0.964200288421064,0.3295994839353111,True,spline,996.0,1692.2213784063413,1
0.661078888462293,0.992109544492889,0.331030656030596,True,spline+,996.0,1796.683921923356,1
0.6481224454434877,1.0682399644444178,0.4201175190009301,True,uniform,996.0,1185.8807034656618,1
0.6622717961184811,1.1399096447694932,0.4776378486510121,True,classical,996.0,1004.1395805718956,1
0.5955579115826366,0.997315168945269,0.4017572573626323,True,active,996.0,1113.9524775546488,55
0.6185156587582216,1.0026844264620856,0.384168767703864,True,active+,996.0,1268.645810490597,55
0.626489484290222,0.9500247134843508,0.3235352291941289,True,spline,996.0,1708.084069395638,55
0.6321886762757467,0.9475599282680852,0.3153712519923386,True,spline+,996.0,1807.871590652722,55
0.6162602744741021,1.0350826550176628,0.4188223805435607,True,uniform,996.0,1101.1053891952552,55
0.6841422829633445,1.1616037755324924,0.4774614925691479,True,classical,996.0,1056.5397421031532,55
0.5148537512077962,0.8724520786979273,0.3575983274901311,True,active,996.0,1064.4315686286634,54
0.5555605350963608,0.904048706443441,0.3484881713470802,True,active+,996.0,1248.9621274005526,54
0.5931308152515481,0.8932876922797667,0.3001568770282186,True,spline,996.0,1765.8118489932483,54
0.597162140699361,0.8918814758575935,0.2947193351582324,True,spline+,996.0,1840.08149822058,54
0.5149184471836106,0.9078366121153144,0.3929181649317037,True,uniform,996.0,920.8463898402216,54
0.6047809753761607,1.0440300192472691,0.4392490438711084,True,classical,996.0,993.3218207674264,54
0.5975029299949434,1.037254123897143,0.4397511939021997,True,active,996.0,973.26889479282,0
0.5858840074307827,0.9660988143879146,0.3802148069571318,True,active+,996.0,1183.7180905243522,0
0.690556347925567,1.0547072903835573,0.3641509424579903,True,spline,996.0,1650.7794405541492,0
0.6755521983392218,1.0193320555130598,0.3437798571738381,True,spline+,996.0,1749.7201017144437,0
0.5998559895338483,1.033686966196972,0.4338309766631235,True,uniform,996.0,999.8286489969604,0
0.6203973392960606,1.0649358468850347,0.4445385075889742,True,classical,996.0,1014.26956511384,0
0.6874852457753022,1.123220236661436,0.4357349908861336,True,active,996.0,1228.6462951043522,40
0.6985434269027516,1.105067863452877,0.4065244365501254,True,active+,996.0,1407.4997388261147,40
0.6302555179574787,0.96020274816291,0.3299472302054314,True,spline,996.0,1670.4567779402273,40
0.6220016419989516,0.9357497296241896,0.313748087625238,True,spline+,996.0,1775.2361120669389,40
0.5070591956709659,0.8825446107792757,0.3754854151083098,True,uniform,996.0,964.128090004814,40
0.6258930494113127,1.073654982991875,0.4477619335805621,True,classical,996.0,1016.7717116313804,40
0.7875306388629197,1.555911255209371,0.7683806163464513,True,active,459.0,638.6367233835797,23
0.6942513546508838,1.32490026490247,0.6306489102515863,True,active+,459.0,708.9678354491372,23
0.5717815147750883,1.0518910633474376,0.4801095485723493,True,spline,459.0,796.8310745941599,23
0.592463039588318,1.0301063688578993,0.4376433292695812,True,spline+,459.0,967.8014869753176,23
0.6711723619121908,1.4022922275509422,0.7311198656387514,True,uniform,459.0,545.375306144508,23
0.4752214709149143,1.0489916009926554,0.5737701300777411,True,classical,459.0,472.28474247439783,23
0.6314504121480251,1.0331872501276265,0.4017368379796013,True,active,996.0,1221.3229329750563,68
0.6554184694448607,1.0468617538270375,0.391443284382177,True,active+,996.0,1350.3021250055774,68
0.6556983259995895,0.9990179188474536,0.3433195928478639,True,spline,996.0,1670.0381579817822,68
0.7094809199315403,1.0667009613680418,0.3572200414365015,True,spline+,996.0,1780.5770612578017,68
0.630250900960162,1.0487321262381857,0.4184812252780234,True,uniform,996.0,1141.9033397616795,68
0.4864126623623709,0.8850880787505616,0.3986754163881907,True,classical,996.0,826.270504964082,68
0.6282797072269443,1.072263726185792,0.4439840189588478,True,active,842.0,1036.2760700243891,17
0.626253253718692,1.0331842356859895,0.4069309819672975,True,active+,842.0,1181.3470262240662,17
0.6302534574633615,0.9899674123944175,0.359713954931056,True,spline,842.0,1452.2028116971771,17
0.6243114124877667,0.9629626524062032,0.3386512399184365,True,spline+,842.0,1576.632940315203,17
0.6395548911161995,1.095349808727326,0.4557949176111264,True,uniform,842.0,1022.7817996179014,17
0.6979177982820258,1.2787774984384408,0.580859700156415,True,classical,842.0,807.4705978249497,17
0.5316036029043546,1.0885291452227324,0.5569255423183778,True,active,459.0,576.4781219145752,37
0.5393595544881348,1.034098228387295,0.4947386738991602,True,active+,459.0,698.8868552786662,37
0.4873477562386439,0.8873951710024285,0.4000474147637845,True,spline,459.0,824.3892428866693,37
0.5219571172906361,0.9149514030256662,0.3929942857350301,True,spline+,459.0,939.8774748254314,37
0.529482369656317,1.0891984239970285,0.5597160543407113,True,uniform,459.0,569.128229819672,37
0.4172336500834613,1.0114644511860111,0.5942308011025499,True,classical,459.0,377.6189724539544,37
0.5505682251631433,1.0632345769324842,0.5126663517693409,True,active,613.0,683.6416983342441,4
0.569208768867705,1.0797066638145745,0.5104978949468695,True,active+,613.0,722.4554953581886,4
0.6712032686199227,1.1297546505281806,0.4585513819082578,True,spline,613.0,1092.1716153726168,4
0.7634871616784512,1.244702332202417,0.4812151705239661,True,spline+,613.0,1239.526493899144,4
0.8159725340719538,1.43043627853265,0.6144637444606961,False,uniform,613.0,939.6479325604606,4
0.6039539366523045,1.2047804314346116,0.6008264947823071,True,classical,613.0,620.9301757697882,4
0.5904949209232628,1.029928413480823,0.4394334925575605,True,active,919.0,956.8557966168931,7
0.5817508141802117,0.9675692129677812,0.3858183987875695,True,active+,919.0,1144.0342343122973,7
0.6804658108024297,1.053384671531899,0.3729188607294693,True,spline,919.0,1550.613353430585,7
0.6463905809374657,0.9860703305965738,0.3396797496591081,True,spline+,919.0,1660.152235223328,7
0.5217842372731855,0.9031884915591823,0.381404254285997,True,uniform,919.0,983.5699146799878,7
0.4666459194381477,0.8423804471615062,0.3757345277233584,True,classical,919.0,848.715922666567,7
0.5838537276591576,1.062227372625373,0.4783736449662155,True,active,689.0,826.7041040790081,0
0.627496398152608,1.093431845538536,0.465935447385928,True,active+,689.0,960.11493407654,0
0.59912732428238,0.981432296225488,0.3823049719431081,True,spline,689.0,1215.615274313106,0
0.5894816051767192,0.946017249309306,0.3565356441325866,True,spline+,689.0,1323.3809837309204,0
0.4703408024943319,0.9032425925366256,0.4329017900422935,True,uniform,689.0,695.3974986699707,0
0.4892780643759035,0.938536937922851,0.4492588735469474,True,classical,689.0,697.8387463534378,0
0.6042968108877982,1.0223694028522894,0.4180725919644912,True,active,996.0,1070.9688083203337,97
0.5995812411638395,0.9692821803076443,0.369700939143805,True,active+,996.0,1283.4229604349664,97
0.663227001964078,1.0221638202092156,0.3589368182451375,True,spline,996.0,1582.5109993257545,97
0.6445707042710939,0.9793258003483218,0.334755096077228,True,spline+,996.0,1692.407796529999,97
0.6000010517408643,1.0081933526101403,0.408192300869276,True,uniform,996.0,1099.3380142758613,97
0.5867344610393718,1.0091940771646906,0.4224596161253188,True,classical,996.0,1006.7083155974236,97
0.6171085518676152,1.0135117811614596,0.3964032292938444,True,active,996.0,1202.9430183118232,83
0.5435479822871339,0.8677435864983962,0.3241956042112623,True,active+,996.0,1353.1901134804227,83
0.6463214151094969,0.9905248218206456,0.3442034067111486,True,spline,996.0,1624.4610237751351,83
0.6326559667915446,0.9560262263260432,0.3233702595344987,True,spline+,996.0,1737.1459671160242,83
0.5671080621316597,0.9719102352322102,0.4048021731005505,True,uniform,996.0,1020.2886892438256,83
0.528312862987301,0.908162399491965,0.379849536504664,True,classical,996.0,1008.9411233768884,83
0.6088827149496415,1.1591065323318377,0.5502238173821962,True,active,613.0,714.4390396231915,28
0.6231706233103503,1.1110901458869766,0.4879195225766263,True,active+,613.0,885.4575031402849,28
0.5795072089973314,0.9409386487772236,0.3614314397798922,True,spline,613.0,1260.355814432191,28
0.5971815866381899,0.9489211647829782,0.3517395781447883,True,spline+,613.0,1380.641524606859,28
0.4859245506416652,0.9395214034733264,0.4535968528316612,True,uniform,613.0,681.1614482612187,28
0.5619421152615679,1.0839505283997837,0.5220084131382158,True,classical,613.0,686.0401979521698,28
0.8400698442935354,1.4809885410584775,0.6409186967649422,False,active,613.0,921.0927733166084,14
0.6339446449338869,1.0970033915413169,0.4630587466074299,True,active+,613.0,984.6506609002022,14
0.5999015507000353,1.0122245681512505,0.412323017451215,True,spline,613.0,1081.9390014569915,14
0.6565256037072297,1.07606012888654,0.4195345251793102,True,spline+,613.0,1212.8562641322155,14
0.5743739834848641,1.1264387448648585,0.5520647613799942,True,uniform,613.0,652.7061876741012,14
0.4939513504049423,0.9753069146621848,0.4813555642572424,True,classical,613.0,639.7622352590604,14
0.5505409512038295,1.0971952828323062,0.5466543316284767,True,active,536.0,622.6305242022246,3
0.5711925799204516,1.095075073339298,0.5238824934188464,True,active+,536.0,698.9960526576906,3
0.4800087213154969,0.8570808800926505,0.3770721587771535,True,spline,536.0,881.0292715594169,3
0.4823188205175193,0.8227464257584122,0.3404276052408928,True,spline+,536.0,1038.2141864014875,3
0.6685915244157966,1.2801509268563172,0.6115594024405205,True,uniform,536.0,701.7790800386787,3
0.6344795150129893,1.318977187122724,0.6844976721097348,True,classical,536.0,552.8992094802979,3
0.5733028374100234,1.0407608068701284,0.467457969460105,True,active,766.0,832.7588006339104,98
0.5886275718948464,1.0072213785755226,0.4185938066806762,True,active+,766.0,1026.2103439046814,98
0.6504679441690912,1.0547433674168782,0.4042754232477871,True,spline,766.0,1267.3488124904998,98
0.6807679073249574,1.0736780715310466,0.3929101642060891,True,spline+,766.0,1426.3484771643057,98
0.5178387074558677,0.9421492575908336,0.4243105501349659,True,uniform,766.0,826.6292421848866,98
0.4543110903833606,0.8567774120931232,0.4024663217097625,True,classical,766.0,735.7293539346199,98
0.5629343080433786,1.0283774621822568,0.4654431541388781,True,active,766.0,815.4873801795416,73
0.5599092707296669,0.9868025997763424,0.4268933290466756,True,active+,766.0,922.0187401149356,73
0.6619128771562319,1.0453013507928397,0.3833884736366078,True,spline,766.0,1418.2282087159208,73
0.6518288700295664,1.012805376001472,0.3609765059719055,True,spline+,766.0,1524.6077896626532,73
0.65574447126247,1.1375949890213546,0.4818505177588845,True,uniform,766.0,975.6468255866572,73
0.4507342448379399,0.8777972527181691,0.4270630078802291,True,classical,766.0,666.4835397652886,73
0.528911396889957,1.1051371575535165,0.5762257606635592,True,active,536.0,545.2771750275917,16
0.5450334675874791,1.047477745628526,0.502444278041047,True,active+,536.0,693.781370608111,16
0.6174518473680657,1.0679318781424088,0.450480030774343,True,spline,536.0,986.4406462556456,16
0.6091224437772579,1.0160047872512434,0.4068823434739855,True,spline+,536.0,1131.2380796871537,16
0.5794512872702843,1.140020656959134,0.5605693696888497,True,uniform,536.0,646.5778350875155,16
0.7660293862489053,1.5890821910224762,0.8230528047735709,True,classical,536.0,556.1097518032763,16
0.5247481825758713,0.9995591873600012,0.4748110047841298,True,active,689.0,713.0720508897199,22
0.5714765072083877,1.0151737451683889,0.4436972379600009,True,active+,689.0,896.850905929547,22
0.605821219805672,1.0325885522458536,0.4267673324401815,True,spline,689.0,1041.345499780024,22
0.632962288177728,1.0373691572160373,0.4044068690383092,True,spline+,689.0,1213.1884067483832,22
0.6972126421695728,1.2280832748059822,0.5308706326364094,True,uniform,689.0,923.8952368259686,22
0.5278692245071348,1.0515649649289136,0.5236957404217788,True,classical,689.0,623.3985181872969,22
0.6696737686156278,1.171918843144799,0.5022450745291713,True,active,766.0,945.52404494052,67
0.7099308823398115,1.20171782316653,0.4917869408267185,True,active+,766.0,1068.8250761986958,67
0.6533652711348165,1.045612337197816,0.3922470660629996,True,spline,766.0,1339.1639183903171,67
0.666591509014061,1.0439501222442753,0.3773586132302143,True,spline+,766.0,1471.4333163750816,67
0.5643019854948348,1.0435582898949194,0.4792563044000846,True,uniform,766.0,783.3724869140786,67
0.5391024529719647,1.03662089866742,0.4975184456954552,True,classical,766.0,692.6724517822988,67
0.6926841610075453,1.1039295633642807,0.4112454023567354,True,active,1072.0,1363.2023177530596,46
0.6906452790951588,1.080101256633897,0.3894559775387382,True,active+,1072.0,1480.6995327720383,46
0.6291729821647819,0.94795156247797,0.318778580313188,True,spline,1072.0,1762.337422280802,46
0.63378816798385,0.9459167497030232,0.3121285817191732,True,spline+,1072.0,1846.5644884784977,46
0.5599578641888222,0.9533557456539024,0.3933978814650801,True,uniform,1072.0,1045.7045585418414,46
0.5831290163219937,0.9818216256915112,0.3986926093695174,True,classical,1072.0,1090.8410878445316,46
0.6228083733309103,1.022977117384129,0.4001687440532188,True,active,1072.0,1202.4491909439114,52
0.6359963376381959,1.012514084034363,0.3765177463961671,True,active+,1072.0,1369.414927070298,52
0.6512627293920014,0.98381348826025,0.3325507588682486,True,spline,1072.0,1739.9716390367337,52
0.641618996339018,0.9588706409364448,0.3172516445974267,True,spline+,1072.0,1834.4346958010592,52
0.5978177633931626,0.9790518238988624,0.3812340605056997,True,uniform,1072.0,1216.799795853129,52
0.6482485365206349,1.0897971149273136,0.4415485784066787,True,classical,1072.0,1097.270058882112,52
0.5982858564019349,1.0373342475918828,0.4390483911899479,True,active,919.0,977.6321317574146,73
0.6321304446685745,1.0511641632696842,0.4190337186011097,True,active+,919.0,1144.875615592288,73
0.6527491886477448,1.0092839018010324,0.3565347131532876,True,spline,919.0,1559.0416465192886,73
0.6343902419405096,0.9669153498158616,0.3325251078753518,True,spline+,919.0,1667.069382583072,73
0.689438851852119,1.1714073067540451,0.4819684549019262,True,uniform,919.0,1053.782452218749,73
0.7407465177752217,1.3040143628125436,0.5632678450373219,True,classical,919.0,925.7755380224454,73
0.4850675345592725,0.8900405309967483,0.4049729964374757,True,active,919.0,803.6959215859846,67
0.528443008853553,0.921764872141712,0.393321863288159,True,active+,919.0,956.6093050104452,67
0.6355378683883123,0.97705547202649,0.3415176036381778,True,spline,919.0,1600.873743799469,67
0.6301466235834849,0.9550467344491684,0.3249001108656835,True,spline+,919.0,1712.591411693641,67
0.6162904954531837,1.0466336012138038,0.43034310576062,True,uniform,919.0,1055.643096105286,67
0.6244740924091124,1.124464448553328,0.4999903561442155,True,classical,919.0,855.9714882902434,67
0.5799859488431579,0.9502504389257354,0.3702644900825774,True,active,1072.0,1214.7152891532555,85
0.6054061177213622,0.9617792434733796,0.3563731257520173,True,active+,1072.0,1381.9485183437191,85
0.6809188725399942,1.0242912601611711,0.3433723876211769,True,spline,1072.0,1776.0387550821215,85
0.7244478011656645,1.0780719989671308,0.3536241978014662,True,spline+,1072.0,1873.791763607024,85
0.6297221669583649,1.043862672305439,0.414140505347074,True,uniform,1072.0,1159.2062205528505,85
0.6752253343774992,1.141473663365442,0.4662483289879429,True,classical,1072.0,1074.1685867917204,85
0.7952866429741368,1.2535301093203175,0.4582434663461807,True,active,1072.0,1430.1610585296512,91
0.7822042463543152,1.210344068302434,0.4281398219481188,True,active+,1072.0,1553.7557459127447,91
0.6508536203362992,0.98170064384107,0.3308470235047709,True,spline,1072.0,1752.8783401467217,91
0.6400945547281578,0.9554800833240772,0.3153855285959194,True,spline+,1072.0,1845.1060666155072,91
0.5455427484795744,0.9135236046177116,0.3679808561381371,True,uniform,1072.0,1114.1260276386615,91
0.5577468778437414,0.9190545156375152,0.3613076377937737,True,classical,1072.0,1187.0579331370554,91
0.5811900338111945,0.958297755829267,0.3771077220180725,True,active,1149.0,1184.0188925034302,39
0.6033411609230931,0.9659615766602246,0.3626204157371315,True,active+,1149.0,1336.7769295025305,39
0.6779192279669831,1.017763751868499,0.3398445239015158,True,spline,1149.0,1793.3727067736445,39
0.6569100887264941,0.9772819186439504,0.3203718299174561,True,spline+,1149.0,1876.5458995861616,39
0.6186772694417988,1.0127696054452875,0.3940923360034889,True,uniform,1149.0,1218.965126963977,39
0.6412381877157213,1.0621632671407797,0.4209250794250582,True,classical,1149.0,1162.6200103434614,39
0.5527691217901296,0.9872115789966294,0.4344424572064997,True,active,919.0,880.3732603034452,98
0.5925756479200281,1.0186266625117395,0.4260510145917113,True,active+,919.0,1008.9504945709872,98
0.6449818922812723,0.9963186689030789,0.3513367766218064,True,spline,919.0,1565.9220126563496,98
0.6586733557633677,1.002487286813334,0.3438139310499664,True,spline+,919.0,1678.4796190611992,98
0.579835560838275,0.992009476900507,0.4121739160622319,True,uniform,919.0,1026.8560639713517,98
0.5898657464951651,1.0350064939637689,0.4451407474686037,True,classical,919.0,936.5956891547534,98
0.6037521882387298,0.9772011382679544,0.3734489500292246,True,active,1149.0,1277.010910300649,11
0.5970274676707863,0.9396168039050232,0.3425893362342369,True,active+,1149.0,1439.6836331043762,11
0.650393962198912,0.9732717902493064,0.3228778280503945,True,spline,1149.0,1822.407213632211,11
0.6661309829605488,0.9873995706422606,0.3212685876817117,True,spline+,1149.0,1911.4114545072207,11
0.6039784412626454,0.9886552405929826,0.3846767993303371,True,uniform,1149.0,1219.2278529503442,11
0.6431421838710579,1.0619597767191813,0.4188175928481233,True,classical,1149.0,1177.3010053883104,11
0.637725182790227,1.042235499742681,0.404510316952454,True,active,1149.0,1227.1406118241575,13
0.6485702841651869,1.0340159666950148,0.3854456825298279,True,active+,1149.0,1360.9946936650117,13
0.6483196535795849,0.9679550567769968,0.319635403197412,True,spline,1149.0,1843.230344702094,13
0.6708741727501616,0.9928611312144354,0.3219869584642738,True,spline+,1149.0,1926.8432103337525,13
0.5591248207578746,0.9257330195793954,0.3666081988215207,True,uniform,1149.0,1164.6906908503777,13
0.6655398964223513,1.0919355917707638,0.4263956953484125,True,classical,1149.0,1207.9195180865945,13
0.5500491511249962,0.913256524674729,0.3632073735497327,True,active,1072.0,1151.8801319601891,87
0.5826415388537508,0.944293243471118,0.361651704617367,True,active+,1072.0,1269.9544746146792,87
0.6377858049715696,0.9578127049136388,0.3200268999420693,True,spline,1072.0,1790.597144585552,87
0.6644992216252026,0.9876469023969136,0.3231476807717109,True,spline+,1072.0,1885.4252204992456,87
0.4722379628829348,0.818895062965818,0.3466571000828832,True,uniform,1072.0,977.1629275116316,87
0.573072815408026,0.9802550878535656,0.4071822724455395,True,classical,1072.0,1027.5757070774368,87
0.6238618423165486,1.024302082955546,0.4004402406389974,True,active,1072.0,1204.3690984528985,93
0.6139304349379535,0.975055770148289,0.3611253352103355,True,active+,1072.0,1383.5764601724416,93
0.560219255074395,0.8411630174236178,0.2809437623492228,True,spline,1072.0,1792.2937011272336,93
0.5645879264131365,0.8409062706882295,0.276318344275093,True,spline+,1072.0,1865.6706618209655,93
0.5847780293467824,0.9768615709024456,0.3920835415556633,True,uniform,1072.0,1124.6400124681286,93
0.6317704128437929,1.0741357958012507,0.4423653829574578,True,classical,1072.0,1051.1532348279009,93
0.5946561238070583,0.9651843124829182,0.3705281886758599,True,active,1072.0,1262.251222700813,78
0.6252205130290684,0.9903635592924552,0.3651430462633868,True,active+,1072.0,1399.5365570704168,78
0.6744159230405774,1.018867875757273,0.3444519527166952,True,spline,1072.0,1739.320991740646,78
0.6806431352897182,1.016205744369408,0.3355626090796899,True,spline+,1072.0,1843.311438232807,78
0.6331735837668371,1.0416841350623571,0.40851055129552,True,uniform,1072.0,1194.6560312389956,78
0.6121647224724486,1.0345106886402884,0.4223459661678398,True,classical,1072.0,1075.5878210464643,78
0.7394828408840207,1.208854952046181,0.4693721111621606,True,active,919.0,1225.832467138249,71
0.7002455339249742,1.1148833449620894,0.4146378110371151,True,active+,919.0,1368.972611292062,71
0.6012053328134062,0.9251507415343893,0.323945408720983,True,spline,919.0,1593.8364288450182,71
0.6114066404909168,0.9276896541095752,0.3162830136186584,True,spline+,919.0,1703.3435339211492,71
0.6985115275047935,1.1696662886594034,0.4711547611546098,True,uniform,919.0,1114.1518121853508,71
0.5837765692153493,1.0226857334039343,0.438909164188585,True,classical,919.0,941.94495787946,71
0.6258921173985496,1.04810062961815,0.4222085122196003,True,active,919.0,1114.0014973709474,65
0.5957133034640196,0.964320184708528,0.3686068812445083,True,active+,919.0,1276.2941684561677,65
0.6204521641752743,0.9538266887911814,0.3333745246159071,True,spline,919.0,1601.1587154011247,65
0.6535321689584104,0.9899168437663268,0.3363846748079165,True,spline+,919.0,1717.3672334782611,65
0.626013868340455,1.0584157426100131,0.4324018742695581,True,uniform,919.0,1073.6489799688293,65
0.5799681595778293,1.041614602066853,0.4616464424890237,True,classical,919.0,863.5845926395699,65
0.6380005624289865,1.0429634241377692,0.4049628617087827,True,active,1072.0,1225.8103698506711,44
0.6636436157501133,1.0632356212276288,0.3995920054775155,True,active+,1072.0,1332.891438887006,44
0.6634542559975595,1.0079102377886362,0.3444559817910767,True,spline,1072.0,1693.2607863810244,44
0.672168475323973,1.007617439625766,0.335448964301793,True,spline+,1072.0,1806.688014452843,44
0.7527639601531665,1.206560160250997,0.4537962000978305,True,uniform,1072.0,1330.348192508392,44
0.5980440279655581,1.0105680551591956,0.4125240271936374,True,classical,1072.0,1075.9114736549163,44
0.6035989239338592,1.021074349055883,0.4174754251220235,True,active,919.0,1071.425109774631,59
0.6124982806183726,1.0025173510065286,0.390019070388156,True,active+,919.0,1219.6428137784433,59
0.6621364863494278,1.0095231437514478,0.34738665740202,True,spline,919.0,1664.5802162291382,59
0.6441587008039319,0.9718738432333536,0.3277151424294215,True,spline+,919.0,1750.4990404402938,59
0.4767614883177558,0.8564366874401723,0.3796751991224165,True,uniform,919.0,862.965596894995,59
0.4563490151029284,0.8213068657183186,0.3649578506153901,True,classical,919.0,857.4678153819415,59
0.5786069109241856,0.9655620007034664,0.3869550897792809,True,active,1072.0,1129.1495083732402,50
0.5682369475586316,0.9136579485791771,0.3454210010205456,True,active+,1072.0,1312.8105902041204,50
0.6073043966128925,0.9074334640925092,0.3001290674796167,True,spline,1072.0,1836.000999903962,50
0.6333602034207911,0.9384042571812072,0.3050440537604162,True,spline+,1072.0,1915.759840693602,50
0.6655356709021114,1.076175164722598,0.4106394938204867,True,uniform,1072.0,1282.0774082056305,50
0.6054242376704217,1.026865192563328,0.4214409548929061,True,classical,1072.0,1060.7613224454492,50
0.4889627231236103,0.9178451910050186,0.4288824678814082,True,active,766.0,746.6428857527479,59
0.5135982013058717,0.8970549621633828,0.383456760857511,True,active+,766.0,952.083828838528,59
0.6954726276537612,1.1088437972899543,0.4133711696361933,True,spline,766.0,1360.7242246042383,59
0.7275529567707353,1.132655315201209,0.4051023584304738,True,spline+,766.0,1511.3008995722446,59
0.6240010795722695,1.109205258635437,0.4852041790631676,True,uniform,766.0,894.8088227669282,59
0.5831920985317388,1.093354717107631,0.5101626185758922,True,classical,766.0,749.6233161633094,59
0.4233924486937762,0.9391956494811644,0.5158032007873883,True,active,536.0,466.4690104938021,28
0.4621183121924849,0.9117879202971828,0.449669608104698,True,active+,536.0,641.1349664679923,28
0.4663411776802634,0.8129287643458548,0.3465875866655913,True,spline,536.0,958.7768051946308,28
0.5607354663169462,0.943298828887526,0.3825633625705797,True,spline+,536.0,1094.4820600099597,28
0.4767092351913793,1.011203443748766,0.5344942085573867,True,uniform,536.0,523.6186893288861,28
0.3931638535955384,0.8494175609114962,0.4562537073159577,True,classical,536.0,498.9896826174734,28
0.6289704097680692,1.115315053848595,0.4863446440805258,True,active,689.0,902.4450767900724,34
0.656830507931677,1.1172300396809416,0.4603995317492646,True,active+,689.0,1049.4280824514492,34
0.642770626211312,1.0435840470454505,0.4008134208341385,True,spline,689.0,1260.7277699314134,34
0.6808537680736665,1.0768389881580045,0.3959852200843378,True,spline+,689.0,1408.894357308834,34
0.4700279568341162,0.9038437812980356,0.4338158244639193,True,uniform,689.0,692.5698513422022,34
0.8251464614675205,1.5682447642356545,0.743098302768134,False,classical,689.0,718.0655047371092,34
0.4664931350289618,0.8762230001980056,0.4097298651690437,True,active,766.0,745.1397921057356,71
0.4978009985559251,0.9026948388657065,0.4048938403097813,True,active+,766.0,835.8650928020237,71
0.7656799988050955,1.2401522798578524,0.4744722810527568,True,spline,766.0,1273.3249142697548,71
0.7444456663685947,1.1673495489654644,0.4229038825968697,True,spline+,766.0,1463.191134882082,71
0.6174674560914485,1.1209421193418212,0.5034746632503727,True,uniform,766.0,832.7441546619482,71
0.6875718587853715,1.2453791402889496,0.5578072815035781,True,classical,766.0,839.119278728871,71
0.5200018196772694,0.947967714929522,0.4279658952522525,True,active,766.0,821.1642909159083,65
0.5840262824318322,1.0106461242505185,0.426619841818686,True,active+,766.0,984.567228755621,65
0.7096588154421053,1.148854091206766,0.4391952757646606,True,spline,766.0,1275.912133047017,65
0.7230872252192873,1.137728050470019,0.4146408252507316,True,spline+,766.0,1441.2738622354354,65
0.6419468166584856,1.129349437280735,0.4874026206222492,True,uniform,766.0,927.9161515092444,65
0.5595770329519277,1.0578660002863485,0.4982889673344205,True,classical,766.0,730.1211954102259,65
0.7825212355501546,1.3905488134114854,0.6080275778613308,True,active,689.0,895.7872331950609,20
0.7631883080890778,1.3176938800535425,0.5545055719644647,True,active+,689.0,992.7527084278008,20
0.6856246882009528,1.1459143336624933,0.4602896454615405,True,spline,689.0,1122.3851981544483,20
0.6640179265301028,1.0852310602530186,0.4212131337229158,True,spline+,689.0,1227.0242377298655,20
0.5447695034807168,1.011476887936545,0.4667073844558281,True,uniform,689.0,773.2726463213974,20
0.5293416578333147,1.0297218837811866,0.5003802259478719,True,classical,689.0,668.744672811081,20
0.6192991405285119,1.1618270181286177,0.5425278776001058,True,active,536.0,748.0245033429677,14
0.5643876152115994,1.016490608563866,0.4521029933522664,True,active+,536.0,855.3378711595668,14
0.7292746699880425,1.2991767562823124,0.56990208629427,True,spline,536.0,888.0383959827801,14
0.7170470231389873,1.2106137091094384,0.4935666859704511,True,spline+,536.0,1079.456872888406,14
0.6920649565453267,1.2615219886394904,0.5694570320941637,True,uniform,536.0,821.4207707652471,14
0.6475136060353504,1.4573909282142654,0.8098773221789151,True,classical,536.0,449.89926592907193,14
0.6327004451235133,1.2203689180394406,0.5876684729159273,True,active,613.0,686.1598679498954,16
0.6646227234681317,1.234405259194859,0.5697825357267277,True,active+,613.0,772.4710516769406,16
0.6050337642501212,1.033050023460108,0.4280162592099868,True,spline,613.0,1034.5537566268183,16
0.6145034240126798,1.0108754958921766,0.3963720718794968,True,spline+,613.0,1195.097078999506,16
0.5683288534133876,1.0964444143384025,0.5281155609250149,True,uniform,613.0,685.7083337324817,16
0.5083194389914322,1.0267115208465862,0.5183920818551541,True,classical,613.0,599.1293500725911,16
0.4896325616030183,0.9975765880232226,0.5079440264202042,True,active,536.0,584.6246121163877,1
0.4998486000627652,0.9485982023836116,0.4487496023208465,True,active+,536.0,721.367369402446,1
0.5660348389362677,0.9764173850766316,0.4103825461403639,True,spline,536.0,996.0295812819272,1
0.6187477566359758,1.0309307370306424,0.4121829803946666,True,spline+,536.0,1136.0934431657884,1
0.4839145588348604,1.0281734682288624,0.544258909394002,True,uniform,536.0,521.3406872010065,1
0.472701961335979,1.0232144076671257,0.5505124463311464,True,classical,536.0,496.5182089277084,1
0.6035191898218559,0.987822718067386,0.38430352824553,True,active,996.0,1219.632529410396,95
0.6199570250006143,0.985328131821951,0.3653711068213366,True,active+,996.0,1379.3303264052358,95
0.6429630114710311,0.9747307231281916,0.3317677116571605,True,spline,996.0,1710.3998425602638,95
0.6720475431847083,1.0081430346772473,0.336095491492539,True,spline+,996.0,1800.4437261967498,95
0.6650671985775141,1.1269342174883077,0.4618670189107936,True,uniform,996.0,1064.660827582872,95
0.6115370599345409,1.034643275593991,0.42310621565945,True,classical,996.0,1070.8720414912325,95
0.6049825461659389,1.1060730897469797,0.5010905435810405,True,active,689.0,813.3343341245183,2
0.5918779823333894,1.0373882892618898,0.4455103069285003,True,active+,689.0,940.294392338889,2
0.6089551163393846,1.005235929675951,0.3962808133365664,True,spline,689.0,1178.581530220734,2
0.6510814917034801,1.043845378032409,0.392763886328929,True,spline+,689.0,1328.9123296585533,2
0.5781260827290836,1.0647103535078617,0.4865842707787778,True,uniform,689.0,794.0197503472737,2
0.5750661690183435,1.118750410683834,0.5436842416654905,True,classical,689.0,668.5988165676686,2
0.608019292534009,1.037700551512792,0.4296812589787829,True,active,919.0,1036.2215585950282,5
0.5609214172793592,0.918447561442972,0.3575261441636128,True,active+,919.0,1217.760490453618,5
0.7006916610378209,1.0775437728044617,0.3768521117666406,True,spline,919.0,1598.644456842389,5
0.687902817051944,1.044645564515808,0.3567427474638641,True,spline+,919.0,1696.4164710173852,5
0.589129151274238,1.0219735729516903,0.4328444216774523,True,uniform,919.0,975.8416159081974,5
0.6491218809476156,1.1479464482740445,0.4988245673264289,True,classical,919.0,911.0085772003736,5
0.6031767757465903,1.0042762705436297,0.4010994947970393,True,active,996.0,1139.248873284303,81
0.629215531124961,1.0155011816402093,0.3862856505152483,True,active+,996.0,1292.343455099228,81
0.626353526089376,0.948676816159272,0.322323290069896,True,spline,996.0,1717.995633131622,81
0.6670823960194462,0.9994297912410328,0.3323473952215866,True,spline+,996.0,1811.72807647438,81
0.6246624067474932,1.0636739909354138,0.4390115841879206,True,uniform,996.0,1045.1298619024262,81
0.5483228213008062,0.9575714524621994,0.4092486311613932,True,classical,996.0,952.56116157994,81
0.6419391414710695,1.3277371543733727,0.6857980129023032,True,active,459.0,560.6390191465608,21
0.6425348510385273,1.317138933766385,0.6746040827278578,True,active+,459.0,574.6940364759828,21
0.5556396301202089,1.041472237125904,0.4858326070056951,True,spline,459.0,750.1452251013218,21
0.5835223638979871,1.043294456663603,0.459772092765616,True,spline+,459.0,877.0068890729814,21
0.4535687734624047,0.9431263748582894,0.4895576013958847,True,uniform,459.0,552.5268881419388,21
0.3556496810142537,0.8369982813219253,0.4813486003076716,True,classical,459.0,404.219638783773,21
0.69419785501596,1.2434999180135868,0.5493020629976268,True,active,613.0,871.3824515805861,6
0.664623163255223,1.1534196573917883,0.4887964941365653,True,active+,613.0,974.352628243154,6
0.6219452686346856,1.0463183770569615,0.4243731084222759,True,spline,613.0,1094.2842537737076,6
0.6573613129367512,1.072911561805955,0.4155502488692039,True,spline+,613.0,1233.7536702917926,6
0.5527238898530273,1.0664411090075712,0.5137172191545438,True,uniform,613.0,685.5078574161707,6
0.6944211773836699,1.3619309630214242,0.6675097856377543,True,classical,613.0,652.6199899447811,6
0.5520798310309218,1.2169338752667735,0.6648540442358517,True,active,459.0,473.9671473866178,35
0.6274294890074055,1.2991427241582425,0.6717132351508368,True,active+,459.0,558.9599587627456,35
0.4793376533379694,0.8356463614365963,0.3563087080986269,True,spline,459.0,958.520581436606,35
0.442010212653239,0.7471653904344074,0.3051551777811684,False,spline+,459.0,1074.4769754013926,35
0.6075133042156927,1.1998123619382184,0.5922990577225257,True,uniform,459.0,639.3276027152724,35
0.5298938942757712,1.1946648875679222,0.6647709932921511,True,classical,459.0,448.04066449338495,35
0.536820908471371,0.9565709083395352,0.4197499998681641,True,active,842.0,887.2553751275169,15
0.590050097147478,0.997174902181166,0.407124805033688,True,active+,842.0,1075.4389642581784,15
0.5611128142707265,0.883641589563585,0.3225287752928585,True,spline,842.0,1435.7518208820254,15
0.572497884257848,0.8864617879380678,0.3139639036802198,True,spline+,842.0,1548.8916414409096,15
0.707529926071741,1.1946552944166795,0.4871253683449387,True,uniform,842.0,1079.0787562248051,15
0.5858012047508746,1.0608687067205445,0.4750675019696698,True,classical,842.0,839.5886017273464,15
0.7731595552415499,1.22447679463446,0.4513172393929102,True,active,996.0,1400.6582247786228,56
0.7387410245148714,1.1505518001641135,0.411810775649242,True,active+,996.0,1508.4620493778898,56
0.7023902558973311,1.079440570917291,0.3770503150199599,True,spline,996.0,1603.5775345662305,56
0.719485902896986,1.086157087748926,0.3666711848519399,True,spline+,996.0,1745.5440712144068,56
0.6926976456917537,1.124434117929216,0.4317364722374623,True,uniform,996.0,1261.6999926375174,56
0.7599046839460047,1.300004142223403,0.5400994582773982,True,classical,996.0,1027.0794238029016,56
0.6094238334617658,1.0511809203248723,0.4417570868631065,True,active,996.0,996.3182505480517,2
0.6279983181194153,1.038209842693723,0.4102115245743076,True,active+,996.0,1171.639465850599,2
0.6347455113833138,0.9692587667521936,0.3345132553688797,True,spline,996.0,1652.445127051343,2
0.6882777269205981,1.0373824216876515,0.3491046947670534,True,spline+,996.0,1759.1917536952328,2
0.7203216835938153,1.151919912726978,0.4315982291331628,True,uniform,996.0,1343.355599924065,2
0.6409933656198346,1.1165376086483298,0.4755442430284953,True,classical,996.0,961.395350886881,2
0.5312076440365399,0.9730266821430864,0.4418190381065464,True,active,842.0,808.2711892337617,29
0.5636632727937879,0.9903134292563274,0.4266501564625394,True,active+,842.0,932.291529239551,29
0.5889223325239052,0.9251533379150088,0.3362310053911035,True,spline,842.0,1451.4620621778126,29
0.6230241511399663,0.9623677073690382,0.3393435562290718,True,spline+,842.0,1566.1639396682951,29
0.5991724387269401,1.0399056610481932,0.440733222321253,True,uniform,842.0,974.1065448584368,29
0.6926675750944296,1.249149276891412,0.5564817017969825,True,classical,842.0,851.5772540697711,29
0.6692548102370245,1.1604729545026964,0.4912181442656719,True,active,842.0,977.357794169466,28
0.6195013657863306,1.02971124004586,0.4102098742595295,True,active+,842.0,1146.8547336466522,28
0.6434070905995415,1.0010455781602383,0.357638487560697,True,spline,842.0,1515.4786348497123,28
0.6366667652396769,0.9771264770243656,0.3404597117846888,True,spline+,842.0,1613.6205115868745,28
0.6120425529066158,1.0813721829056775,0.4693296299990619,True,uniform,842.0,913.9726071898248,28
0.6112058005994389,1.109471812886561,0.4982660122871222,True,classical,842.0,833.003453792828,28
0.5518469782307658,0.9122345075219348,0.360387529291169,True,active,996.0,1172.0563740766383,3
0.5339988992256617,0.8589082411511656,0.3249093419255039,True,active+,996.0,1310.8747155620345,3
0.6105500217075088,0.9270794614350618,0.316529439727553,True,spline,996.0,1697.2801071655213,3
0.6163044430602541,0.925665684601535,0.3093612415412808,True,spline+,996.0,1789.5204436182769,3
0.5574239297231477,0.9545429283685116,0.3971189986453638,True,uniform,996.0,1023.3524080817792,3
0.6207275632016013,1.073733569172489,0.4530060059708877,True,classical,996.0,985.9844046724362,3
0.611455864287489,1.03493601822658,0.4234801539390909,True,active,996.0,1069.1809624462169,43
0.6342763638363086,1.0287617323522118,0.3944853685159032,True,active+,996.0,1265.9569318078077,43
0.6666094131965037,1.0176926206916024,0.3510832074950987,True,spline,996.0,1654.1527519942797,43
0.6683202375144696,1.0065843075859804,0.3382640700715108,True,spline+,996.0,1765.321832571237,43
0.6911689294782568,1.148487084753242,0.4573181552749852,True,uniform,996.0,1148.22045750008,43
0.7663255994384556,1.298364625774975,0.5320390263365194,True,classical,996.0,1065.1230022879702,43
0.5330955014020513,0.8973490789806027,0.3642535775785513,True,active,996.0,1091.9173328798315,57
0.5474437957835803,0.8906651402281054,0.3432213444445251,True,active+,996.0,1249.9730245140083,57
0.6230110309120039,0.942669007437191,0.319657976525187,True,spline,996.0,1726.3207651075293,57
0.6246502436020122,0.9348201390630576,0.3101698954610454,True,spline+,996.0,1821.7096845293047,57
0.6102660158697303,1.0166745527536345,0.406408536883904,True,uniform,996.0,1136.6376479244393,57
0.5780608677542179,0.9793530433814784,0.4012921756272604,True,classical,996.0,1065.2870730970817,57
0.6135979085684282,1.1995250633073862,0.585927154738958,True,active,613.0,658.9419779611806,7
0.605781122595165,1.173392456379301,0.567611333784136,True,active+,613.0,677.4196494978082,7
0.6357573844635321,1.0624370540579544,0.4266796695944223,True,spline,613.0,1122.9278933795558,7
0.631760901187419,1.0238452529471518,0.3920843517597328,True,spline+,613.0,1270.243532725175,7
0.6015616556620544,1.1666100995554745,0.56504844389342,True,uniform,613.0,674.9818750094809,7
0.6052854822173928,1.1691020664585785,0.5638165842411855,True,classical,613.0,683.2867744241312,7
0.5332157510129863,0.9559365158514416,0.4227207648384551,True,active,842.0,868.8849005811236,14
0.5877977344323196,0.9925292321282212,0.4047314976959015,True,active+,842.0,1078.9118101183403,14
0.6668410571168693,1.0431266269404134,0.3762855698235441,True,spline,842.0,1479.095533812037,14
0.6470815860724646,0.9952842706909726,0.348202684618508,True,spline+,842.0,1597.274670891787,14
0.59882979069077,1.0276436819239356,0.4288138912331656,True,uniform,842.0,1015.2589159043712,14
0.627396626183446,1.124910589795966,0.4975139636125201,True,classical,842.0,868.5440318353884,14
0.6561897501073672,1.2547869128815077,0.5985971627741404,True,active,459.0,704.5724637756033,34
0.6923327281428411,1.2715269938942917,0.5791942657514504,True,active+,459.0,801.243295253035,34
0.6542025085156221,1.2117527963290748,0.5575502878134527,True,spline,459.0,779.3003537608181,34
0.7110387492916547,1.2438630508893762,0.5328243015977215,True,spline+,459.0,946.7308738977332,34
0.6803816788873619,1.382322747403371,0.7019410685160091,True,uniform,459.0,589.2640040041508,34
0.4610674570621482,1.0865434151511617,0.6254759580890132,True,classical,459.0,402.9600848496903,34
0.6888815611759673,1.308650796357661,0.6197692351816937,True,active,459.0,719.1150649898021,20
0.694824876787925,1.2854871053513584,0.5906622285634333,True,active+,459.0,782.2749960589412,20
0.5534869136633322,0.997224590537374,0.4437376768740417,True,spline,459.0,854.2695463981381,20
0.5871245123547073,1.0157324530993812,0.4286079407446739,True,spline+,459.0,985.540310516318,20
0.4965625989260304,1.0714179916111837,0.574855392685153,True,uniform,459.0,500.6725692086963,20
0.4587528614827215,1.0266370901412931,0.5678842286585719,True,classical,459.0,456.3238504306982,20
0.6539405853906288,1.0659688840231456,0.4120282986325168,True,active,996.0,1240.1986516351126,80
0.661206534813334,1.047632740868187,0.3864262060548529,True,active+,996.0,1397.9896179523755,80
0.6293594596752328,0.961123699989034,0.3317642403138013,True,spline,996.0,1651.7186864734065,80
0.6174291513600193,0.9313544171088812,0.3139252657488618,True,spline+,996.0,1752.2481016119475,80
0.6199542166508073,1.0328968941204388,0.4129426774696315,True,uniform,996.0,1136.2830338301942,80
0.5878872757347312,1.017503006578036,0.4296157308433047,True,classical,996.0,983.9481104620692,80
0.4816613291317989,0.9403018872375392,0.4586405581057404,True,active,689.0,661.666185588522,3
0.4896674301458165,0.8790966031317776,0.3894291729859611,True,active+,689.0,864.7235071270685,3
0.5343762086062853,0.8512800572539891,0.3169038486477038,True,spline,689.0,1365.6404392850195,3
0.5263394903974513,0.8237759875089931,0.2974364971115417,True,spline+,689.0,1475.623456065386,3
0.6285452503465828,1.1147216803250424,0.4861764299784595,True,uniform,689.0,901.991433114879,3
0.6321453001360298,1.2180357827992807,0.5858904826632509,True,classical,689.0,688.3289399717072,3
0.5743322064561176,0.9454278319080656,0.3710956254519479,True,active,996.0,1191.8766587343353,94
0.545394529089267,0.8720667808207764,0.3266722517315094,True,active+,996.0,1344.10477026596,94
0.6364789106231684,0.9669246281388092,0.3304457175156406,True,spline,996.0,1693.303081920362,94
0.642288366836931,0.9647004431642257,0.3224120763272945,True,spline+,996.0,1789.4483966726343,94
0.4824474878956451,0.8444781411952882,0.362030653299643,True,uniform,996.0,944.7144568708576,94
0.634607632892126,1.0758321685080356,0.4412245356159097,True,classical,996.0,1062.746392299273,94
0.598367282802175,1.0220811600890796,0.4237138772869045,True,active,919.0,1032.9899258728408,4
0.6267319433938106,1.0275819206821453,0.4008499772883347,True,active+,919.0,1211.1652055600891,4
0.6865459680676201,1.0623624541530243,0.3758164860854042,True,spline,919.0,1553.5194877449894,4
0.670909154832969,1.0211269156004037,0.3502177607674347,True,spline+,919.0,1678.3466068800856,4
0.5745297319795925,0.9813188041605054,0.406789072180913,True,uniform,919.0,1033.1670420111077,4
0.5504098443821265,0.9667259292789936,0.4163160848968671,True,classical,919.0,933.326610490512,4
0.5431990310607402,1.170838874829559,0.6276398437688189,True,active,536.0,502.0147936238385,0
0.5889149685713219,1.156169068080824,0.5672540995095022,True,active+,536.0,650.6762175392649,0
0.6696600026940015,1.1987395281371584,0.529079525443157,True,spline,536.0,873.3962460531204,0
0.6706422999119217,1.1403890037154245,0.4697467038035028,True,spline+,536.0,1050.5864181629518,0
0.8371212890473606,1.5078193451924349,0.6706980561450743,False,uniform,536.0,855.1034107139676,0
0.6656801260339658,1.4458594678172711,0.7801793417833054,True,classical,536.0,492.1612102650852,0
0.3967901213776275,0.8388817183427295,0.442091596965102,True,active,613.0,528.2835166612671,17
0.4588150033379901,0.8880814741396591,0.4292664708016689,True,active+,613.0,678.8959430994311,17
0.5557641439076314,0.9401766739892964,0.384412530081665,True,spline,613.0,1071.3308959151857,17
0.627866497571525,1.0266757206381911,0.3988092230666663,True,spline+,613.0,1224.4565717228302,17
0.4789720249780361,0.9472267872235336,0.4682547622454975,True,uniform,613.0,636.7987216599696,17
0.5201638721689686,1.0655823718061792,0.5454184996372106,True,classical,613.0,575.757594701491,17
0.5682372717150104,1.0167920234053691,0.4485547516903587,True,active,766.0,874.5582828672176,64
0.558813455977929,0.9581667749941136,0.3993533190161847,True,active+,766.0,1018.4254764612112,64
0.5919908796459388,0.951460276261353,0.3594693966154142,True,spline,766.0,1315.0861459170417,64
0.6179001471573774,0.9719485838224716,0.3540484366650943,True,spline+,766.0,1443.0735390834998,64
0.5277288860958875,0.971878661572882,0.4441497754769945,True,uniform,766.0,794.0660599543767,64
0.5169959378809922,0.9826678951818204,0.4656719573008282,True,classical,766.0,717.8758729917287,64
0.6587319724607253,1.2626065510699365,0.6038745786092111,True,active,536.0,699.5010026225602,15
0.6308069033106043,1.1445527467103032,0.5137458433996989,True,active+,536.0,834.2236371198542,15
0.5542675339133475,0.9512451904113324,0.396977656497985,True,spline,536.0,1014.9657126598258,15
0.5751529614615897,0.956824475208542,0.3816715137469522,True,spline+,536.0,1142.9592891255031,15
0.5442742932412559,1.0965805941876352,0.5523063009463793,True,uniform,536.0,603.4262661331736,15
0.5728429581359661,1.159866422401769,0.5870234642658029,True,classical,536.0,594.9880857932111,15
0.633980482590251,1.1482928959957548,0.5143124134055038,True,active,689.0,839.1628902589711,21
0.5866630249612138,1.0117376517086,0.425074626747386,True,active+,689.0,996.9821227442176,21
0.5424549827519446,0.8689896007650141,0.3265346180130695,True,spline,689.0,1333.4610082071554,21
0.5280175232923972,0.8324549568112405,0.3044374335188433,True,spline+,689.0,1428.6955368778745,21
0.4670548018618547,0.8959321491051978,0.4288773472433431,True,uniform,689.0,697.7812484990857,21
0.5193064281896443,0.9930610799161737,0.4737546517265293,True,classical,689.0,704.5137841032234,21
0.567530495935527,1.0308240498699353,0.4632935539344083,True,active,689.0,831.2911609548439,35
0.5116294386217858,0.8901232277923157,0.3784937891705299,True,active+,689.0,965.5990921645424,35
0.5668435714420946,0.9066970486452934,0.3398534772031988,True,spline,689.0,1341.9970536683954,35
0.5469584977107894,0.8568092488800861,0.3098507511692967,True,spline+,689.0,1469.7761305978984,35
0.7094168567642095,1.2840200791498575,0.5746032223856482,True,uniform,689.0,841.1603133793411,35
0.5580094585463118,1.100822475219738,0.5428130166734262,True,classical,689.0,641.4171477916215,35
0.6140855752700314,1.1261675031190783,0.5120819278490472,True,active,766.0,805.1215033289888,70
0.6216281304278095,1.0746955673361116,0.4530674369083021,True,active+,766.0,987.9818307217834,70
0.5919582709091062,0.9503968939270958,0.3584386230179895,True,spline,766.0,1320.999133607792,70
0.6135371738765775,0.9619082807081888,0.3483711068316112,True,spline+,766.0,1464.3171711285447,70
0.7024380517083383,1.2188025627755583,0.51636451106722,True,uniform,766.0,975.0574600791416,70
0.5731471854484481,1.0350502184644694,0.4619030330160213,True,classical,766.0,847.5627266818817,70
0.6025006173479673,1.0795926108692706,0.4770919935213032,True,active,766.0,870.4200871791089,58
0.5375751939295089,0.9181027888772598,0.3805275949477509,True,active+,766.0,1033.5717769777034,58
0.6102522189306626,0.9558739159234202,0.3456216969927576,True,spline,766.0,1470.3573132204067,58
0.6263141414019597,0.9646984679711263,0.3383843265691667,True,spline+,766.0,1586.8825418968167,58
0.7269101542474914,1.2619650788365375,0.5350549245890461,True,uniform,766.0,973.0944470857738,58
0.6626900197084262,1.207928689740008,0.5452386700315819,True,classical,766.0,821.5285173250066,58
0.6002573172198642,1.1744328056542412,0.574175488434377,True,active,536.0,657.2916262492355,29
0.6072672504070523,1.1097435555701485,0.5024763051630962,True,active+,536.0,814.5661554727357,29
0.5948357902462413,1.0897075773597136,0.4948717871134722,True,spline,536.0,807.9487544033492,29
0.6058263313344242,1.0610058527143649,0.4551795213799404,True,spline+,536.0,942.9198105357644,29
0.4245130009077287,0.9882737032317512,0.5637607023240226,True,uniform,536.0,414.67510873681545,29
0.3849206563002689,0.8622400248788792,0.4773193685786103,True,classical,536.0,455.2332634973048,29
0.6897160332315123,1.1733739691761649,0.4836579359446523,True,active,919.0,1048.7293302317282,58
0.6988491374727668,1.151212824393795,0.4523636869210281,True,active+,919.0,1188.5033951286773,58
0.6448114992392692,0.996806847725694,0.3519953484864248,True,spline,919.0,1560.5050640655882,58
0.6314461583932939,0.9628402892375404,0.3313941308442465,True,spline+,919.0,1663.6869045883293,58
0.6658461717764601,1.1295909387453549,0.4637447669688945,True,uniform,919.0,1059.8958423040738,58
0.6175849332777557,1.0715959262005827,0.4540109929228271,True,classical,919.0,974.9838638517728,58
0.5874883459737605,1.0024662722942168,0.4149779263204562,True,active,1072.0,1036.9733875292538,51
0.6047774188366846,0.9741265832030388,0.3693491643663541,True,active+,1072.0,1303.1177253321764,51
0.6775521911517033,1.02280089123102,0.3452487000793167,True,spline,1072.0,1745.9736853216075,51
0.6622585450992231,0.9899913755276386,0.3277328304284155,True,spline+,1072.0,1831.892374864343,51
0.7165069086412822,1.1709092007750688,0.4544022921337866,True,uniform,1072.0,1227.4795857048198,51
0.6501679215536682,1.088643633495918,0.4384757119422497,True,classical,1072.0,1114.432498062843,51
0.5582238339707508,0.9421646072755132,0.3839407733047623,True,active,1072.0,1080.7825333450226,45
0.5921620866378686,0.9629193356487186,0.3707572490108499,True,active+,1072.0,1252.645573727442,45
0.6999671317694405,1.0612009458905225,0.3612338141210818,True,spline,1072.0,1709.9963932014243,45
0.7402651647867231,1.1067155199279235,0.3664503551412004,True,spline+,1072.0,1830.9516973887853,45
0.6772903485478596,1.1088348796944314,0.4315445311465717,True,uniform,1072.0,1218.4471419996796,45
0.6690194384950183,1.1468745634437194,0.4778551249487011,True,classical,1072.0,1019.2703007537272,45
0.6704864654729074,1.1102304678938717,0.4397440024209643,True,active,919.0,1164.19999505677,64
0.6857654962971902,1.1042574426688028,0.4184919463716126,True,active+,919.0,1304.6943668327217,64
0.5703055138584925,0.867883093923446,0.2975775800649535,True,spline,919.0,1679.494474318826,64
0.6259252265099241,0.9428540872409594,0.3169288607310353,True,spline+,919.0,1764.2010441085204,64
0.7101549595853313,1.1650648621877535,0.4549099026024222,True,uniform,919.0,1208.2110967226154,64
0.5725321085015893,1.0241432244810318,0.4516111159794425,True,classical,919.0,875.538973531531,64
0.6330540095465986,1.0413193459087615,0.4082653363621631,True,active,1072.0,1195.430943276671,79
0.6676564989323113,1.0720649571933587,0.4044084582610474,True,active+,1072.0,1320.3042048861323,79
0.7047576775382307,1.0678464270660026,0.3630887495277719,True,spline,1072.0,1714.7562569509191,79
0.7424804564653632,1.1101604072718372,0.367679950806474,True,spline+,1072.0,1829.8614552362649,79
0.6915055193895157,1.1302116488846443,0.4387061294951286,True,uniform,1072.0,1226.7744640695007,79
0.6514082740497026,1.1101982283977103,0.4587899543480077,True,classical,1072.0,1041.6654240206774,79
0.8123699771217537,1.293942882767978,0.4815729056462242,False,active,919.0,1366.5066435532017,70
0.7893977278092242,1.2386374744755897,0.4492397466663654,True,active+,919.0,1458.999655928477,70
0.6127539172687926,0.9351713318874728,0.3224174146186803,True,spline,919.0,1656.6780277747907,70
0.6347606611303308,0.9576993371534674,0.3229386760231366,True,spline+,919.0,1750.4565760671426,70
0.5321735233520127,0.9363793470304966,0.4042058236784839,True,uniform,919.0,927.3923524449712,70
0.7015274138696342,1.2048560929501415,0.5033286790805075,True,classical,919.0,1012.2237382289968,70
0.6950213434352909,1.1028122339190474,0.4077908904837565,True,active,1072.0,1389.1972341111643,92
0.6614226517950321,1.030551977420782,0.3691293256257499,True,active+,1072.0,1505.6925395926864,92
0.6318146978440011,0.9519908969846996,0.3201761991406984,True,spline,1072.0,1761.8031638080356,92
0.6656506668306471,0.9917727849140564,0.3261221180834094,True,spline+,1072.0,1862.443964394406,92
0.540869618994789,0.9235444441023668,0.3826748251075779,True,uniform,1072.0,1034.3447599269066,92
0.6247031202572901,1.055766878362298,0.4310637581050078,True,classical,1072.0,1075.3266077669932,92
0.7009646149115809,1.123784993387562,0.422820378475981,True,active,1072.0,1329.089830346775,86
0.7097188137218164,1.1132405089971236,0.4035216952753071,True,active+,1072.0,1461.174532506333,86
0.6390607876384542,0.959697792430754,0.3206370047922998,True,spline,1072.0,1790.8692834782894,86
0.6488624426813101,0.96493072184591,0.3160682791645998,True,spline+,1072.0,1880.2592700370317,86
0.6916536683512963,1.1307556031587378,0.4391019348074415,True,uniform,1072.0,1225.4423672004434,86
0.6304394108827408,1.0730161851249562,0.4425767742422154,True,classical,1072.0,1046.9429632421347,86
0.6701451659187317,1.0698046879574532,0.3996595220387214,True,active,1149.0,1353.4288331307966,12
0.6755238624030869,1.056672942085593,0.381149079682506,True,active+,1149.0,1479.320994443526,12
0.6968046097091894,1.0449895292440514,0.3481849195348619,True,spline,1149.0,1802.9249314101291,12
0.6765755175374468,1.0047950607705411,0.3282195432330943,True,spline+,1149.0,1893.029323122331,12
0.6155825079203994,1.013809085896667,0.3982265779762677,True,uniform,1149.0,1189.625703630002,12
0.5789576247909661,0.9653057111867078,0.3863480863957417,True,classical,1149.0,1133.0022809861025,12
0.6232484282233905,1.0478903326124955,0.424641904389105,True,active,919.0,1096.7786697839508,96
0.569159983824103,0.9289526143530256,0.3597926305289226,True,active+,919.0,1233.7604085016542,96
0.626735011287763,0.9721652516365356,0.3454302403487727,True,spline,919.0,1536.4058703741896,96
0.6547071624304318,1.0004787934200383,0.3457716309896065,True,spline+,919.0,1646.6950288290775,96
0.5675202764236563,0.9766622533047552,0.4091419768810987,True,uniform,919.0,1004.7457208242132,96
0.6745820589531634,1.1939619436679965,0.5193798847148331,True,classical,919.0,908.3628292516842,96
0.7197267439794393,1.128943290268339,0.4092165462888997,True,active,1149.0,1461.1475853972856,37
0.6988682311724167,1.0816862051560814,0.3828179739836647,True,active+,1149.0,1551.8346361506858,37
0.6292747662242031,0.9350332247092028,0.3057584584849998,True,spline,1149.0,1888.0682119398168,37
0.6749927854659085,0.9959927324229771,0.3209999469570688,True,spline+,1149.0,1956.3878719180457,37
0.5784454211236757,0.9542127894842316,0.375767368360556,True,uniform,1149.0,1181.835415315874,37
0.6322774076686073,1.0376987177792232,0.4054213101106159,True,classical,1149.0,1206.3403928414546,37
0.7627876783146067,1.1931736187577409,0.4303859404431341,True,active,1149.0,1479.319753660847,23
0.6801594766349514,1.048111027898832,0.3679515512638808,True,active+,1149.0,1583.5521836484008,23
0.6224974160252967,0.9266148351304814,0.3041174191051846,True,spline,1149.0,1871.1673090367603,23
0.6298727389018912,0.930815564761768,0.3009428258598766,True,spline+,1149.0,1941.334660894012,23
0.627993023154812,1.0181447347706754,0.3901517116158634,True,uniform,1149.0,1268.1485656905595,23
0.7999412415903042,1.308579739498021,0.5086384979077168,False,classical,1149.0,1222.4395097665804,23
0.6761453179919104,1.149761119531108,0.4736158015391976,True,active,919.0,1050.5363434275062,82
0.6900129378506185,1.128162507677236,0.4381495698266174,True,active+,919.0,1225.047930831041,82
0.6536187638753513,1.011349126383151,0.3577303625078,True,spline,919.0,1553.9538392626746,82
0.6601213066541314,1.0040779764121468,0.3439566697580154,True,spline+,919.0,1683.368803940353,82
0.7882679963680727,1.2925243789934304,0.5042563826253578,True,uniform,919.0,1210.8243275853422,82
0.6443863403235752,1.121218132153854,0.4768317918302787,True,classical,919.0,965.2043080317638,82
0.6981821895218611,1.144551617672274,0.446369428150413,True,active,919.0,1211.9327230832596,69
0.7038373470711353,1.1291175035673298,0.4252801564961944,True,active+,919.0,1325.4702324030584,69
0.7517885599687659,1.1888948571871367,0.4371062972183708,True,spline,919.0,1409.590797568188,69
0.7259804115842161,1.1226315511773637,0.3966511395931476,True,spline+,919.0,1558.2950348840857,69
0.5578204926224646,0.9759214825391728,0.4181009899167083,True,uniform,919.0,946.4104275052104,69
0.393615640687012,0.7262573555635552,0.3326417148765431,False,classical,919.0,789.1959510540212,69
0.6731390672695055,1.068010861454955,0.3948717941854496,True,active,1072.0,1389.648543736923,60
0.6819880543009257,1.0629486675228417,0.3809606132219157,True,active+,1072.0,1503.432727832477,60
0.5735819488652426,0.8548463577340253,0.2812644088687827,True,spline,1072.0,1859.71995736559,60
0.5724683629516603,0.8475592976007289,0.2750909346490686,True,spline+,1072.0,1922.9745826704252,60
0.6688297257494281,1.0814239126646583,0.4125941869152304,True,uniform,1072.0,1282.4611291478536,60
0.6608209894006041,1.115761191024614,0.45494020162401,True,classical,1072.0,1079.1771925426915,60
0.6431507089077392,1.0143066044740303,0.3711558955662913,True,active,1072.0,1426.6153460716916,74
0.6387663263436291,0.9958692212271067,0.3571028948834777,True,active+,1072.0,1501.4880438385037,74
0.6670982980884458,1.0044122427113875,0.3373139446229417,True,spline,1072.0,1768.171347374387,74
0.6587562559974486,0.9824870724350698,0.3237308164376212,True,spline+,1072.0,1853.0947684447256,74
0.5514491904488141,0.918598450304442,0.3671492598556279,True,uniform,1072.0,1137.07427618244,74
0.6383907801214141,1.09216734283885,0.4537765627174359,True,classical,1072.0,1026.9299877989724,74
0.578712122602985,0.9639770512997632,0.3852649286967783,True,active,919.0,1137.239398049176,55
0.607615993929027,0.9962744788588352,0.3886584849298082,True,active+,919.0,1210.9939383491487,55
0.739323874961656,1.158765898332124,0.4194420233704681,True,spline,919.0,1466.29577159786,55
0.7471067457847779,1.144288568790414,0.3971818230056362,True,spline+,919.0,1629.0953109872746,55
0.4988142960476329,0.8752474703465439,0.376433174298911,True,uniform,919.0,936.579771489644,55
0.6878128174936345,1.1817099345570894,0.4938971170634548,True,classical,919.0,1010.9313943079828,55
0.68885344801657,1.0947663242962655,0.4059128762796955,True,active,1072.0,1379.669069025391,48
0.7031856798890023,1.0974994544867511,0.3943137745977488,True,active+,1072.0,1494.1346592712207,48
0.6331117222960547,0.954488827160989,0.3213771048649343,True,spline,1072.0,1756.916657600172,48
0.6268759870281195,0.9368007984835108,0.3099248114553914,True,spline+,1072.0,1834.79620105836,48
0.7261207845190492,1.2021585344157373,0.4760377498966881,True,uniform,1072.0,1164.9471726842228,48
0.7149729345591916,1.1831972334519434,0.4682242988927517,True,classical,1072.0,1166.9218117506384,48
0.8254842067162246,1.3530251500835393,0.5275409433673147,False,active,919.0,1212.7180419447088,41
0.8071915209749021,1.2887760938497916,0.4815845728748895,False,active+,919.0,1352.5594683123527,41
0.6213374003957085,0.9529484108255852,0.3316110104298767,True,spline,919.0,1618.7798844324006,41
0.6262624993075558,0.9478124102225988,0.3215499109150428,True,spline+,919.0,1724.3550301367911,41
0.5580366633878145,0.9599192880967148,0.4018826247089001,True,uniform,919.0,1006.3759654832234,41
0.5658408570750244,0.9967549594667838,0.4309141023917594,True,classical,919.0,923.6582506525662,41
0.5288700139929199,0.9345666051135634,0.4056965911206435,True,active,766.0,913.4718995840524,55
0.4850339896601117,0.8289930633954953,0.3439590737353836,True,active+,766.0,1030.6731831942914,55
0.5482598056239901,0.8734819152525501,0.32522210962856,True,spline,766.0,1365.0711336233514,55
0.6147403059823452,0.9625604039076,0.3478200979252548,True,spline+,766.0,1472.697992837269,55
0.4478083004472422,0.8838872888461298,0.4360789883988875,True,uniform,766.0,640.4226395087461,55
0.5625043953711658,1.0177641220685991,0.4552597266974335,True,classical,766.0,842.1345924789825,55
0.4547558093797951,0.974148874519341,0.5193930651395459,True,active,536.0,510.21466103709554,24
0.5344905185683052,1.061007503668726,0.5265169851004209,True,active+,536.0,629.8266159867517,24
0.5203763734632235,0.9129840641225424,0.3926076906593189,True,spline,536.0,936.9353811582854,24
0.4962213284525485,0.8323798650117096,0.336158536559161,True,spline+,536.0,1106.6482988602447,24
0.4600780907045529,0.9502521472994384,0.4901740565948854,True,uniform,536.0,562.8158014604139,24
0.5197304699492663,1.0976563181278884,0.5779258481786221,True,classical,536.0,529.754336209368,24
0.540111606109193,0.9744771715846386,0.4343655654754457,True,active,689.0,850.257463249642,10
0.5165060957258186,0.898266832158138,0.3817607364323193,True,active+,689.0,966.9229799818723,10
0.6387761806168816,1.0688352041395188,0.4300590235226372,True,spline,689.0,1117.4070966542783,10
0.6368194680435804,1.0288887127542032,0.3920692447106229,True,spline+,689.0,1286.5062325287954,10
0.4863921759283936,0.9652611163360094,0.4788689404076158,True,uniform,689.0,630.3354674850061,10
0.5851363331934103,1.1195448623880344,0.5344085291946241,True,classical,689.0,703.3533123587222,10
0.6590831725718482,1.3094678665762636,0.6503846940044153,True,active,536.0,628.2383537565519,30
0.6505473678644279,1.2102065154382478,0.5596591475738198,True,active+,536.0,768.4761401519199,30
0.6044803864147432,1.077666814179352,0.4731864277646087,True,spline,536.0,885.7398272848005,30
0.6298210180598679,1.068548474636755,0.4387274565768871,True,spline+,536.0,1059.6208293048155,30
0.6314384619291373,1.2254283369754966,0.5939898750463593,True,uniform,536.0,673.5232613945356,30
0.4289576267365573,0.9354158579438956,0.5064582312073382,True,classical,536.0,487.145198721895,30
0.7155629938077787,1.1924427170601466,0.4768797232523679,True,active,766.0,1135.3374821943264,41
0.7151708358110413,1.1625499584164607,0.4473791226054193,True,active+,766.0,1254.3972666419334,41
0.6645158429673161,1.090517972026572,0.4260021290592557,True,spline,766.0,1206.7456112071948,41
0.741119480041514,1.1820970388388343,0.4409775587973203,True,spline+,766.0,1358.382194062685,41
0.7087388602015301,1.2082924124215264,0.4995535522199963,True,uniform,766.0,1040.420009680246,41
0.5406729783744998,1.0506509378251754,0.5099779594506756,True,classical,766.0,670.8791422705251,41
0.5870809651426079,1.0297864225669098,0.4427054574243019,True,active,766.0,937.6762100359996,69
0.6091487027459612,1.035356150294459,0.4262074475484978,True,active+,766.0,1052.3715576981708,69
0.6096442007246948,0.9823137435228756,0.3726695427981807,True,spline,766.0,1301.1818193904794,69
0.6136854718081456,0.9651832873538848,0.3514978155457392,True,spline+,766.0,1443.9694936349783,69
0.5947343787742212,1.0564272713371996,0.4616928925629784,True,uniform,766.0,897.0337636018094,69
0.571416334942162,1.0688266733719818,0.4974103384298197,True,classical,766.0,755.1176440379708,69
0.5623376941800005,1.1250313784387669,0.5626936842587662,True,active,536.0,615.7316880337207,18
0.5781031018228774,1.1316817007438866,0.5535785989210092,True,active+,536.0,656.2633105491972,18
0.6315508168029574,1.137843602316567,0.5062927855136096,True,spline,536.0,854.3454028938213,18
0.6247172108975659,1.075781842889826,0.4510646319922601,True,spline+,536.0,1002.3828031136816,18
0.3752818786496363,0.8426982419216148,0.4674163632719785,True,uniform,536.0,452.49668717728514,18
0.5505587796857323,1.149283159639158,0.5987243799534256,True,classical,536.0,546.6766692002194,18
0.6247096245737832,1.166219232222589,0.5415096076488058,True,active,689.0,759.8748818733825,38
0.6701205299409599,1.1768318867837737,0.5067113568428135,True,active+,689.0,933.751571585826,38
0.5626379879207378,0.8967512867663653,0.3341132988456274,True,spline,689.0,1362.7060795490604,38
0.617567862516693,0.9685020452726076,0.3509341827559147,True,spline+,689.0,1462.4733036578157,38
0.583563826897092,1.0218863432345695,0.4383225163374777,True,uniform,689.0,943.349265299739,38
0.579338778021901,1.1140300708822912,0.5346912928603902,True,classical,689.0,692.5960421123581,38
0.4792489446931007,0.9230991430969286,0.4438501984038279,True,active,766.0,689.083276485276,96
0.5329787839149123,0.9433770771224717,0.4103982932075594,True,active+,766.0,908.218508645868,96
0.6050219251849707,0.9714006063452438,0.3663786811602731,True,spline,766.0,1320.8277185578836,96
0.6189845468040159,0.9730199756767184,0.3540354288727024,True,spline+,766.0,1447.235038056934,96
0.5682571288278544,1.0046703508853083,0.4364132220574541,True,uniform,766.0,911.8678645245952,96
0.5379287994249474,1.0232105743423112,0.4852817749173638,True,classical,766.0,716.2284769695931,96
0.8840165039357094,1.4300586667592623,0.5460421628235529,False,active,766.0,1279.8461419741147,82
0.8072760895661074,1.2965864051857057,0.4893103156195982,False,active+,766.0,1318.8756634677534,82
0.6777339993174045,1.0967469014728275,0.419012902155423,True,spline,766.0,1277.9653115809872,82
0.7018762589600186,1.104883123156063,0.4030068641960443,True,spline+,766.0,1438.2326737016033,82
0.6632489749030704,1.126754337799867,0.4635053628967965,True,uniform,766.0,1054.3275975710446,82
0.6846847812617471,1.2709352614614,0.5862504801996529,True,classical,766.0,773.908485900417,82
0.5605321457917555,0.9697024671482956,0.4091703213565401,True,active,842.0,985.6325528543872,1
0.5945158357376686,0.9920689825282712,0.3975531467906025,True,active+,842.0,1129.3333763816552,1
0.715247608658383,1.1301372692975884,0.4148896606392054,True,spline,842.0,1414.8879421862694,1
0.7706272549607954,1.1891187610984142,0.4184915061376187,True,spline+,842.0,1573.743534501354,1
0.752461854631967,1.2754407865363544,0.5229789319043874,True,uniform,842.0,1063.3346849963737,1
0.6749762304508683,1.2181669782485145,0.543190747797646,True,classical,842.0,849.3943326865485,1
0.423956468929423,0.8590526613736476,0.4350961924442245,True,active,613.0,593.723412140285,32
0.5137229015189128,0.9880028370781136,0.4742799355592008,True,active+,613.0,692.2793215044135,32
0.6241984923420862,1.060180922363372,0.4359824300212858,True,spline,613.0,1055.202026600142,32
0.6411499399311902,1.0523007773337285,0.4111508374025381,True,spline+,613.0,1206.1534986982954,32
0.6277934667237696,1.1835498439763454,0.5557563772525759,True,uniform,613.0,736.5038892151633,32
0.4677478853493413,0.9202615582070948,0.4525136728577533,True,classical,613.0,646.5617344946025,32
0.6687333890641516,1.241477445583722,0.5727440565195703,True,active,613.0,773.602784422241,26
0.6786114840321249,1.184622304518283,0.5060108204861582,True,active+,613.0,953.9487690178472,26
0.6191229282676813,1.046092947240756,0.4269700189730745,True,spline,613.0,1076.2801169926088,26
0.5940440027641853,0.971854325931092,0.3778103231669065,True,spline+,613.0,1221.9769303558353,26
0.6547143753761533,1.198808400257491,0.5440940248813377,True,uniform,613.0,809.2716642004882,26
0.5300578692910787,1.0782767542266296,0.5482188849355509,True,classical,613.0,587.163713727801,26
0.5498308977965906,0.9408320307762186,0.391001132979628,True,active,996.0,1026.2224940426304,99
0.5803339090928781,0.9601210395240696,0.3797871304311916,True,active+,996.0,1168.1977463712133,99
0.7164330061703376,1.097487819635274,0.3810548134649364,True,spline,996.0,1627.8427255194697,99
0.6980655939794024,1.051696807874235,0.3536312138948326,True,spline+,996.0,1762.7683284535042,99
0.7353465870727058,1.1893673595278942,0.4540207724551883,True,uniform,996.0,1280.6987628477798,99
0.5997801116692532,1.05087138778729,0.4510912761180368,True,classical,996.0,941.465693590658,99
0.6644578497955753,1.114412793025629,0.4499549432300536,True,active,919.0,1107.3135020471923,9
0.6490948155343261,1.052269731096142,0.4031749155618158,True,active+,919.0,1268.580909381866,9
0.6032312334765132,0.9164281964093932,0.3131969629328799,True,spline,919.0,1693.1908443997966,9
0.6681045659550365,1.0054126240567407,0.3373080581017041,True,spline+,919.0,1772.6024371652395,9
0.5058847507685633,0.8885840880962178,0.3826993373276545,True,uniform,919.0,933.0994850170348,9
0.5421057915552131,0.9763069799697198,0.4342011884145067,True,classical,919.0,855.4955416628834,9
0.5436845962179004,0.9602763436567248,0.4165917474388242,True,active,842.0,915.0411600473396,19
0.5292470451504132,0.8896584779930969,0.3604114328426837,True,active+,842.0,1097.651755581736,19
0.6141801402169513,0.9503322805932242,0.3361521403762728,True,spline,842.0,1553.902693034696,19
0.6573680980289449,1.0027713670109013,0.3454032689819564,True,spline+,842.0,1660.5065960833033,19
0.7860107360185682,1.2968263815951788,0.5108156455766106,True,uniform,842.0,1181.069075858497,19
0.7249845913156305,1.3045012510849667,0.5795166597693362,True,classical,842.0,858.0904840457966,19
0.6119090065172047,1.1809843744942703,0.5690753679770658,True,active,459.0,684.890254604109,39
0.6133640231754777,1.1641191241379565,0.5507551009624786,True,active+,459.0,721.184328223384,39
0.5411342515621672,1.0029598231066523,0.4618255715444851,True,spline,459.0,777.6919347221097,39
0.4872219347891524,0.8574603748573855,0.370238440068233,True,spline+,459.0,926.7225632855505,39
0.5079613311442503,1.0966829807329566,0.5887216495887062,True,uniform,459.0,499.8774372991692,39
0.4535645271503327,1.0082197442676892,0.5546552171173564,True,classical,459.0,464.043385222452,39
0.5571734408449855,0.949243001667429,0.3920695608224435,True,active,996.0,1043.1088677301768,66
0.5779475159824812,0.945372020190412,0.3674245042079307,True,active+,996.0,1222.757115932771,66
0.5873852398231796,0.8933661356266894,0.3059808958035098,True,spline,996.0,1684.0572450402774,66
0.6289814109629696,0.9459267035457442,0.3169452925827746,True,spline+,996.0,1778.2125274358134,66
0.6596454622056873,1.0935016841726346,0.4338562219669473,True,uniform,996.0,1159.0531800892652,66
0.6678032513673825,1.147198398835554,0.4793951474681713,True,classical,996.0,1011.3669685478086,66
0.6623313343070054,1.0902522752922663,0.4279209409852611,True,active,842.0,1192.025473745178,25
0.6703826240522516,1.0784702538605782,0.4080876298083266,True,active+,842.0,1309.8716665565123,25
0.5832002877862388,0.9144257709350256,0.3312254831487868,True,spline,842.0,1463.7483000749266,25
0.6103968099096573,0.9420768568441006,0.3316800469344433,True,spline+,842.0,1572.1872710965088,25
0.7337545824827493,1.2432823706889014,0.5095277882061521,True,uniform,842.0,1064.7918155160369,25
0.765983505209338,1.3824204055094986,0.6164369003001606,True,classical,842.0,849.3785999086591,25
0.5719823521179892,0.9919967628677572,0.420014410749768,True,active,842.0,976.6704223709596,31
0.6075644846537772,1.0138314421682395,0.4062669575144625,True,active+,842.0,1129.3848477675028,31
0.7107314674600279,1.1184136709148813,0.4076822034548534,True,spline,842.0,1440.5544584376255,31
0.6824910903400034,1.060328430088726,0.3778373397487224,True,spline+,842.0,1525.3885255250411,31
0.6533084192955863,1.1256785862314505,0.4723701669358642,True,uniform,842.0,1000.2170404635048,31
0.8228950242791632,1.4779301221031202,0.6550350978239571,False,classical,842.0,863.5400661346652,31
0.6296727544309574,1.2288512620560943,0.5991785076251371,True,active,459.0,662.3094055866385,11
0.6069389737861226,1.1206076935645894,0.5136687197784668,True,active+,459.0,787.4758456130835,11
0.5676165036703268,1.0934524277236706,0.5258359240533438,True,spline,459.0,688.8040542956558,11
0.5759202083371197,1.036069543149898,0.4601493348127782,True,spline+,459.0,858.6904103917382,11
0.4240195802810201,0.9574313937899376,0.5334118135089174,True,uniform,459.0,446.3587002268447,11
0.4198352367660394,0.9668660702904543,0.5470308335244151,True,classical,459.0,425.5014041955373,11
0.5214103974041173,1.0825098753158549,0.5610994779117375,True,active,459.0,554.8790263640362,10
0.3094553695786564,0.6410964439960624,0.331641074417406,False,active+,459.0,558.1353859972317,10
0.4553828668376996,0.8255467490107019,0.3701638821730023,True,spline,459.0,836.6430915168313,10
0.5247481802639645,0.9106150794831084,0.3858668992191438,True,spline+,459.0,974.5804044590494,10
0.7254771826981776,1.3836242069174882,0.6581470242193106,True,uniform,459.0,710.344278801152,10
0.5371476259382515,1.255924893879395,0.7187772679411435,True,classical,459.0,410.4505559797809,10
0.6596663141494362,1.100967032016738,0.4413007178673017,True,active,842.0,1128.606874810332,30
0.6879358721537301,1.124951065663587,0.4370151935098569,True,active+,842.0,1224.2307802454548,30
0.5166416826986454,0.807215217093652,0.2905735343950065,True,spline,842.0,1486.96398513145,30
0.5113306702242205,0.7890118091265076,0.2776811389022871,False,spline+,842.0,1573.730269884868,30
0.6466110123514393,1.0954786753672052,0.4488676630157659,True,uniform,842.0,1065.332442347927,30
0.4958931087162352,0.8998827127181189,0.4039896040018836,True,classical,842.0,833.8467848859399,30
0.6715111702748662,1.1317286993611886,0.4602175290863224,True,active,842.0,1086.791689572283,24
0.679138811763273,1.10602651709948,0.4268877053362071,True,active+,842.0,1244.878500192318,24
0.7032223495832005,1.1046341332867131,0.4014117837035128,True,spline,842.0,1451.9046948131431,24
0.706166790020217,1.0877632375096986,0.3815964474894816,True,spline+,842.0,1586.413744547374,24
0.6000030985143214,1.040789367919842,0.4407862694055207,True,uniform,842.0,976.0031576367307,24
0.7142867056802712,1.2942181684608347,0.5799314627805635,True,classical,842.0,838.1350514324337,24
0.6924664957470735,1.149176622174528,0.4567101264274543,True,active,996.0,1154.0097775238464,67
0.6976634224850866,1.121062819323709,0.4233993968386225,True,active+,996.0,1316.2566696560116,67
0.6206441562178671,0.9403295898770556,0.3196854336591885,True,spline,996.0,1715.355992646347,67
0.6317227587632235,0.9465489611718554,0.3148262024086319,True,spline+,996.0,1810.8255252176184,67
0.7218892722068753,1.1859458429833347,0.4640565707764594,True,uniform,996.0,1201.5258364938354,67
0.5410233811023083,0.9518769500136656,0.4108535689113574,True,classical,996.0,927.647770381182,67
0.5567508040996275,1.1390996091367536,0.582348805037126,True,active,459.0,577.7816175546009,38
0.6280044056603239,1.1954393090604358,0.5674349034001119,True,active+,459.0,714.566137352037,38
0.4311138060274904,0.8073737211892654,0.376259915161775,True,spline,459.0,752.193781573336,38
0.4592999690989567,0.8044643110584034,0.3451643419594467,True,spline+,459.0,942.6042659058504,38
0.7845861209034902,1.4316908022070842,0.647104681303594,True,uniform,459.0,818.5261352590227,38
0.5322959782932762,1.2605998616014995,0.7283038833082235,True,classical,459.0,398.3639398752771,38
0.7763057228582377,1.2708157217226064,0.4945099988643686,True,active,842.0,1218.9276304273058,18
0.7692597434023857,1.2367976857246634,0.4675379423222777,True,active+,842.0,1313.1735967088105,18
0.675590857752752,1.064678810179254,0.3890879524265022,True,spline,842.0,1431.2651604520802,18
0.681482583266733,1.0512832994975438,0.3698007162308108,True,spline+,842.0,1575.6811574177386,18
0.6118168567408176,1.0463105955388752,0.4344937387980575,True,uniform,842.0,1028.370557390416,18
0.477187856258273,0.8726804860364726,0.3954926297781996,True,classical,842.0,812.5595418392197,18
0.5786198986324981,0.9534489404836052,0.3748290418511071,True,active,996.0,1187.0584778534717,73
0.5181214687726351,0.8304984273988847,0.3123769586262496,True,active+,996.0,1330.1266323875311,73
0.6469434633696663,0.9811874509511556,0.3342439875814892,True,spline,996.0,1706.865423379783,73
0.6474732844366489,0.9705977118377902,0.3231244274011413,True,spline+,996.0,1806.690599770409,73
0.8261964226463752,1.3220011184793103,0.4958046958329352,False,uniform,996.0,1340.0317846838304,73
0.5958552672213672,1.0417418024300076,0.4458865352086404,True,classical,996.0,948.7609829706436,73
0.5460205865959874,0.9265071437482106,0.3804865571522232,True,active,996.0,1059.0425001439903,98
0.568547993426105,0.9229662649624116,0.3544182715363065,True,active+,996.0,1261.359514127785,98
0.5860437692545905,0.8840102937414195,0.297966524486829,True,spline,996.0,1752.259467084268,98
0.6051011095301199,0.9045602923019208,0.2994591827718008,True,spline+,996.0,1831.772151303536,98
0.606334277672447,1.0537603392769546,0.4474260616045076,True,uniform,996.0,969.3429867112764,98
0.4886475198147829,0.8405183222786928,0.3518708024639099,True,classical,996.0,1006.5511318581906,98
0.7569147660973835,1.2450402514577628,0.4881254853603792,True,active,919.0,1195.5057068154488,8
0.7602888064486759,1.21426861434819,0.4539798078995141,True,active+,919.0,1350.760172615055,8
0.6386845404879967,0.9834909758886154,0.3448064354006187,True,spline,919.0,1588.8365871961075,8
0.6365937661768734,0.9670046273563008,0.3304108611794274,True,spline+,919.0,1694.094646112688,8
0.6606423530452581,1.137214773057254,0.4765724200119958,True,uniform,919.0,1003.7827639386468,8
0.8533935323544982,1.4702058058165608,0.6168122734620626,False,classical,919.0,1000.7875675335396,8
0.562828266138606,1.1414983992212384,0.5786701330826324,True,active,613.0,592.1743398904849,27
0.5769110026980304,1.06896611465927,0.4920551119612395,True,active+,613.0,778.408634313034,27
0.6640977029698675,1.1800926965709633,0.5159949936010958,True,spline,613.0,895.8300155258819,27
0.7182009286203799,1.2089757731516466,0.4907748445312667,True,spline+,613.0,1091.7702627425886,27
0.8513780749544512,1.524020451834438,0.6726423768799868,False,uniform,613.0,873.410979150057,27
0.9124425586219715,1.8286876850899805,0.9162451264680086,False,classical,613.0,612.609149617753,27
0.6270087082491367,1.124013105513192,0.4970043972640554,True,active,613.0,869.0787711153129,33
0.5841265139785367,1.014635123246083,0.4305086092675464,True,active+,613.0,971.17705910847,33
0.4615525493217297,0.7825303221594924,0.3209777728377626,False,spline,613.0,1062.368325371841,33
0.4861196433171706,0.7945882731868711,0.3084686298697005,False,spline+,613.0,1226.3737821612258,33
0.6141830769664872,1.1142268215419586,0.5000437445754714,True,uniform,613.0,834.6339808657098,33
0.5919397449719498,1.206894439113575,0.6149546941416252,True,classical,613.0,583.4316461963462,33
0.6294948757947191,1.0752347752906548,0.4457398994959357,True,active,842.0,1033.0471580638118,0
0.5666653975859576,0.9343478800212344,0.3676824824352767,True,active+,842.0,1184.023277259437,0
0.6156346442224025,0.9592582140611536,0.3436235698387511,True,spline,842.0,1505.3542518461702,0
0.6160053557062727,0.9439704309453576,0.327965075239085,True,spline+,842.0,1625.213244713893,0
0.5610477102075747,0.9784338454086924,0.4173861352011178,True,uniform,842.0,957.3249110698728,0
0.7512788439388157,1.359874121406968,0.6085952774681523,True,classical,842.0,840.9825024804846,0
0.6686151827605479,1.09643431046548,0.4278191277049322,True,active,766.0,1210.3561290202888,83
0.5620372672012769,0.9194928182494916,0.3574555510482148,True,active+,766.0,1221.9692515937818,83
0.5992082359504736,0.9532258683065064,0.3540176323560328,True,spline,766.0,1373.8797990515716,83
0.5761653030466719,0.8967802406051314,0.3206149375584595,True,spline+,766.0,1512.7835960133607,83
0.4292134863665718,0.833191288333384,0.4039778019668121,True,uniform,766.0,672.9880773516468,83
0.5919054558690121,1.075607856841159,0.4837024009721465,True,classical,766.0,829.9695544017369,83
0.6558611694004444,1.1360519854301947,0.4801908160297503,True,active,766.0,981.1074771547294,97
0.718539217658578,1.2014195718044671,0.4828803541458893,True,active+,766.0,1120.5908437005455,97
0.6833747032959648,1.078341199517249,0.3949664962212841,True,spline,766.0,1423.149178023521,97
0.671157881815572,1.0386401366939728,0.3674822548784008,True,spline+,766.0,1552.9082018766828,97
0.4841703586301241,0.9082725704021266,0.4241022117720024,True,uniform,766.0,748.1504138946016,97
0.4517158099375372,0.859896575282406,0.4081807653448688,True,classical,766.0,714.4839114732721,97
0.5090545545817959,0.9701259795104312,0.4610714249286352,True,active,689.0,712.0222440072527,39
0.5579587945177531,0.9852145821649426,0.4272557876471895,True,active+,689.0,915.934431480575,39
0.6237899771692711,1.032732106120235,0.4089421289509639,True,spline,689.0,1164.9853678833867,39
0.6482794046538187,1.0427267754122125,0.3944473707583935,True,spline+,689.0,1310.850671220372,39
0.8292974452003198,1.415421944842723,0.5861244996424032,False,uniform,689.0,1036.0349260534415,39
0.6332914671519253,1.2203098931447611,0.5870184259928358,True,classical,689.0,688.2160438084074,39
0.6101589762670934,1.0761563295417909,0.4659973532746975,True,active,766.0,919.6277500859692,68
0.5932240647359124,0.9971890930555668,0.4039650283196543,True,active+,766.0,1097.711324272355,68
0.6749232870003098,1.0968330451316162,0.4219097581313064,True,spline,766.0,1255.774249349323,68
0.657308385943425,1.0367551142252294,0.3794467282818043,True,spline+,766.0,1425.8871963553431,68
0.5834436370160124,1.0559632259877123,0.4725195889717001,True,uniform,766.0,841.2936843593234,68
0.6319417733072135,1.2046500341979676,0.5727082608907541,True,classical,766.0,711.4123416243158,68
0.552483942969138,1.1549827147505547,0.6024987717814166,True,active,536.0,544.5195358461007,19
0.3784995511148893,0.7502834410231055,0.3717838899082162,False,active+,536.0,632.4509666501999,19
0.6476565025240916,1.1593404521703492,0.5116839496462576,True,spline,536.0,873.4253052343943,19
0.631728281287886,1.0857504225091577,0.4540221412212716,True,spline+,536.0,1009.564473597906,19
0.3411488035965854,0.8332459559982195,0.4920971524016341,True,uniform,536.0,371.3010413793199,19
0.5284272500370146,1.0615989152364582,0.5331716651994436,True,classical,536.0,608.4056002360614,19
0.5810217525685887,1.1603060907626528,0.5792843381940641,True,active,536.0,618.9634329975028,31
0.5979864411655477,1.1149206665340896,0.5169342253685419,True,active+,536.0,762.9639576205668,31
0.5599087275695006,0.9510805439735348,0.3911718164040341,True,spline,536.0,1054.809599621399,31
0.6181075332074685,1.0240243428493505,0.405916809641882,True,spline+,536.0,1161.8316803907742,31
0.5395230333882957,1.079819803127544,0.5402967697392482,True,uniform,536.0,615.02140508652,31
0.592285169518845,1.224509698019451,0.632224528500606,True,classical,536.0,561.3035286064357,31
0.7545545559889599,1.296842836387648,0.5422882803986881,True,active,766.0,1009.5901037397,40
0.7460801996606296,1.237568565430364,0.4914883657697345,True,active+,766.0,1156.1557932124513,40
0.6552923537515376,1.040133654740071,0.3848413009885334,True,spline,766.0,1387.1125034832685,40
0.6473278192065509,1.0052635991209928,0.3579357799144419,True,spline+,766.0,1528.3861714023851,40
0.5879858997580678,1.042397751219278,0.4544118514612101,True,uniform,766.0,903.1768267487422,40
0.4710603605446216,0.926415499960656,0.4553551394160344,True,classical,766.0,647.3112257851294,40
0.6269765618790786,1.082965990181283,0.4559894283022043,True,active,766.0,991.2418287658666,54
0.6990069653052435,1.1648827702513576,0.465875804946114,True,active+,766.0,1135.2242041787383,54
0.6446337876320244,1.0172737173227582,0.3726399296907338,True,spline,766.0,1422.7547199590963,54
0.6491683279994335,1.0052362826127088,0.3560679546132753,True,spline+,766.0,1548.4887846959257,54
0.5048363703202169,0.938843099187837,0.4340067288676201,True,uniform,766.0,769.2645473378067,54
0.6987833097676568,1.2889608905507233,0.5901775807830665,True,classical,766.0,789.9142632691637,54
0.4792440837267828,0.9229409642876556,0.4436968805608729,True,active,689.0,689.4223694799214,11
0.5565106522662686,1.0003658566819027,0.4438552044156341,True,active+,689.0,860.9927850780379,11
0.5885164811705446,0.9398054551171904,0.3512889739466457,True,spline,689.0,1351.5156818016785,11
0.6818639756803235,1.069462876726074,0.3875989010457503,True,spline+,689.0,1461.6935965364412,11
0.5788790290181608,1.0930212543676914,0.5141422253495306,True,uniform,689.0,732.9274954734062,11
0.533002594677906,1.0382937919597592,0.5052911972818532,True,classical,689.0,665.9438541116557,11
0.7445146170631712,1.3287708245922494,0.5842562075290781,True,active,536.0,882.4013643725535,25
0.6789435426147041,1.180376327508403,0.5014327848936988,True,active+,536.0,968.0753499659828,25
0.5464539198531418,0.9406968495312752,0.3942429296781333,True,spline,536.0,1003.6120229916688,25
0.5705569280890128,0.9506733073400044,0.3801163792509916,True,spline+,536.0,1135.9247153073434,25
0.5309249605522417,1.03989390969572,0.5089689491434783,True,uniform,536.0,655.1987386767739,25
0.4223818744291987,0.8809563632503195,0.4585744888211207,True,classical,536.0,547.9590589543174,25
0.6502270614170242,1.0463571843523196,0.3961301229352953,True,active,1072.0,1308.2302243389015,49
0.5893790811610463,0.9289015820500592,0.339522500889013,True,active+,1072.0,1430.683679114816,49
0.5896330454337506,0.879516232567644,0.2898831871338934,True,spline,1072.0,1851.815527915999,49
0.6120483070644279,0.9062143744597771,0.2941660673953492,True,spline+,1072.0,1922.373430188385,49
0.6854766909663416,1.109142552962724,0.4236658619963825,True,uniform,1072.0,1278.6070450172374,49
0.7762637793508207,1.3003630778587452,0.5240992985079245,True,classical,1072.0,1112.4924366341215,49
0.538937582371365,0.958186012076198,0.4192484297048331,True,active,919.0,894.2018299716177,40
0.5616792677403244,0.9404143224942552,0.3787350547539309,True,active+,919.0,1114.724858561679,40
0.6530437832469006,1.0186012542770098,0.3655574710301091,True,spline,919.0,1498.3537354234054,40
0.6352763160339518,0.9737396908283084,0.3384633747943565,True,spline+,919.0,1623.3508378237373,40
0.5738742867740194,0.9881518401534732,0.4142775533794538,True,uniform,919.0,1002.670120011956,40
0.5769524572100461,1.0208923624259345,0.4439399052158884,True,classical,919.0,909.211651258986,40
0.5448640793145727,0.9482105749576764,0.4033464956431037,True,active,919.0,964.6200980168268,54
0.5607633154094055,0.97310399783848,0.4123406824290744,True,active+,919.0,974.614885061457,54
0.595998225555266,0.9141080524216616,0.3181098268663955,True,spline,919.0,1618.5938506830234,54
0.6284869616952958,0.9528714958164096,0.3243845341211139,True,spline+,919.0,1709.6542519273344,54
0.584214735826964,1.0133408058146354,0.4291260699876713,True,uniform,919.0,976.2180491251572,54
0.5763633304566002,1.0198194206329856,0.4434560901763854,True,classical,919.0,909.3069790668465,54
0.5956529627291617,0.9762003594246556,0.380547396695494,True,active,1072.0,1213.2996821942315,75
0.6286933211191401,1.0038594809607004,0.3751661598415603,True,active+,1072.0,1352.1176257366617,75
0.6935161311091045,1.0459144550565307,0.3523983239474262,True,spline,1072.0,1753.9817344278806,75
0.6923426964710812,1.032524064952648,0.340181368481567,True,spline+,1072.0,1853.5864154582312,75
0.4159126218355892,0.7334160952284488,0.3175034733928595,False,uniform,1072.0,920.25518176718,75
0.6067061071851724,1.0207587492089216,0.4140526420237492,True,classical,1072.0,1093.9640516866586,75
0.7433340841350031,1.221129207825315,0.4777951236903119,True,active,919.0,1201.7119664528143,68
0.6220395286532777,0.9997066119036092,0.3776670832503314,True,active+,919.0,1315.3550336799112,68
0.626516985622568,0.9670816686717691,0.3405646830492012,True,spline,919.0,1571.2497262024576,68
0.6361673088534281,0.967628320144438,0.33146101129101,True,spline+,919.0,1683.4883646133717,68
0.6682038782482347,1.103338169352797,0.4351342911045623,True,uniform,919.0,1177.3163660494909,68
0.5312331846660233,0.9800279291308625,0.448794744464839,True,classical,919.0,789.5814108092055,68
0.6135028961038721,1.0044763374865509,0.3909734413826787,True,active,1072.0,1218.0932075231217,61
0.6470242601578243,1.0372738126690797,0.3902495525112551,True,active+,1072.0,1329.275083680063,61
0.7143383045280042,1.0796147500670472,0.365276445539043,True,spline,1072.0,1735.9322083462237,61
0.7852468328921073,1.1721280987841198,0.3868812658920125,True,spline+,1072.0,1845.28896778644,61
0.7514826866304583,1.2217132417755625,0.4702305551451042,True,uniform,1072.0,1253.821128871804,61
0.7102906153371472,1.196493455592672,0.4862028402555248,True,classical,1072.0,1088.854562624168,61
0.5559659719365285,0.9114618564655284,0.3554958845289999,True,active,1149.0,1211.6655049279543,22
0.6045576632607422,0.9576067504672058,0.3530490872064635,True,active+,1149.0,1399.7042295477922,22
0.6872162660101712,1.0323840717845214,0.3451678057743502,True,spline,1149.0,1787.7187132526903,22
0.679304395417588,1.0093286675724698,0.3300242721548817,True,spline+,1149.0,1888.4753896340628,22
0.7087424307937693,1.131213231588672,0.4224708007949027,True,uniform,1149.0,1354.489688669419,22
0.6524619016122033,1.0896603619468086,0.4371984603346053,True,classical,1149.0,1125.7105185347034,22
0.730806711735656,1.1870762376740922,0.4562695259384361,True,active,919.0,1258.2793323997364,83
0.6783404917982505,1.078173099522078,0.3998326077238274,True,active+,919.0,1379.036256294866,83
0.7272530582284185,1.1451747439533837,0.417921685724965,True,spline,919.0,1436.3308239538187,83
0.7286267506527615,1.1197021252556347,0.3910753746028732,True,spline+,919.0,1603.9706083055494,83
0.6972009135800088,1.184448251244481,0.4872473376644721,True,uniform,919.0,1054.2772792421565,83
0.5482388695711782,0.9699848264523316,0.4217459568811534,True,classical,919.0,909.5405163214564,83
0.6228269662649204,1.0635545155675137,0.440727549302593,True,active,919.0,1034.1032209296663,97
0.6464197664863032,1.0564877678690598,0.4100680013827567,True,active+,919.0,1226.9387281537215,97
0.7062028727559417,1.0968859517330047,0.390683078977063,True,spline,919.0,1527.166644636816,97
0.6781553471424657,1.0356469343733208,0.357491587230855,True,spline+,919.0,1651.6825532842288,97
0.4613987462897829,0.8395053538482351,0.3781066075584521,True,uniform,919.0,826.4902202330295,97
0.6054844057043095,1.0598610524149288,0.4543766467106193,True,classical,919.0,944.6553417074522,97
0.5821358148799765,0.9366200082206598,0.3544841933406834,True,active,1149.0,1309.1907531818454,36
0.5724840358988077,0.8964136583500302,0.3239296224512225,True,active+,1149.0,1472.5651888472971,36
0.6609293292136206,0.98450623924525,0.3235769100316294,True,spline,1149.0,1864.647885164541,36
0.7006966471126961,1.0344334515588824,0.3337368044461863,True,spline+,1149.0,1951.407263696543,36
0.6210483197902328,1.0125411580185504,0.3914928382283176,True,uniform,1149.0,1239.251733123037,36
0.6407223382317979,1.0404401299225237,0.3997177916907257,True,classical,1149.0,1259.8199413801233,36
0.6458853166219334,1.066557293582435,0.4206719769605016,True,active,919.0,1177.0015288408033,81
0.6431500362836087,1.0313861871475332,0.3882361508639245,True,active+,919.0,1327.5107669460738,81
0.6649776100522428,1.0165700751916296,0.3515924651393868,True,spline,919.0,1643.667947960737,81
0.7261157387242371,1.096066177594644,0.3699504388704068,True,spline+,919.0,1746.313804828814,81
0.613484525581446,1.0221426463679422,0.4086581207864962,True,uniform,919.0,1136.1749719801023,81
0.5957543980535037,1.0568308747684156,0.4610764767149119,True,classical,919.0,901.2065211871987,81
0.6261667309528477,1.0232095093618254,0.3970427784089777,True,active,1149.0,1227.8048784711402,20
0.6323304222510011,1.02048452505329,0.3881541028022888,True,active+,1149.0,1292.5754038874284,20
0.6724544870183157,1.006901998372567,0.3344475113542516,True,spline,1149.0,1816.867586668876,20
0.6692686558285832,0.9923061785192544,0.3230375226906711,True,spline+,1149.0,1908.9111218068656,20
0.6533502398496172,1.056548863006319,0.4031986231567017,True,uniform,1149.0,1281.6855358730086,20
0.5915116540533966,0.9957654205669642,0.4042537665135676,True,classical,1149.0,1091.5569389606603,20
0.6831865664840034,1.0898866851348974,0.4067001186508939,True,active,1072.0,1357.349376883656,88
0.6283902947076743,0.984308323050876,0.3559180283432017,True,active+,1072.0,1470.1997198325837,88
0.65160368831904,0.9850873646408762,0.3334836763218362,True,spline,1072.0,1733.4892222766596,88
0.6406581411646367,0.9578890000806622,0.3172308589160255,True,spline+,1072.0,1830.1101646423344,88
0.5568169709095405,0.9276534753961612,0.3708365044866206,True,uniform,1072.0,1136.5295097808284,88
0.5619265113159314,0.9684924229057188,0.4065659115897875,True,classical,1072.0,999.1972233004756,88
0.6952666828623691,1.0924266336672437,0.3971599508048743,True,active,1149.0,1450.2025227262343,34
0.6802791136874193,1.050390439351123,0.3701113256637036,True,active+,1149.0,1569.0298246186808,34
0.6484623206430947,0.9707372056356676,0.3222748849925728,True,spline,1149.0,1819.09512537678,34
0.6389216038477165,0.9476892531180512,0.3087676492703346,True,spline+,1149.0,1905.0516674611615,34
0.5391100874113708,0.8925845375971141,0.3534744501857433,True,uniform,1149.0,1164.744748515228,34
0.6482953612311684,1.05678355533318,0.4084881941020117,True,classical,1149.0,1240.118044524516,34
0.523057290196801,0.8930318341441525,0.3699745439473515,True,active,919.0,1034.768050341182,95
0.5654906516841811,0.9454908929848708,0.3800002413006897,True,active+,919.0,1120.7143915231131,95
0.5870831472568607,0.8974846463776164,0.3104014991207556,True,spline,919.0,1643.7193918583882,95
0.6706484558624606,1.0142445331311865,0.3435960772687259,True,spline+,919.0,1730.4696678416522,95
0.5338000094007062,0.9375110757504126,0.4037110663497064,True,uniform,919.0,933.4742428260432,95
0.4795686918083378,0.8420786384241605,0.3625099466158227,True,classical,919.0,934.20743514224,95
0.6139059318418523,1.0276409936416968,0.4137350617998445,True,active,1072.0,1115.6343064818416,77
0.6176689549745049,0.9933148245236983,0.3756458695491935,True,active+,1072.0,1311.83123924335,77
0.6207480009615377,0.9331854324588236,0.3124374314972857,True,spline,1072.0,1781.569703418567,77
0.627184403506629,0.933538160243904,0.3063537567372749,True,spline+,1072.0,1871.706169505551,77
0.7240629767016764,1.1596713238843948,0.4356083471827183,True,uniform,1072.0,1334.6646325372458,77
0.6497037601277789,1.099767945336313,0.4500641852085341,True,classical,1072.0,1068.8321533874482,77
0.7145669210327272,1.1546789341159316,0.4401120130832043,True,active,1072.0,1285.6883109081434,63
0.7213252766909862,1.1366433739823132,0.4153180972913269,True,active+,1072.0,1431.8706970015785,63
0.6546271190296566,0.9854102219871982,0.3307831029575415,True,spline,1072.0,1770.144798482995,63
0.6483578387791868,0.9665709210758494,0.3182130822966625,True,spline+,1072.0,1857.0106166322207,63
0.5881200063096635,0.9759813425577366,0.387861336248073,True,uniform,1072.0,1154.1404595087747,63
0.6222479598553179,1.0418590635384732,0.4196111036831553,True,classical,1072.0,1114.578934380432,63
0.5409035004510113,0.932072428005456,0.3911689275544445,True,active,919.0,999.931638337066,56
0.5279595784681096,0.8687125200121181,0.3407529415440085,True,active+,919.0,1193.9695802020592,56
0.6507002528554097,1.0001351068440534,0.3494348539886437,True,spline,919.0,1602.5908965092112,56
0.6878614144031443,1.0424235927696424,0.354562178366498,True,spline+,919.0,1713.3451712383685,56
0.5048489450834844,0.8786338592667102,0.3737849141832258,True,uniform,919.0,964.3806855594984,56
0.5255672654587819,0.927658493140062,0.40209122768128,True,classical,919.0,917.1886220187484,56
0.9533753982903924,1.5258203648643591,0.572444966573967,False,active,766.0,1338.8385395017656,42
0.7507447551807499,1.1881372030304478,0.4373924478496979,True,active+,766.0,1404.9770828232631,42
0.7087714644778614,1.1440563346049202,0.4352848701270587,True,spline,766.0,1291.5954496920126,42
0.7197878650982829,1.128973318789474,0.4091854536911911,True,spline+,766.0,1461.526253139198,42
0.5220946267961001,0.9689993256784146,0.4469046988823145,True,uniform,766.0,774.2456817223434,42
0.613060940989736,1.1398689496944128,0.5268080087046768,True,classical,766.0,769.7850353928899,42
0.5533323707632408,1.083539573935633,0.5302072031723922,True,active,536.0,655.6351849937107,33
0.5576076765865277,1.0298847125450954,0.4722770359585677,True,active+,536.0,786.5818546591114,33
0.6382349302097935,1.1152552778947462,0.4770203476849527,True,spline,536.0,950.527789515676,33
0.6504244836605749,1.0866285973800864,0.4362041137195115,True,spline+,536.0,1124.2134580079432,33
0.7427526339392546,1.4377844893181146,0.69503185537886,True,uniform,536.0,678.7331499421138,33
0.6883877637597183,1.4089828279500172,0.7205950641902988,True,classical,536.0,577.143936941889,33
0.5494709776980983,1.0661685159944991,0.5166975382964009,True,active,536.0,673.8779510646639,27
0.5534855560788431,1.0082530367850382,0.4547674807061951,True,active+,536.0,823.2175847588223,27
0.610353622095956,1.073005016476822,0.4626513943808661,True,spline,536.0,930.2585409839816,27
0.6228887865093993,1.0491285761506322,0.4262397896412329,True,spline+,536.0,1089.3936940006447,27
0.5844991974158962,1.1721213507347346,0.5876221533188384,True,uniform,536.0,611.5771062484866,27
0.76485060472831,1.6027697645919663,0.8379191598636565,True,classical,536.0,541.0045083350719,27
0.6285003664675423,1.1284261001707376,0.4999257337031954,True,active,689.0,864.5043952390246,13
0.6231084021481914,1.0736228468211262,0.4505144446729348,True,active+,689.0,1000.2848735764422,13
0.5987718379376454,0.981609968519955,0.3828381305823095,True,spline,689.0,1211.8087936435634,13
0.6070156535309666,0.9662400421248994,0.3592243885939328,True,spline+,689.0,1370.2469054590122,13
0.6005798605805813,1.1097198085078546,0.5091399479272732,True,uniform,689.0,785.5042776635523,13
0.5683497083708131,1.0979645925307069,0.5296148841598936,True,classical,689.0,682.9020348700313,13
0.5858587950232257,1.0583304273635952,0.4724716323403695,True,active,766.0,846.6846546319106,56
0.6178139354619641,1.081774188361566,0.4639602528996018,True,active+,766.0,943.6231773335768,56
0.6068904515727412,0.951933671472305,0.3450432198995637,True,spline,766.0,1461.2686948254618,56
0.6167916015127602,0.9514408683639548,0.3346492668511945,True,spline+,766.0,1576.0436797597938,56
0.6507000423594669,1.1583235401868517,0.5076234978273846,True,uniform,766.0,890.3664162331504,56
0.6790155422018453,1.2801115446216569,0.6010960024198115,True,classical,766.0,736.5127772506612,56
0.552964406748746,1.0008005830543287,0.4478361763055827,True,active,766.0,841.2905111700102,81
0.5850980127517652,1.0013091080058438,0.4162110952540786,True,active+,766.0,1025.724788364401,81
0.6249319313998999,0.9903552121694104,0.3654232807695105,True,spline,766.0,1396.7824598228526,81
0.6525568534671721,1.0131929334454424,0.3606360799782703,True,spline+,766.0,1529.6964941789934,81
0.4839031696103099,0.9213669165901638,0.4374637469798538,True,uniform,766.0,714.0076975000513,81
0.5210610223975378,0.980516024438691,0.4594550020411532,True,classical,766.0,740.821678450546,81
0.6588747823959797,1.1420783171879811,0.4832035347920014,True,active,766.0,978.5898078504098,95
0.6620254585101977,1.1002949124640824,0.4382694539538847,True,active+,766.0,1147.2578325313127,95
0.5830218267125639,0.9256438737958252,0.3426220470832614,True,spline,766.0,1385.660968022743,95
0.6376549095892481,0.9929324721079436,0.3552775625186954,True,spline+,766.0,1509.716441304213,95
0.7576129635459325,1.279845768958653,0.5222328054127205,True,uniform,766.0,1077.0662508173232,95
0.5114938852190094,0.9429718417406862,0.4314779565216767,True,classical,766.0,791.3358332307386,95
0.7124664722929062,1.2061203197166184,0.4936538474237122,True,active,842.0,1068.4532739525514,2
0.7067638369565313,1.1556934639779255,0.4489296270213941,True,active+,842.0,1224.4295601470606,2
0.6623206338463486,1.0419220998191443,0.3796014659727956,True,spline,842.0,1442.457967331812,2
0.6641569482814351,1.023715320682947,0.3595583724015119,True,spline+,842.0,1581.665963103445,2
0.6692476159757655,1.1278845622821927,0.4586369463064271,True,uniform,842.0,1086.899742699558,2
0.6273801696357297,1.1465777170429343,0.5191975474072046,True,classical,842.0,814.379914395588,2
0.5510596286660683,1.0913288459492283,0.54026921728316,True,active,613.0,634.1696876721145,19
0.5956927327616538,1.0921746180727594,0.4964818853111056,True,active+,613.0,805.759669776821,19
0.5440464600575282,0.921406111612648,0.3773596515551197,True,spline,613.0,1066.6898870610291,19
0.5573676896581797,0.9131949615628993,0.3558272719047194,True,spline+,613.0,1214.7027050013107,19
0.6082914684862036,1.161854784012756,0.5535633155265524,True,uniform,613.0,707.083785606048,19
0.4978343091091939,1.001197644703194,0.5033633355940001,True,classical,613.0,606.5634035363875,19
0.6604954551809384,1.1889753276944302,0.5284798725134917,True,active,613.0,856.8319882642472,25
0.6486348361411275,1.1271355521046684,0.4785007159635409,True,active+,613.0,969.778065160845,25
0.690819145306002,1.1723373342790102,0.4815181889730082,True,spline,613.0,1058.595526028504,25
0.67401974856803,1.102407097885291,0.4283873493172608,True,spline+,613.0,1223.2717934940504,25
0.716150660920067,1.2810380000116817,0.5648873390916147,True,uniform,613.0,875.5613891667213,25
0.6093185300029914,1.265593607207928,0.6562750772049365,True,classical,613.0,554.1880870917929,25
0.715225068834672,1.294331022750965,0.579105953916293,True,active,613.0,841.6023620189783,31
0.6831067589356674,1.2098693130223124,0.526762554086645,True,active+,613.0,906.2112468119446,31
0.5417379514647914,0.8849676919067822,0.3432297404419907,True,spline,613.0,1229.37714728052,31
0.5271294814095174,0.841453123411054,0.3143236420015366,True,spline+,613.0,1353.7351939172038,31
0.6173516430855843,1.1448035502140277,0.5274519071284434,True,uniform,613.0,776.4174824235214,31
0.5104850091745332,1.007561308337439,0.4970762991629058,True,classical,613.0,640.493173547659,31
0.5388254108601479,0.9381854669090576,0.3993600560489097,True,active,996.0,962.8264691965372,65
0.5823987161628071,0.9937968425698216,0.4113981264070144,True,active+,996.0,1036.9136058000156,65
0.6965187983301909,1.0741606743791374,0.3776418760489465,True,spline,996.0,1577.8359607660063,65
0.674491807954594,1.0240970434752603,0.3496052355206663,True,spline+,996.0,1697.865539200424,65
0.5688227519826511,0.9498672705035318,0.3810445185208807,True,uniform,996.0,1126.2164054022585,65
0.5292398892921709,0.9301947485703504,0.4009548592781795,True,classical,996.0,931.0100720080768,65
0.5853460616644978,1.0002657303586284,0.4149196686941306,True,active,996.0,1031.3468214256768,71
0.6079915611304574,0.9911778828008788,0.3831863216704213,True,active+,996.0,1239.6399455920473,71
0.6858507493360461,1.042553496390889,0.3567027470548426,True,spline,996.0,1688.462668293871,71
0.6650852463922906,0.9965421928999032,0.3314569465076125,True,spline+,996.0,1810.788048984755,71
0.6748738448764043,1.0945762266177594,0.4197023817413551,True,uniform,996.0,1266.111957487899,71
0.7136828568409176,1.217121234802792,0.5034383779618744,True,classical,996.0,1039.1389138501274,71
0.6083195577521401,1.168049809172887,0.559730251420747,True,active,613.0,695.7027066365337,9
0.5953588008484919,1.136380879608216,0.5410220787597241,True,active+,613.0,708.5704643990962,9
0.5800606041198028,1.0010093685212231,0.4209487644014203,True,spline,613.0,994.5805603527648,9
0.5939148369182394,0.9864323104643132,0.3925174735460739,True,spline+,613.0,1150.293251910389,9
0.597783073686704,1.142382919440056,0.5445998457533519,True,uniform,613.0,705.9380959642564,9
0.574279201880654,1.1201629049658537,0.5458837030851997,True,classical,613.0,663.3429931244995,9
0.5811223872880596,0.9838877795711072,0.4027653922830475,True,active,996.0,1067.9696749679558,59
0.6003500887013495,0.9918977694511798,0.3915476807498302,True,active+,996.0,1174.48161962003,59
0.7122489981462397,1.079689526603319,0.3674405284570794,True,spline,996.0,1710.998674091384,59
0.7024495215653345,1.051862745687839,0.3494132241225046,True,spline+,996.0,1816.460481500136,59
0.6255587365113194,1.0362686073287342,0.4107098708174147,True,uniform,996.0,1162.27689988273,59
0.4983477908465676,0.8650680511560984,0.3667202603095308,True,classical,996.0,973.4915472824396,59
0.4821059304214899,0.8590802059217769,0.3769742755002869,True,active,842.0,887.2306722219563,32
0.6227132557915213,1.0741192034193805,0.4514059476278592,True,active+,842.0,996.2649306335164,32
0.61352197434151,0.963458340400388,0.3499363660588781,True,spline,842.0,1453.7271676040623,32
0.6203636366911033,0.9577198273565092,0.3373561906654059,True,spline+,842.0,1570.2193942631627,32
0.7338336088309304,1.2267275333624503,0.4928939245315199,True,uniform,842.0,1121.5322147046454,32
0.6569667392670386,1.1676430118915209,0.5106762726244822,True,classical,842.0,895.2379028913488,32
0.5132748430085478,1.0969816980885905,0.5837068550800427,True,active,459.0,513.3057555698267,12
0.438882543636055,0.8896901744608098,0.4508076308247548,True,active+,459.0,592.9808743095517,12
0.5699030436929294,1.0353993522051743,0.4654963085122449,True,spline,459.0,830.5759479734962,12
0.5858166246832942,1.0121965817838394,0.4263799571005452,True,spline+,459.0,990.076386301591,12
0.8033926401740865,1.582490790990094,0.7790981508160075,False,uniform,459.0,644.3065747416207,12
0.7671336816525577,1.6633173134341075,0.8961836317815498,True,classical,459.0,494.37901715307333,12
0.7575850156550966,1.2563291219227326,0.498744106267636,True,active,842.0,1157.3319161332918,26
0.4953402038241956,0.8163638356221091,0.3210236317979135,True,active+,842.0,1186.2259286590306,26
0.723634681797007,1.140376459287831,0.416741777490824,True,spline,842.0,1431.3517672715366,26
0.7633095867763446,1.1753226741325506,0.412013087356206,True,spline+,842.0,1589.304104867857,26
0.5842138832235881,1.0121793618471977,0.4279654786236095,True,uniform,842.0,980.2911570856336,26
0.6355960838626986,1.1148405601364886,0.4792444762737899,True,classical,842.0,937.8115749696614,26
0.7137670427500777,1.205819846099633,0.4920528033495552,True,active,842.0,1076.9177768130862,27
0.6617845524911246,1.0833672238962797,0.4215826714051551,True,active+,842.0,1218.8219963304634,27
0.6372468436471147,0.9993078351442564,0.3620609914971416,True,spline,842.0,1462.836414430072,27
0.6581870498966073,1.012658362792741,0.3544713128961337,True,spline+,842.0,1595.1323944086218,27
0.7070892701286203,1.2260897474556138,0.5190004773269935,True,uniform,842.0,977.3210647235928,27
0.7084622829603857,1.2646661203425091,0.5562038373821234,True,classical,842.0,881.8243527763149,27
0.4622858610313515,1.0445792524291917,0.5822933913978402,True,active,459.0,445.5797888184307,13
0.4803303188583324,1.031480900017849,0.5511505811595168,True,active+,459.0,506.91784651318454,13
0.546241211738907,0.9720939892611956,0.4258527775222884,True,spline,459.0,891.2576501326456,13
0.5128273007077756,0.8767216351362909,0.3638943344285152,True,spline+,459.0,1029.68329850317,13
0.6967143924603622,1.3143055308922793,0.6175911384319172,True,uniform,459.0,735.0521655901169,13
0.725280038419299,1.6268650312669195,0.9015849928476208,True,classical,459.0,453.70647379408337,13
0.5785492254213235,1.00492889683574,0.4263796714144164,True,active,842.0,971.2414902617076,33
0.6260420555058385,1.0399660710929308,0.4139240155870923,True,active+,842.0,1149.5361611330206,33
0.6337745242131506,0.99255739195462,0.3587828677414694,True,spline,842.0,1471.4200531617516,33
0.6663285759750655,1.0253366702120985,0.3590080942370328,True,spline+,842.0,1594.034426900953,33
0.5427449344321168,0.9558825713035334,0.4131376368714166,True,uniform,842.0,924.299698750018,33
0.5519571253194008,1.0102483675223772,0.4582912422029764,True,classical,842.0,810.3514989345235,33
0.5682945316843289,0.9584527576741256,0.3901582259897967,True,active,996.0,1083.84307678602,58
0.6069624085947064,0.9913124231021762,0.3843500145074697,True,active+,996.0,1230.409116780116,58
0.5835015536407653,0.8831016122094031,0.2996000585686378,True,spline,996.0,1724.303733742865,58
0.5897711633294337,0.8844852394374048,0.294714076107971,True,spline+,996.0,1802.7993106571923,58
0.5122418449018666,0.8933586123718238,0.3811167674699571,True,uniform,996.0,957.1735000681348,58
0.7084549146916237,1.1955221986694478,0.487067283977824,True,classical,996.0,1081.4768651951654,58
0.5754482281617587,0.9629050552045598,0.3874568270428011,True,active,996.0,1117.2554349577165,70
0.5844271067044953,0.9510918230949572,0.3666647163904619,True,active+,996.0,1248.5882761791938,70
0.6003509864806117,0.9025781164416165,0.3022271299610047,True,spline,996.0,1781.0274647101814,70
0.5972005346568987,0.8908926953445653,0.2936921606876665,True,spline+,996.0,1850.8952835894372,70
0.4514375104179092,0.8093304729811932,0.3578929625632839,True,uniform,996.0,868.8700345511244,70
0.5460651324550615,0.9417784676615248,0.3957133352064632,True,classical,996.0,996.7705708373588,70
0.5417809027632482,1.084087072458866,0.5423061696956178,True,active,613.0,615.433166257923,8
0.5248102124509044,0.962805188212691,0.4379949757617866,True,active+,613.0,804.1316639542165,8
0.5892686924968049,0.984813969850258,0.3955452773534531,True,spline,613.0,1122.6355312336618,8
0.661122427892223,1.0783545984482004,0.4172321705559774,True,spline+,613.0,1237.0083538790589,8
0.5725834532026648,1.073400881033257,0.5008174278305921,True,uniform,613.0,749.7677842802831,8
0.8798986793033675,1.72731454841832,0.8474158691149524,False,classical,613.0,650.8094435532473,8
0.5315703432391504,0.9035693911901423,0.371999047950992,True,active,996.0,1052.0580330236205,64
0.561482102639438,0.9284922430720154,0.3670101404325774,True,active+,996.0,1170.3986444032205,64
0.7252158322787745,1.118381859498339,0.3931660272195645,True,spline,996.0,1578.063583947392,64
0.7381412632051084,1.1172940731464482,0.3791528099413398,True,spline+,996.0,1723.1670080604035,64
0.7661889675128953,1.2288986099654806,0.4627096424525853,True,uniform,996.0,1326.5902950806735,64
0.7010489499415437,1.2135312176700292,0.5124822677284856,True,classical,996.0,983.4446948860448,64
0.5697146791400757,1.1269946601578014,0.5572799810177257,True,active,613.0,636.2802732097656,30
0.5995745798057697,1.1200367032282692,0.5204621234224995,True,active+,613.0,758.2683348794127,30
0.5424096593843839,0.906417358274718,0.364007698890334,True,spline,613.0,1123.038645138542,30
0.5648496759713951,0.9163150347182536,0.3514653587468586,True,spline+,613.0,1265.0454272297804,30
0.4023213051043686,0.9032956365792992,0.5009743314749308,True,uniform,613.0,452.6451358425741,30
0.5174862585353689,1.0282691656991487,0.5107829071637798,True,classical,613.0,628.0135075626772,30
0.5190770188402785,0.9765245468897658,0.4574475280494873,True,active,613.0,741.4412689273527,24
0.5305058364359317,0.9885345520169334,0.4580287155810016,True,active+,613.0,764.3812490759198,24
0.5214898244415006,0.8914058257694727,0.3699160013279721,True,spline,613.0,1030.2225344720302,24
0.5307403900851,0.8789964575474067,0.3482560674623067,True,spline+,613.0,1163.330245990447,24
0.6038893674288872,1.1651362357250823,0.5612468682961951,True,uniform,613.0,685.5526070759205,24
0.5254117278831352,1.0833986847066217,0.5579869568234863,True,classical,613.0,565.3930217765354,24
0.4980197273822351,1.002468357510235,0.504448630128,True,active,613.0,605.0106528255468,18
0.556053965384105,1.0243392821521606,0.4682853167680556,True,active+,613.0,793.3138209598793,18
0.7251701563899656,1.3148617406484502,0.5896915842584846,True,spline,613.0,836.1563977728847,18
0.7238144772264928,1.2247355381721472,0.5009210609456544,True,spline+,613.0,1070.4295507239176,18
0.5452272826789403,1.0353974446524297,0.4901701619734894,True,uniform,613.0,719.8882921359464,18
0.7050118161759781,1.416774732809936,0.711762916633958,True,classical,613.0,607.8872539260407,18
0.4834634353241605,0.8750111197046367,0.3915476843804762,True,active,842.0,841.2933438216508,3
0.5339441930248401,0.9005191776259807,0.3665749846011406,True,active+,842.0,1083.8443728185423,3
0.6202984268553434,0.9658330483968078,0.3455346215414644,True,spline,842.0,1510.22873041852,3
0.6380193846944776,0.9787348725470952,0.3407154878526177,True,spline+,842.0,1617.224563616462,3
0.5109780372524597,0.8974732553572545,0.3864952181047948,True,uniform,842.0,933.3105299277402,3
0.5871215849530903,1.0588721919797053,0.471750607026615,True,classical,842.0,851.4042768760306,3
0.7268472671471915,1.2442336154949654,0.5173863483477739,True,active,766.0,1024.6774005791704,94
0.7335067917298497,1.2151022028919902,0.4815954111621405,True,active+,766.0,1162.2300218635723,94
0.6591303130491666,1.0594877777444358,0.4003574646952692,True,spline,766.0,1314.4607093854277,94
0.6958347538383837,1.091520768257079,0.3956860144186956,True,spline+,766.0,1460.8277419210217,94
0.666576227861155,1.1660664235059188,0.4994901956447638,True,uniform,766.0,946.7763209436728,94
0.5872906800796271,1.0987137294943043,0.5114230494146772,True,classical,766.0,754.6912762004246,94
0.6506780047669802,1.163647678372182,0.5129696736052016,True,active,766.0,876.2706683005183,80
0.6888691990884473,1.185307698880912,0.4964384997924648,True,active+,766.0,1005.331378544276,80
0.6490315046912698,1.0300719593586871,0.3810404546674175,True,spline,766.0,1387.8353521230074,80
0.6345305841447042,0.9840149096530204,0.3494843255083162,True,spline+,766.0,1538.1321442271496,80
0.5999663150749135,1.064323747231913,0.4643574321569994,True,uniform,766.0,901.143900978849,80
0.5560773177810207,1.032911898058863,0.4768345802778423,True,classical,766.0,772.2095599197285,80
0.7034268363840157,1.19675316503859,0.4933263286545744,True,active,689.0,1048.5518957971435,12
0.7175505587047089,1.1968558052912388,0.4793052465865299,True,active+,689.0,1131.2567007954376,12
0.5414282353102666,0.8756753691330692,0.3342471338228026,True,spline,689.0,1280.9649835681623,12
0.5360086814453909,0.8455456075875905,0.3095369261421995,True,spline+,689.0,1425.0489132996263,12
0.656433522251611,1.1880971554232913,0.5316636331716803,True,uniform,689.0,841.2197727602687,12
0.684122709901763,1.285165141786699,0.6010424318849359,True,classical,689.0,744.837558727754,12
0.5316898222246557,1.1332233733151378,0.6015335510904821,True,active,536.0,517.0366143954824,26
0.5623569339992804,1.085538838810221,0.5231819048109405,True,active+,536.0,684.5258098299329,26
0.5543456367711168,0.9974982643678552,0.4431526275967384,True,spline,536.0,857.9842638318898,26
0.5797324103457513,0.9879362620043032,0.4082038516585518,True,spline+,536.0,1042.0786510720927,26
0.5073547941193844,1.0555260663748665,0.548171272255482,True,uniform,536.0,551.7267524172148,26
0.5036789024231335,1.0509094354868354,0.5472305330637018,True,classical,536.0,547.4019712718643,26
0.5352198097623307,0.9281731822056142,0.3929533724432834,True,active,766.0,976.9219727214804,57
0.5453341256187411,0.9064992257771728,0.3611651001584317,True,active+,766.0,1146.5265911619656,57
0.6375150205075198,1.0073499472770482,0.3698349267695283,True,spline,766.0,1414.671986718086,57
0.6211823520275631,0.9625533131367556,0.3413709611091924,True,spline+,766.0,1543.6916500901425,57
0.4600983943498535,0.8861593419988215,0.426060947648968,True,uniform,766.0,689.2095468544784,57
0.4281825043318061,0.8036240533284423,0.3754415489966362,True,classical,766.0,747.0234664570584,57
0.6697375256762765,1.1765149502870549,0.5067774246107781,True,active,766.0,932.7496563164508,43
0.7012402272811579,1.1792202928447248,0.477980065563567,True,active+,766.0,1096.0647243079466,43
0.6068033390111075,0.9692857051091208,0.3624823660980133,True,spline,766.0,1349.8615228889116,43
0.6221531790736323,0.970038190613356,0.3478850115397237,True,spline+,766.0,1501.002173321399,43
0.5829301307054988,1.056893429714802,0.4739632990093032,True,uniform,766.0,836.3212433101125,43
0.4687257259619932,0.8890255979292242,0.4202998719672309,True,classical,766.0,722.6567832907165,43
0.5918403366525393,1.181792781961227,0.5899524453086877,True,active,536.0,619.1423642649747,32
0.6481313304928231,1.2137385728260617,0.5656072423332383,True,active+,536.0,752.3071977970523,32
0.6790501387128977,1.1755893278031049,0.496539189090207,True,spline,536.0,983.0223810097792,32
0.6134076070316444,1.0198981733093642,0.4064905662777197,True,spline+,536.0,1145.458296453105,32
0.8377428575386263,1.5170369402260226,0.6792940826873963,False,uniform,536.0,839.7576187580103,32
0.6837022704284865,1.4553872307024385,0.7716849602739517,True,classical,536.0,518.7576731211287,32
0.5753021327334079,0.9930400017507036,0.4177378690172958,True,active,919.0,993.691461789364,57
0.6027280506500382,0.9989518519228108,0.3962238012727724,True,active+,919.0,1159.958997350612,57
0.5655804101410596,0.8659424734041073,0.3003620632630477,True,spline,919.0,1631.8831003824907,57
0.5765536814736446,0.8719254625997971,0.2953717811261525,True,spline+,919.0,1730.6264133621623,57
0.5060222729001566,0.9101115338443548,0.4040892609441981,True,uniform,919.0,859.3750353645172,57
0.5087122261672617,0.9018472437479004,0.3931350175806386,True,classical,919.0,903.2185776023732,57
0.5070464570772143,0.9041589987674342,0.3971125416902199,True,active,919.0,885.0716839038985,43
0.5268157027065578,0.8824564696008838,0.355640766894326,True,active+,919.0,1112.6982991188895,43
0.5901377632748701,0.9046936038793316,0.3145558406044615,True,spline,919.0,1622.1628535565103,43
0.6231886915662797,0.942795851172325,0.3196071596060453,True,spline+,919.0,1727.5767434110685,43
0.6239718165218427,1.061879584621488,0.4379077680996451,True,uniform,919.0,1047.4201826794629,43
0.6489482302018275,1.1357235136242336,0.4867752834224061,True,classical,919.0,945.303760790879,43
0.5886618636799179,0.973129363041701,0.384467499361783,True,active,1072.0,1171.8754666813843,62
0.597991694701017,0.9547264562617584,0.3567347615607414,True,active+,1072.0,1352.7868104311915,62
0.692765974169467,1.0450064291610406,0.3522404549915736,True,spline,1072.0,1752.158486070393,62
0.684796998635591,1.0213021095876265,0.3365051109520355,True,spline+,1072.0,1853.3021097522735,62
0.6212009006088679,1.0126909009241458,0.3914900003152779,True,uniform,1072.0,1239.7476501262856,62
0.60384474080248,1.0177787112486572,0.4139339704461772,True,classical,1072.0,1086.4179682404786,62
0.6261033537723936,1.0327112263568243,0.4066078725844307,True,active,1072.0,1182.3790239337116,76
0.6344652062020312,1.0122757791224113,0.3778105729203801,True,active+,1072.0,1356.6937484103016,76
0.6866769847687134,1.0347999030936914,0.348122918324978,True,spline,1072.0,1760.6001680325928,76
0.6761814573896702,1.0066668472807057,0.3304853898910355,True,spline+,1072.0,1869.850682180878,76
0.6717615066596823,1.0980558965403675,0.4262943898806852,True,uniform,1072.0,1226.2547908259075,76
0.6148780743456878,1.0277313586722616,0.4128532843265738,True,classical,1072.0,1122.1346976699456,76
0.5122344250004525,0.8591276789946,0.3468932539941475,True,active,1149.0,1107.2119721628248,35
0.5652771573228975,0.907395613494312,0.3421184561714145,True,active+,1149.0,1322.0106464381356,35
0.6314433543507032,0.944909306984939,0.3134659526342358,True,spline,1149.0,1822.446879094457,35
0.628605099703903,0.9326491818711238,0.3040440821672208,True,spline+,1149.0,1902.33902472097,35
0.5913033726294855,0.9710384496624648,0.3797350770329791,True,uniform,1149.0,1203.402803200815,35
0.5488458384709723,0.9238205673018084,0.3749747288308359,True,classical,1149.0,1092.1022982441589,35
0.6040864248043569,1.0170592869876176,0.4129728621832607,True,active,919.0,1091.04116642271,94
0.5576639277120521,0.9131004252943542,0.3554364975823021,True,active+,919.0,1217.8327210697666,94
0.7000161884648618,1.0847874171409262,0.3847712286760644,True,spline,919.0,1543.1906790045923,94
0.6927744908937313,1.055872755152602,0.3630982642588706,True,spline+,919.0,1667.2928188776064,94
0.5964376701783605,1.0303189486264777,0.4338812784481172,True,uniform,919.0,990.881869279616,94
0.4505112212885441,0.8015588149050819,0.3510475936165377,True,classical,919.0,891.9274805520101,94
0.726621789993918,1.2328638943474777,0.5062421043535594,True,active,919.0,1059.347296111146,80
0.7282784892764503,1.1927054500702223,0.464426960793772,True,active+,919.0,1216.8127943757293,80
0.6902203176317958,1.077554734808616,0.3873344171768202,True,spline,919.0,1492.323181856751,80
0.6851506808109045,1.0496491434678548,0.3644984626569503,True,spline+,919.0,1627.2463470834186,80
0.6418154644334267,1.1026946170168055,0.4608791525833789,True,uniform,919.0,1010.8930688977232,80
0.4635950688336947,0.8350794585701605,0.3714843897364658,True,classical,919.0,854.91560531941,80
0.7006184367182096,1.1133147594217143,0.412696322703505,True,active,1072.0,1380.4674521180984,89
0.7159742392451485,1.1145263210516383,0.3985520818064898,True,active+,1072.0,1511.9335745463338,89
0.607020617385981,0.905931813892507,0.298911196506526,True,spline,1072.0,1846.9195941442963,89
0.6172317286683304,0.9141943795555376,0.2969626508872073,True,spline+,1072.0,1919.1055079576088,89
0.4878881469854377,0.8254515672204609,0.3375634202350231,True,uniform,1072.0,1070.839492917171,89
0.5069273444945996,0.8598646065557928,0.3529372620611931,True,classical,1072.0,1060.4772940596702,89
0.7282535149538409,1.1218875398245594,0.3936340248707184,True,active,1149.0,1585.7435068131465,21
0.636131651054066,0.9692791411847348,0.3331474901306689,True,active+,1149.0,1669.4418044802294,21
0.6513773813211067,0.9684199020764086,0.3170425207553019,True,spline,1149.0,1882.7156391063304,21
0.6928235386674229,1.0213697461033724,0.3285462074359495,True,spline+,1149.0,1965.606881168208,21
0.5534334976061919,0.9071358405452056,0.3537023429390137,True,uniform,1149.0,1212.607475762699,21
0.5335197932385677,0.8866347448812865,0.3531149516427188,True,classical,1149.0,1147.6760540724606,21
0.5953708108307891,0.96619998511589,0.370829174285101,True,active,1149.0,1263.030151254448,25
0.6005356715142184,0.9468768134669286,0.3463411419527102,True,active+,1149.0,1428.0849134256182,25
0.681588257755787,1.01966081264981,0.3380725548940231,True,spline,1149.0,1824.9918419366136,25
0.7246733343887345,1.073891383123678,0.3492180487349435,True,spline+,1149.0,1913.9909673524237,25
0.6291384386677636,1.031610506062013,0.4024720673942494,True,uniform,1149.0,1210.77147427946,25
0.5684246532952049,0.9526513193776456,0.3842266660824407,True,classical,1149.0,1110.4519418962802,25
0.6839302563635635,1.1328761380712424,0.4489458817076789,True,active,919.0,1162.633671788316,84
0.6292901310934111,1.0162200926128109,0.3869299615193995,True,active+,919.0,1289.1681176435486,84
0.67839598296123,1.044656213088086,0.366260230126856,True,spline,919.0,1588.7323785003614,84
0.6675386155710465,1.013240370371615,0.3457017548005685,True,spline+,919.0,1700.2710665658733,84
0.5646699617191724,0.9785086124490296,0.4138386507298571,True,uniform,919.0,979.5985650462408,84
0.5479876567083442,0.9681636963326192,0.4201760396242752,True,classical,919.0,914.0876677263882,84
0.5478823506649843,0.959315563835304,0.4114332131703199,True,active,919.0,943.6599075805156,90
0.584043704912846,0.9784472002931174,0.3944034953802714,True,active+,919.0,1112.1276770158358,90
0.6188247471619452,0.9591592463574038,0.3403344991954585,True,spline,919.0,1541.78844102701,90
0.6140832372779171,0.9374587265813508,0.3233754893034335,True,spline+,919.0,1654.517766807772,90
0.5984708722106514,1.048201700219036,0.4497308280083846,True,uniform,919.0,942.6702873913778,90
0.5445729400984393,0.9575324688382792,0.4129595287398399,True,classical,919.0,929.6724181097152,90
0.6436412299875701,1.037049661394401,0.3934084314068308,True,active,1149.0,1301.4088995522775,31
0.6116487379059085,0.9592583458873604,0.3476096079814518,True,active+,1149.0,1462.2091871466876,31
0.6650424548326312,0.9906945562513684,0.3256521014187371,True,spline,1149.0,1864.0671179938136,31
0.6863084931972887,1.0141476075228602,0.3278391143255714,True,spline+,1149.0,1941.9993160503177,31
0.6163496363180703,0.9999515699728376,0.3836019336547674,True,uniform,1149.0,1264.5651744522472,31
0.5285925076444786,0.8944186830039321,0.3658261753594535,True,classical,1149.0,1070.3845198028232,31
0.6094108467561516,0.9793214735929991,0.3699106268368475,True,active,1072.0,1315.859264385811,99
0.6064410922023438,0.9557257826036708,0.3492846904013271,True,active+,1072.0,1431.122660101811,99
0.6272339302206783,0.9420278624176264,0.314793932196948,True,spline,1072.0,1790.020169717178,99
0.6459521837244458,0.9605392909470414,0.3145871072225955,True,spline+,1072.0,1880.8863795046263,99
0.6038138208830602,1.019035347361113,0.4152215264780524,True,uniform,1072.0,1081.088895848328,99
0.6318110049944999,1.0813961331626056,0.4495851281681057,True,classical,1072.0,1025.2143351295003,99
0.6518262083681426,1.0665465081403258,0.4147202997721831,True,active,1149.0,1221.2293559952068,19
0.666356311103325,1.0632929155180098,0.3969366044146847,True,active+,1149.0,1355.9535542079354,19
0.6140845987512243,0.9134551636857412,0.2993705649345169,True,spline,1149.0,1877.7408827879715,19
0.6330005167428743,0.9340338115611942,0.30103329481832,True,spline+,1149.0,1956.353256962225,19
0.6670953616955889,1.0748143852310448,0.4077190235354558,True,uniform,1149.0,1301.5364213755822,19
0.7168596938704447,1.1906218852559018,0.4737621913854571,True,classical,1149.0,1150.3289142077706,19
0.6073985505119391,1.0254025335835366,0.4180039830715975,True,active,919.0,1079.811139309481,47
0.6205252077970272,1.0211044241731937,0.4005792163761664,True,active+,919.0,1193.5796789479982,47
0.5729402465094479,0.888425652321333,0.3154854058118851,True,spline,919.0,1538.735466313843,47
0.5669526812453489,0.8698337843943635,0.3028811031490146,True,spline+,919.0,1616.2108420996187,47
0.5837071417889881,1.0081578371769302,0.4244506953879421,True,uniform,919.0,991.4923437875212,47
0.5599576863333935,0.9795636708536296,0.419605984520236,True,classical,919.0,946.7452077000942,47
0.6149716365880444,1.0416783054997087,0.4267066689116643,True,active,919.0,1066.0987021022736,53
0.631931199060102,1.0308275519740702,0.3988963529139682,True,active+,919.0,1236.5832856473328,53
0.6008930204752938,0.9152035536377544,0.3143105331624607,True,spline,919.0,1672.7568134119267,53
0.6185221462296555,0.9321748579923914,0.3136527117627359,True,spline+,919.0,1759.844325777242,53
0.7046887798584569,1.173390166941931,0.4687013870834744,True,uniform,919.0,1138.8733666715236,53
0.6970955398110231,1.2635334187977678,0.5664378789867447,True,classical,919.0,837.1002290610757,53
0.5847018139001547,0.9587797955885288,0.3740779816883739,True,active,1072.0,1210.6035355887236,72
0.6273006486313896,0.9964060340289194,0.3691053853975298,True,active+,1072.0,1382.8836707182372,72
0.684282748053667,1.0359131569931117,0.3516304089394445,True,spline,1072.0,1722.023822627306,72
0.6862970826784069,1.0257384702019758,0.3394413875235689,True,spline+,1072.0,1833.5585297644611,72
0.5879958743677822,0.9811063512209528,0.3931104768531707,True,uniform,1072.0,1129.7055756409295,72
0.6371570414873714,1.0719568120069118,0.4347997705195404,True,classical,1072.0,1094.0990810036162,72
0.6452885262846084,1.034185058721085,0.3888965324364766,True,active,1072.0,1330.9437576583673,66
0.5689627794579061,0.8954441898368006,0.3264814103788945,True,active+,1072.0,1439.7098950182278,66
0.6605299138042092,0.991914223804868,0.3313843100006587,True,spline,1072.0,1791.0862863944733,66
0.6596284828135879,0.9801441443679348,0.3205156615543469,True,spline+,1072.0,1887.984268359906,66
0.6603829948533093,1.0740033401754632,0.4136203453221538,True,uniform,1072.0,1251.9287460738649,66
0.6732371466757207,1.126923209485316,0.4536860628095952,True,classical,1072.0,1115.7673316349922,66
0.6771942075314107,1.237556167408978,0.5603619598775674,True,active,536.0,814.5107036642511,36
0.6735437870481316,1.2122711968633697,0.5387274098152381,True,active+,536.0,857.2957055445926,36
0.6350642451315344,1.0934183970726554,0.458354151941121,True,spline,536.0,1002.9948088788792,36
0.6743552452527676,1.1218630900106372,0.4475078447578696,True,spline+,536.0,1142.936494617908,36
0.3707635279824385,0.8608485164382991,0.4900849884558605,True,uniform,536.0,417.3011172296576,36
0.4395853486152221,0.9797052241542492,0.5401198755390272,True,classical,536.0,461.0189053554154,36
0.5515305316962732,1.0327840301401787,0.4812534984439055,True,active,766.0,752.4297180870415,47
0.4958949239873892,0.8658874732062558,0.3699925492188666,True,active+,766.0,953.05762811723,47
0.6944385108917437,1.1257452123523202,0.4313067014605765,True,spline,766.0,1268.7335999356917,47
0.6802821164430191,1.07195825385584,0.3916761374128208,True,spline+,766.0,1431.9324006441814,47
0.5110518811737085,0.9612319635956796,0.450180082421971,True,uniform,766.0,741.9177815170406,47
0.5142609592114189,0.9635177002914508,0.449256741080032,True,classical,766.0,751.126801119231,47
0.6321961476682701,1.0777353662438698,0.4455392185755996,True,active,766.0,1040.6491873922764,53
0.6753226931274898,1.1187052535584825,0.4433825604309926,True,active+,766.0,1162.2759901278537,53
0.542277778617911,0.8361862343416552,0.2939084557237441,True,spline,766.0,1578.7622740342845,53
0.5477900311189631,0.836456677602203,0.2886666464832399,True,spline+,766.0,1652.6387802605268,53
0.6722242349699262,1.142240059047802,0.4700158240778757,True,uniform,766.0,1053.4982840760636,53
0.4756570636050172,0.9460695935490574,0.4704125299440402,True,classical,766.0,626.2434390520749,53
0.6047476095768773,1.0652892393569418,0.4605416297800644,True,active,689.0,923.6636787702796,16
0.632271495166563,1.0689980303691975,0.4367265352026347,True,active+,689.0,1073.639887367789,16
0.5897135435058926,0.9401965901349758,0.3504830466290832,True,spline,689.0,1360.895648223216,16
0.6073475585809703,0.9513243755238536,0.3439768169428834,True,spline+,689.0,1470.3559368065924,16
0.8142174031230487,1.4613973135653613,0.6471799104423126,False,uniform,689.0,865.4552588808531,16
0.5903413908391221,1.160174333823847,0.569832942984725,True,classical,689.0,648.6763378207855,16
0.3546961512157532,0.8805612010468039,0.5258650498310506,True,active,536.0,358.1183042122648,22
0.4993916945199423,1.016114010326237,0.5167223158062946,True,active+,536.0,586.8053121880853,22
0.6743633163059537,1.1883217656050846,0.5139584492991309,True,spline,536.0,922.5622912150662,22
0.6234762933222656,1.0584549961350116,0.434978702812746,True,spline+,536.0,1057.0834055473017,22
0.6241728371416119,1.2414711596202384,0.6172983224786265,True,uniform,536.0,626.2323840745931,22
0.5224796479538356,1.0868694489085615,0.5643898009547261,True,classical,536.0,551.8973999558486,22
0.543284494584817,0.9835892776714426,0.4403047830866256,True,active,766.0,840.4023956865988,84
0.5240803093770611,0.9007096934747435,0.3766293840976824,True,active+,766.0,1009.6734510802522,84
0.5824318686096986,0.912761417275967,0.3303295486662684,True,spline,766.0,1467.0298019723489,84
0.5960141696989051,0.9183413344559612,0.322327164757056,True,spline+,766.0,1584.3786944559,84
0.5411447165082602,0.9969959518370234,0.4558512353287631,True,uniform,766.0,792.9964622398886,84
0.5204841338908494,0.9842526784904748,0.4637685445996256,True,classical,766.0,729.4440973092015,84
0.4867403110154524,0.8921893855313887,0.4054490745159363,True,active,766.0,806.4336701814722,90
0.5371380848677304,0.9315524998705308,0.3944144150028005,True,active+,766.0,976.7213669122256,90
0.5501271840471023,0.8704402131183478,0.3203130290712456,True,spline,766.0,1406.365610704446,90
0.6254416097541095,0.9770962869917394,0.35165467723763,True,spline+,766.0,1487.72089341949,90
0.5873645933526489,1.1025125475592403,0.5151479542065914,True,uniform,766.0,746.7406749178454,90
0.5262713811379709,0.9619827031236454,0.4357113219856745,True,classical,766.0,813.8527445736362,90
0.3893224841005409,0.9060239621710072,0.5167014780704664,True,active,613.0,415.02798150438576,20
0.4495363686370988,0.906284096238394,0.4567477276012953,True,active+,613.0,602.3297266500916,20
0.6319548503815566,1.0625606428760077,0.4306057924944508,True,spline,613.0,1096.651995341011,20
0.7512749573664621,1.2249408884178534,0.4736659310513913,True,spline+,613.0,1238.9140997206878,20
0.7179885251575948,1.2777588752838611,0.5597703501262663,True,uniform,613.0,891.203478158681,20
0.6552500398273636,1.2853750539883977,0.6301250141610338,True,classical,613.0,652.2156010407579,20
0.4808125243674015,0.9766799817415492,0.4958674573741477,True,active,613.0,589.5716398099914,34
0.5745515487382751,1.0589689644423586,0.4844174157040835,True,active+,613.0,791.9560538635916,34
0.5457224086565831,0.92735375335162,0.3816313446950369,True,spline,613.0,1053.21991242232,34
0.6353273367572803,1.0454956418103645,0.4101683050530842,True,spline+,613.0,1193.425688353184,34
0.7596861486420656,1.3354249561838898,0.5757388075418242,True,uniform,613.0,930.5239551541492,34
0.5738111913458505,1.1312638724086306,0.5574526810627801,True,classical,613.0,642.6397669563637,34
0.6617035589400881,1.1152388239817703,0.4535352650416822,True,active,842.0,1086.6447967776237,7
0.5509252776971489,0.9015300531280004,0.3506047754308514,True,active+,842.0,1220.7779925099724,7
0.5734249593149654,0.8878684522028316,0.3144434928878662,True,spline,842.0,1549.1217103565468,7
0.5805249053344691,0.8853434842367901,0.304818578902321,True,spline+,842.0,1662.3617836737951,7
0.6652085046343386,1.0970929106026668,0.4318844059683282,True,uniform,842.0,1182.8933358326665,7
0.5555027215089013,1.019868062562446,0.4643653410535445,True,classical,842.0,802.1723007540728,7
0.4885839470791785,0.9692659858601502,0.4806820387809717,True,active,689.0,630.990130363551,8
0.4626010001827064,0.8453031051291325,0.3827021049464261,True,active+,689.0,814.7956284102416,8
0.787706127147598,1.317786083516556,0.530079956368958,True,spline,689.0,1118.2206786206566,8
0.7443976310909053,1.209829257936823,0.4654316268459177,True,spline+,689.0,1255.3814790794445,8
0.6313426468540689,1.130110426811319,0.4987677799572497,True,uniform,689.0,873.4978751744017,8
0.4692081082084359,0.9230256583157248,0.4538175501072888,True,classical,689.0,646.786991045574,8
0.515369779169183,0.9413832917484992,0.4260135125793161,True,active,842.0,815.782219084555,37
0.5817547972955219,1.0022911899762053,0.4205363926806833,True,active+,842.0,1000.5744759292288,37
0.7143838256216389,1.137208138386528,0.4228243127648891,True,spline,842.0,1369.9319577085416,37
0.6953552377340115,1.081025939912219,0.3856707021782075,True,spline+,842.0,1520.8393032291058,37
0.6195884256891928,1.0954993388700407,0.4759109131808479,True,uniform,842.0,911.6458664483488,37
0.5854702212937349,1.0543820436738618,0.4689118223801268,True,classical,842.0,855.5568620822972,37
0.3816817721835187,0.9701664286858294,0.5884846565023106,True,active,459.0,340.2412401814486,17
0.4243881536378133,0.9070679425621592,0.4826797889243459,True,active+,459.0,513.2212253022742,17
0.45493431787305,0.8685715140143025,0.4136371961412525,True,spline,459.0,708.0067457436193,17
0.4855078712457872,0.8652226669573524,0.3797147957115652,True,spline+,459.0,886.9451873516307,17
0.3417595487648694,0.8435378807199094,0.50177833195504,True,uniform,459.0,362.731363062932,17
0.4611270340095296,1.049396272095079,0.588269238085549,True,classical,459.0,437.9068994805973,17
0.7075659079232111,1.1292935574828415,0.4217276495596305,True,active,996.0,1354.7043919483142,48
0.4910677712236166,0.7880198912173464,0.2969521199937298,False,active+,996.0,1323.8069055669189,48
0.6498408781121615,0.9804069831933254,0.3305661050811639,True,spline,996.0,1750.844995393604,48
0.6635427013118489,0.9906432902460816,0.3271005889342327,True,spline+,996.0,1843.6027163227757,48
0.5895461246923294,1.026520813253909,0.4369746885615796,True,uniform,996.0,962.7518111564868,48
0.6431424925629198,1.086150149665991,0.4430076571030713,True,classical,996.0,1078.274148644858,48
0.6679783433431324,1.0885162197600444,0.420537876416912,True,active,996.0,1241.7630564043868,8
0.6772403027585036,1.0738486932936724,0.3966083905351688,True,active+,996.0,1393.4073611910403,8
0.6285654437322399,0.95536920044393,0.32680375671169,True,spline,996.0,1689.35422236949,8
0.6382626172911195,0.958540520725948,0.3202779034348283,True,spline+,996.0,1790.4891999284491,8
0.3909165843819603,0.7150384777921677,0.3241218934102073,False,uniform,996.0,812.0673596872026,8
0.6547061360943532,1.1127306782591468,0.4580245421647936,True,classical,996.0,1052.5798410504487,8
0.5673606014268665,1.025954404560116,0.4585938031332494,True,active,842.0,843.7873436700186,23
0.5571070527360501,0.9486236194245574,0.3915165666885073,True,active+,842.0,1045.201232357717,23
0.5206226739581008,0.8046190550700036,0.2839963811119028,True,spline,842.0,1562.337990000699,23
0.5173984021018955,0.7914448406761273,0.2740464385742318,False,spline+,842.0,1638.947317631507,23
0.5717883140438541,1.0087912780691055,0.4370029640252516,True,uniform,842.0,918.6308079138686,23
0.4939126390532594,0.9298336400919904,0.4359210010387311,True,classical,842.0,739.8027951031202,23
0.6191846479605283,1.032864058404127,0.4136794104435988,True,active,996.0,1130.9140102222646,60
0.5855576848130192,0.9391579701126568,0.3536002852996376,True,active+,996.0,1326.7350731075342,60
0.6011678056140517,0.907749592924034,0.3065817873099823,True,spline,996.0,1743.5940299129384,60
0.6121337499142641,0.9148133112146916,0.3026795613004276,True,spline+,996.0,1834.364414831756,60
0.6540898711538473,1.070833141634584,0.4167432704807366,True,uniform,996.0,1218.533788735312,60
0.5026588115403552,0.8765152457809023,0.3738564342405471,True,classical,996.0,957.6856852942124,60
0.6345072728362451,1.0603750473730025,0.4258677745367574,True,active,996.0,1122.816124972854,74
0.5301411956831816,0.8618314400044744,0.3316902443212928,True,active+,996.0,1254.0531125185985,74
0.6813900986473256,1.0436960930741952,0.3623059944268696,True,spline,996.0,1628.6495297646984,74
0.6641484104789679,1.002859535002172,0.3387111245232042,True,spline+,996.0,1743.503967639937,74
0.7043761640431143,1.1407234959432524,0.4363473319001381,True,uniform,996.0,1273.9571992154565,74
0.4825755476864554,0.8588963467730832,0.3763207990866278,True,classical,996.0,890.8899843708076,74
0.6236756694916923,1.0229700233842054,0.3992943538925131,True,active,996.0,1209.2556182824471,75
0.6051386088592782,0.9657216069337536,0.3605829980744754,True,active+,996.0,1355.2765759228164,75
0.6387665493183211,0.9643555563820352,0.3255890070637141,True,spline,996.0,1745.062664769733,75
0.6646786411108582,0.9930972192139008,0.3284185781030426,True,spline+,996.0,1836.5974649399209,75
0.5588924803354526,0.9483465327028522,0.3894540523673996,True,uniform,996.0,1059.051361807473,75
0.6034687792360456,1.0391767011749178,0.4357079219388722,True,classical,996.0,1002.4349927428232,75
0.7663895835873871,1.2398464534945666,0.4734568699071795,True,active,996.0,1279.5419470286877,61
0.7506102947147435,1.1819906481437046,0.4313803534289611,True,active+,996.0,1436.1368126174548,61
0.6670886206426534,1.0151155709707964,0.348026950328143,True,spline,996.0,1679.8942814964894,61
0.6847430486365845,1.0277074464720362,0.3429643978354516,True,spline+,996.0,1795.9599557398797,61
0.6426605570461941,1.0647270953008126,0.4220665382546185,True,uniform,996.0,1161.7212956221797,61
0.5869253466258668,1.0136025307564276,0.4266771841305607,True,classical,996.0,991.8993908311144,61
0.5909472296597897,1.0213782985370623,0.4304310688772728,True,active,842.0,988.9538731550214,22
0.5881515055291969,0.9781909791084964,0.3900394735792993,True,active+,842.0,1144.144023945992,22
0.5988258752369722,0.9443164574378788,0.3454905822009066,True,spline,842.0,1427.1851344413146,22
0.61150207921686,0.9474790086088356,0.3359769293919756,True,spline+,842.0,1544.2440939788935,22
0.4583205904261013,0.8497662030618943,0.3914456126357929,True,uniform,842.0,776.8129290641372,22
0.5108776501767593,0.9251848262230008,0.4143071760462415,True,classical,842.0,839.5871733664634,22
0.6408473207630806,1.0430581964397332,0.4022108756766526,True,active,996.0,1247.8580676048616,9
0.5970067090278524,0.945947069471588,0.3489403604437356,True,active+,996.0,1397.770033780228,9
0.6080569078496727,0.9149924835728882,0.3069355757232155,True,spline,996.0,1773.133725331655,9
0.626591781871485,0.9336292722144292,0.3070374903429441,True,spline+,996.0,1861.928896359168,9
0.7429008650693739,1.1896337717432988,0.4467329066739248,True,uniform,996.0,1335.6589668423665,9
0.6909235438756849,1.2071218651467228,0.5161983212710379,True,classical,996.0,951.0973837899546,9
0.5239803604176541,0.9236695205939224,0.3996891601762683,True,active,996.0,921.3524266814024,49
0.5839339866639797,0.987873427937256,0.4039394412732762,True,active+,996.0,1071.1563401919843,49
0.6835824818759815,1.0475778092759125,0.3639953273999308,True,spline,996.0,1624.8369664397565,49
0.7711843811520918,1.163391557660247,0.3922071765081552,True,spline+,996.0,1751.4664115564635,49
0.665205668679103,1.1158811830730058,0.4506755143939027,True,uniform,996.0,1106.4919233275034,49
0.6234940097742419,1.076485468155873,0.4529914583816312,True,classical,996.0,992.810759338138,49
0.4763127008854652,0.9998537255993368,0.5235410247138718,True,active,459.0,538.4883182110334,16
0.522722559143305,1.0416099616870786,0.5188874025437736,True,active+,459.0,622.8818256164382,16
0.5552106504773917,0.9923826325723596,0.437171982094968,True,spline,459.0,877.8974541957036,16
0.6276555769491158,1.086778783703813,0.4591232067546972,True,spline+,459.0,982.4784837808588,16
0.5364297653781019,1.1663486524906126,0.6299188871125107,True,uniform,459.0,490.8342742227645,16
0.5519599446785477,1.2612276420143835,0.7092676973358358,True,classical,459.0,433.6054210299797,16
0.6638862782879001,1.138328324872122,0.4744420465842217,True,active,842.0,1018.4289740162684,36
0.6829145035595879,1.1266728947314684,0.4437583911718804,True,active+,842.0,1181.3064492631029,36
0.7310505982871681,1.162574468368583,0.4315238700814149,True,spline,842.0,1375.853992752842,36
0.7074559962560476,1.0999980332985315,0.3925420370424841,True,spline+,842.0,1519.8383594313823,36
0.4751475641977879,0.8722480086486502,0.3971004444508622,True,uniform,842.0,802.4540258768847,36
0.6085959353905306,1.0764447154735786,0.467848780083048,True,classical,842.0,910.5135090625038,36
0.7465719017581476,1.3381194886724614,0.5915475869143139,True,active,689.0,869.5901434089342,9
0.724335888533657,1.242231691384029,0.517895802850372,True,active+,689.0,1017.6574519911312,9
0.6859937046283825,1.154215722500692,0.4682220178723094,True,spline,689.0,1093.7499695935685,9
0.6528381721513279,1.0533589536488213,0.4005207814974933,True,spline+,689.0,1293.71407095696,9
0.662309979155047,1.215335261839339,0.553025282684292,True,uniform,689.0,803.5299426899447,9
0.565431844762857,1.08353707543322,0.5181052306703628,True,classical,689.0,699.9754835820656,9
0.4484383950476606,0.8291052576356546,0.3806668625879939,True,active,842.0,783.949347444071,6
0.5064759991336246,0.8686235492458186,0.362147550112194,True,active+,842.0,1017.5694594398202,6
0.642972676883759,1.0178485421307306,0.3748758652469716,True,spline,842.0,1403.338653298462,6
0.6093830688193687,0.9450283344641496,0.3356452656447809,True,spline+,842.0,1538.046141616557,6
0.5818516570330701,1.026146658225905,0.4442950011928348,True,uniform,842.0,919.890522575474,6
0.5265753026365424,0.9448500639660264,0.4182747613294839,True,classical,842.0,866.3111217866286,6
0.3512680409333622,0.7754786986176059,0.4242106576842436,False,active,613.0,472.1329410874545,35
0.4182956878291943,0.813526081858634,0.3952303940294396,True,active+,613.0,669.1881672333186,35
0.6058765738099372,1.0309722997105648,0.4250957259006276,True,spline,613.0,1047.8508896478725,35
0.6279051106254971,1.0328546754477688,0.4049495648222716,True,spline+,613.0,1195.4085018872408,35
0.2807178858109884,0.7004300001137164,0.4197121143027279,False,uniform,613.0,354.17626752496375,35
0.4494505185603903,0.9046258491569836,0.4551753305965933,True,classical,613.0,605.1581150375265,35
0.5425092607316647,1.096473118206387,0.5539638574747222,True,active,613.0,598.0354041524831,21
0.5864070093849851,1.1016787605183431,0.5152717511333582,True,active+,613.0,744.6695175760962,21
0.4743144534621696,0.8154182208317159,0.3411037673695463,True,spline,613.0,1008.5833888122876,21
0.504228806541691,0.8352614314969797,0.3310326249552887,True,spline+,613.0,1162.3773644927494,21
0.6031390158980152,1.0806500214923596,0.4775110055943443,True,uniform,613.0,870.6590531924826,21
0.636937497233316,1.2640396614660037,0.6271021642326876,True,classical,613.0,630.31152891618,21
0.7411210468837302,1.2461702733790043,0.5050492264952742,True,active,766.0,1096.4521360397075,91
0.7282607422245608,1.1923880652839236,0.4641273230593628,True,active+,766.0,1218.006427143192,91
0.5792844812087597,0.9268821822519204,0.3475977010431605,True,spline,766.0,1340.2401875316193,91
0.588773167344055,0.924252201963102,0.335479034619047,True,spline+,766.0,1456.1084371525096,91
0.4518317330020746,0.8779640144876171,0.4261322814855424,True,uniform,766.0,670.9898397993062,91
0.5402958641253112,0.97642328000622,0.4361274158809087,True,classical,766.0,845.5112377986541,91
0.7453909236122411,1.2845355819607995,0.5391446583485584,True,active,766.0,999.6594701425176,85
0.6804834001424145,1.128411052312156,0.4479276521697415,True,active+,766.0,1157.566450000356,85
0.6150710403595496,0.964015034044791,0.3489439936852414,True,spline,766.0,1466.3325454371927,85
0.64473601070762,0.9936706464694298,0.3489346357618098,True,spline+,766.0,1582.473472261656,85
0.5960917398429387,1.0471386296769996,0.4510468898340608,True,uniform,766.0,932.7629171883228,85
0.5960650148635123,1.1490339355049235,0.5529689206414112,True,classical,766.0,687.3822098701992,85
0.5679230737314546,0.9846129046386052,0.4166898309071505,True,active,766.0,977.9100921254468,52
0.591994739007188,0.99411314158999,0.402118402582802,True,active+,766.0,1102.0142742364378,52
0.6031941995811638,0.9765384447593786,0.3733442451782147,True,spline,766.0,1275.7058360235549,52
0.6196976184429875,0.9770624611904536,0.3573648427474661,True,spline+,766.0,1428.2607255886778,52
0.5020269581889307,0.9311934900041582,0.4291665318152274,True,uniform,766.0,775.7547744626593,52
0.6057217308192673,1.1286768568197594,0.5229551260004921,True,classical,766.0,764.410784823187,52
0.5930886211306993,1.1191467425154795,0.5260581213847803,True,active,689.0,734.3812060836099,17
0.6216302488507054,1.0962326469125938,0.4746023980618884,True,active+,689.0,920.0889257156684,17
0.630186707029213,1.024661205296763,0.39447449826755,True,spline,689.0,1253.0995791479909,17
0.6351031850329673,1.0076252621222022,0.3725220770892349,True,spline+,689.0,1389.8720054058217,17
0.6854192802794576,1.1936326294852573,0.5082133492057996,True,uniform,689.0,962.2372019872004,17
0.5018907856933116,0.9719382952122556,0.4700475095189441,True,classical,689.0,677.8827084337746,17
0.8957570351493941,1.5587162423543952,0.6629592072050011,False,active,536.0,964.9391592445812,37
0.8413605492114393,1.435433680020167,0.5940731308087277,False,active+,536.0,1037.595003268359,37
0.6290328413878055,1.123182462525645,0.4941496211378395,True,spline,536.0,880.9990751367329,37
0.6539621732841165,1.112456318245571,0.4584941449614543,True,spline+,536.0,1049.0546963988718,37
0.6491364829267139,1.2198969289720891,0.5707604460453755,True,uniform,536.0,743.9559897400064,37
0.4447368048433243,0.9434709998404242,0.4987341949970998,True,classical,536.0,523.4888147974665,37
0.5020259128669937,0.8883549329369257,0.3863290200699319,True,active,766.0,909.0615799611944,46
0.5103727176258377,0.8587821386254194,0.3484094209995817,True,active+,766.0,1093.4722203903775,46
0.5704068963156055,0.9108344953883448,0.3404275990727393,True,spline,766.0,1351.843243720664,46
0.5842702793928977,0.915681752302766,0.3314114729098684,True,spline+,766.0,1466.7498316903946,46
0.6414105872217514,1.1287470874732302,0.4873365002514788,True,uniform,766.0,926.9242501439084,46
0.5660426695314753,1.0645790722595905,0.4985364027281149,True,classical,766.0,742.1041788300954,46
0.6779626947623942,1.1005032249462263,0.4225405301838321,True,active,1072.0,1261.7573343768188,67
0.6247909060000247,0.98878910689319,0.3639982008931651,True,active+,1072.0,1405.051984047836,67
0.6062702321701486,0.9064644493378295,0.300194217167681,True,spline,1072.0,1830.200380753461,67
0.6010075038128745,0.8921711348791195,0.291163631066245,True,spline+,1072.0,1897.2893811638612,67
0.5782403713342233,0.9592767245484212,0.3810363532141978,True,uniform,1072.0,1155.6116156883425,67
0.6601061554254193,1.1214066912934697,0.4613005358680502,True,classical,1072.0,1054.3577471170152,67
0.6737679551000103,1.088551901448623,0.4147839463486124,True,active,1072.0,1286.6702757277424,73
0.6695290769138454,1.05729307774178,0.3877640008279345,True,active+,1072.0,1418.43885516171,73
0.6367754924729878,0.955858756164316,0.3190832636913283,True,spline,1072.0,1794.6262957300964,73
0.6233546654264509,0.9279957456291174,0.3046410802026664,True,spline+,1072.0,1870.104707634133,73
0.6060918037301208,1.0098312202950797,0.4037394165649588,True,uniform,1072.0,1136.1494879542693,73
0.6033145862865438,1.0302377125523972,0.4269231262658534,True,classical,1072.0,1034.0919179129353,73
0.6397777764540374,1.0831847949018696,0.4434070184478321,True,active,919.0,1068.0122216231273,52
0.5855568724446415,0.9541610547313176,0.3686041822866762,True,active+,919.0,1241.9963504375542,52
0.7339051091624265,1.1630881825658936,0.4291830734034672,True,spline,919.0,1396.5805162007837,52
0.7121535755551475,1.0996621233697943,0.3875085478146468,True,spline+,919.0,1568.6642188977337,52
0.5580366633878145,0.9599192880967148,0.4018826247089001,True,uniform,919.0,1006.3759654832234,52
0.548600085109549,0.9720820215911976,0.4234819364816485,True,classical,919.0,904.7735243173302,52
0.66614725009327,1.1082154763612462,0.4420682262679761,True,active,919.0,1142.9070072150776,46
0.6695337616578969,1.0987978771922429,0.4292641155343459,True,active+,919.0,1206.5454623768724,46
0.6963898166747472,1.0852471912222024,0.3888573745474551,True,spline,919.0,1504.3577555064978,46
0.6953589324628174,1.0622290004358,0.3668700679729825,True,spline+,919.0,1649.4108988518412,46
0.6898107195124834,1.1440127652335774,0.454202045721094,True,uniform,919.0,1157.027662253082,46
0.5142289593027963,0.9127161071326584,0.3984871478298619,True,classical,919.0,899.464484903894,46
0.6561747163346587,1.0436111743108454,0.3874364579761866,True,active,1149.0,1375.2275233427724,18
0.6802581498582275,1.0615727010012903,0.381314551143063,True,active+,1149.0,1495.03628629735,18
0.6100072092860928,0.907257208006297,0.2972499987202042,True,spline,1149.0,1879.1259576636796,18
0.6113295405294048,0.9026978460218402,0.2913683054924354,True,spline+,1149.0,1949.2288098454896,18
0.6380752429151978,1.0380528354832566,0.3999775925680587,True,uniform,1149.0,1250.2965806994496,18
0.6883380082367231,1.1326025507766266,0.4442645425399035,True,classical,1149.0,1193.96541412502,18
0.6887880725628607,1.1533403436587442,0.4645522710958835,True,active,919.0,1114.3163459818013,91
0.6973558643316954,1.1314560459538607,0.4341001816221653,True,active+,919.0,1264.187276944674,91
0.7126672744454249,1.1068407874022297,0.3941735129568046,True,spline,919.0,1527.7043411920529,91
0.7025495812598331,1.0712792594882006,0.3687296782283674,True,spline+,919.0,1663.545471900154,91
0.6465735585728475,1.1187420736524922,0.4721685150796447,True,uniform,919.0,985.0195722625645,91
0.5308818096824172,0.9254317240613076,0.3945499143788903,True,classical,919.0,958.7941833070068,91
0.6876134186609767,1.079798568777993,0.3921851501170162,True,active,1072.0,1453.7926473705163,98
0.6880740743453575,1.0611150315639013,0.3730409572185438,True,active+,1072.0,1577.989184871505,98
0.5732150143857709,0.8515075792419999,0.278292564856229,True,spline,1072.0,1890.612526056648,98
0.5932594027180609,0.8757014237803091,0.2824420210622482,True,spline+,1072.0,1952.8174063466336,98
0.5206117710209596,0.8766100169026514,0.3559982458816918,True,uniform,1072.0,1090.604854670773,98
0.6166643576120265,1.0296093118546068,0.4129449542425802,True,classical,1072.0,1126.8473320715675,98
0.6560738388435188,1.048826709899566,0.3927528710560473,True,active,1149.0,1345.2653713032896,30
0.6466945078933901,1.011406928761737,0.364712420868347,True,active+,1149.0,1480.4353424794022,30
0.6369585742482048,0.9500090406148116,0.3130504663666068,True,spline,1149.0,1852.786145860767,30
0.6563741199718077,0.9710027057518557,0.3146285857800479,True,spline+,1149.0,1930.888821648684,30
0.6810477089135889,1.0941489098378887,0.4131012009242998,True,uniform,1149.0,1317.3449294946074,30
0.7128893025811853,1.1681547951354192,0.4552654925542339,True,classical,1149.0,1214.0618963970303,30
0.6135519296072648,0.9886271422752092,0.3750752126679443,True,active,1149.0,1301.088494830213,24
0.607151980238236,0.9550781473617392,0.3479261671235033,True,active+,1149.0,1442.8315009195435,24
0.6321658867405027,0.939796745610708,0.3076308588702053,True,spline,1149.0,1883.3312665477972,24
0.6359802384777863,0.9381299598759724,0.3021497213981861,True,spline+,1149.0,1959.5796195275295,24
0.6825008077341492,1.0826918458479546,0.4001910381138054,True,uniform,1149.0,1390.608092794916,24
0.5980061403718783,1.0010120795616329,0.4030059391897546,True,classical,1149.0,1115.6933040070458,24
0.5179335985942621,0.9043996590055036,0.3864660604112415,True,active,919.0,952.9433746374668,85
0.5547420595935924,0.939923255894027,0.3851811963004347,True,active+,919.0,1064.955942097822,85
0.6147126497906099,0.938610642190026,0.3238979923994161,True,spline,919.0,1652.9265771158691,85
0.6485974895493474,0.97885536936456,0.3302578798152125,True,spline+,919.0,1748.027135564406,85
0.7211920349474766,1.1873254952811618,0.4661334603336852,True,uniform,919.0,1191.285971985696,85
0.5282396409006727,0.9564671588049828,0.4282275179043101,True,classical,919.0,840.0595520494147,85
0.6047852733411818,0.9492056191761248,0.3444203458349429,True,active,1149.0,1457.349278515331,32
0.6101063249970278,0.9549464174042606,0.3448400924072328,True,active+,1149.0,1475.163853455348,32
0.6965303075341039,1.043470325950458,0.3469400184163539,True,spline,1149.0,1812.4036606625843,32
0.6964798503892414,1.03267692143515,0.3361970710459084,True,spline+,1149.0,1908.6721946585333,32
0.6166396175148868,0.999481332341678,0.3828417148267913,True,uniform,1149.0,1269.4964676448449,32
0.5423652384039659,0.9082791652687576,0.3659139268647916,True,classical,1149.0,1113.762662615624,32
0.6587231716503616,1.072158661170713,0.4134354895203513,True,active,919.0,1247.832699832758,93
0.5863211454186665,0.9338972179488678,0.3475760725302013,True,active+,919.0,1366.475778077991,93
0.6695358646971826,1.0363231548858851,0.3667872901887027,True,spline,919.0,1551.5833044322596,93
0.6485330887114688,0.9863081798392213,0.3377750911277524,True,spline+,919.0,1684.537502712149,93
0.5692322603519328,0.9848966071809684,0.4156643468290356,True,uniform,919.0,985.1097169292628,93
0.6433991894662612,1.1547086179800836,0.5113094285138224,True,classical,919.0,865.7007887776006,93
0.5403706734431418,0.9511176703654216,0.4107469969222798,True,active,919.0,926.3055509722888,87
0.5794439357215087,0.9691174885146022,0.3896735527930935,True,active+,919.0,1119.3792685625606,87
0.6729585475205984,1.0404306302471764,0.367472082726578,True,spline,919.0,1559.7369374223592,87
0.7834606176188534,1.1934365692688138,0.4099759516499603,True,spline+,919.0,1671.628924583561,87
0.5866016419991532,0.9767675270188309,0.3901658850196775,True,uniform,919.0,1138.8440447577375,87
0.6614998859915179,1.1616226712844908,0.5001227852929729,True,classical,919.0,933.9516562691074,87
0.5948461619444345,0.9578804998224616,0.3630343378780269,True,active,1149.0,1304.5434948928844,26
0.6196953874695118,0.972153602118614,0.3524582146491021,True,active+,1149.0,1460.368535445646,26
0.6461805479231001,0.9620844436331124,0.3159038957100124,True,spline,1149.0,1869.0545543155424,26
0.6348714518624395,0.9394383516596108,0.3045668997971713,True,spline+,1149.0,1928.3142290962696,26
0.5263969610445776,0.8705784172861589,0.3441814562415813,True,uniform,1149.0,1169.839898769418,26
0.6060156993431678,1.020235377809268,0.4142196784661003,True,classical,1149.0,1091.3372172368674,26
0.5984720174204802,0.9603853706046698,0.3619133531841896,True,active,1072.0,1323.73035232369,59
0.6013236938339894,0.9436875913773692,0.3423638975433797,True,active+,1072.0,1457.9325918200511,59
0.6388440711590283,0.9690224411840788,0.3301783700250505,True,spline,1072.0,1705.859780347374,59
0.6513916815092312,0.9755193213108716,0.3241276398016403,True,spline+,1072.0,1815.430890760621,59
0.5866354317928589,0.9808717796181844,0.3942363478253256,True,uniform,1072.0,1120.5936158274528,59
0.547337192506823,0.926787841711098,0.379450649204275,True,classical,1072.0,1067.5270062082084,59
0.6853209936635752,1.1395622990390404,0.4542413053754651,True,active,919.0,1145.080937343247,50
0.6957270605944241,1.1284010293822295,0.4326739687878054,True,active+,919.0,1266.0979270721982,50
0.6444310319212115,0.9871145686929476,0.3426835367717361,True,spline,919.0,1628.4230435986958,50
0.6418551191874443,0.97202668333337,0.3301715641459257,True,spline+,919.0,1719.0935312239992,50
0.5964186206912492,1.027665047910847,0.4312464272195977,True,uniform,919.0,1000.1811266054935,50
0.5767913173850814,1.025427712478893,0.4486363950938117,True,classical,919.0,894.3809092675523,50
0.4702616716940563,0.8490367210820366,0.3787750493879803,True,active,919.0,848.2787954354079,44
0.5180804193744919,0.8839155056243476,0.3658350862498557,True,active+,919.0,1037.4824327098331,44
0.6459421109310332,0.9899119575386384,0.3439698466076053,True,spline,919.0,1624.7036510641196,44
0.6315693668326772,0.9597810949354496,0.3282117281027725,True,spline+,919.0,1690.648330205344,44
0.6536168416700032,1.133088458880971,0.4794716172109678,True,uniform,919.0,978.2001040214052,44
0.6002156263057594,1.0652685435168443,0.4650529172110851,True,classical,919.0,899.6621786619638,44
0.7394300184781937,1.176069052243537,0.4366390337653434,True,active,1072.0,1375.0021324890167,65
0.6879720137957797,1.0755762289963149,0.387604215200535,True,active+,1072.0,1482.8213523947245,65
0.701966654665032,1.0614604232938252,0.3594937686287931,True,spline,1072.0,1731.634310911145,65
0.6931673398342341,1.035101688935748,0.341934349101514,True,spline+,1072.0,1841.5600772023763,65
0.6424536317637929,1.0485927012467922,0.4061390694829992,True,uniform,1072.0,1233.6926920215003,65
0.6328709620213827,1.0748715235085875,0.4420005614872048,True,classical,1072.0,1055.3477308608703,65
0.6063867130197977,1.0155577465013088,0.409171033481511,True,active,919.0,1113.489740842787,78
0.6362454202815887,1.0386580637678533,0.4024126434862646,True,active+,919.0,1232.7320452970985,78
0.586682061911386,0.8973974006652327,0.3107153387538466,True,spline,919.0,1639.188337332251,78
0.5949796895195744,0.8996129230034349,0.3046332334838605,True,spline+,919.0,1732.2859064760555,78
0.7766958258073403,1.2814514554248826,0.5047556296175423,True,uniform,919.0,1181.092662212396,78
0.6607705522949908,1.1579285411179685,0.4971579888229774,True,classical,919.0,940.897171464178,78
0.6482720138167284,1.062337780260663,0.4140657664439346,True,active,1072.0,1213.7556606054331,71
0.6953792592928225,1.104448181574449,0.4090689222816261,True,active+,1072.0,1383.3930442846372,71
0.6591629245037376,0.994242505388653,0.3350795808849154,True,spline,1072.0,1752.8036464277031,71
0.6624288484202044,0.9885449135684082,0.3261160651482038,True,spline+,1072.0,1847.661183523396,71
0.5234059146619763,0.8855912556885259,0.3621853410265496,True,uniform,1072.0,1070.620412943901,71
0.4928764696566747,0.8411663562833891,0.3482898866267143,True,classical,1072.0,1036.3186803741637,71
0.7759393924062568,1.296106119818112,0.5201667274118553,True,active,689.0,1124.93497403564,29
0.7743308699701847,1.2668067303701571,0.4924758603999724,True,active+,689.0,1221.9628438792563,29
0.6589237979407613,1.0769774640361078,0.4180536660953465,True,spline,689.0,1226.69058738664,29
0.6833396008509818,1.0856432837529926,0.4023036829020108,True,spline+,689.0,1381.6465702753176,29
0.657125200281494,1.2028530133089206,0.5457278130274266,True,uniform,689.0,810.0945859187726,29
0.5131347327743636,1.0088891585358408,0.4957544257614772,True,classical,689.0,647.828139453954,29
0.6396539175647462,1.1101541927750078,0.4705002752102616,True,active,766.0,974.1380738430134,78
0.6141968377362437,1.0274466209460529,0.413249783209809,True,active+,766.0,1118.510958763396,78
0.6025199475727309,0.9631066197038772,0.3605866721311465,True,spline,766.0,1345.9004925307768,78
0.6782566657556315,1.059393160316356,0.3811364945607245,True,spline+,766.0,1489.0655169456236,78
0.5991563002422597,1.0537235973873804,0.4545672971451207,True,uniform,766.0,928.9966823277728,78
0.403503568733705,0.7693362542140038,0.3658326854802987,False,classical,766.0,710.9809649107925,78
0.6349305930627723,1.0980591112266591,0.463128518163887,True,active,689.0,986.7805994395228,15
0.5927307013651077,0.9975494639975556,0.4048187626324477,True,active+,689.0,1092.684320173323,15
0.6449839286630517,1.0582177340562695,0.4132338053932178,True,spline,689.0,1207.8834002227636,15
0.658326361198299,1.0510979695607712,0.3927716083624721,True,spline+,689.0,1352.5452094886627,15
0.55404696244458,1.0058253922195677,0.4517784297749875,True,uniform,689.0,832.6997692276553,15
0.5984680436460054,1.1568003164149536,0.5583322727689483,True,classical,689.0,681.7346578385032,15
0.5050152546100459,1.0606804072019165,0.5556651525918705,True,active,536.0,537.700814482886,21
0.5387632835555729,1.0476976065671864,0.5089343230116135,True,active+,536.0,669.4204861952745,21
0.6880207872444376,1.2027259277819442,0.5147051405375066,True,spline,536.0,949.1849857718862,21
0.6765285634868986,1.132997336202237,0.4564687727153383,True,spline+,536.0,1113.6110200534806,21
0.7808529627016284,1.384056200237077,0.6032032375354489,True,uniform,536.0,903.7734476288972,21
0.7264572089909892,1.5873830127322108,0.8609258037412216,True,classical,536.0,484.61897256789433,21
0.624882422344509,1.070111325175466,0.4452289028309572,True,active,766.0,1023.170233773214,50
0.5525591384096469,0.9182396476522332,0.3656805092425862,True,active+,766.0,1147.8522895207675,50
0.5763875037481812,0.912657339255199,0.3362698355070178,True,spline,766.0,1401.896924351472,50
0.5956940108236776,0.9271948219129532,0.3315008110892756,True,spline+,766.0,1512.6444887955902,50
0.5526785039359076,1.0079504499797929,0.4552719460438853,True,uniform,766.0,820.0449370601925,50
0.5225342493247486,0.9864845009599534,0.4639502516352048,True,classical,766.0,733.2743031547545,50
0.6637676214290172,1.1356365682004437,0.4718689467714262,True,active,766.0,1026.7474864795663,44
0.6671411702658935,1.1072016338404598,0.4400604635745663,True,active+,766.0,1153.7899223702825,44
0.6470852703757894,1.0366344170284734,0.3895491466526839,True,spline,766.0,1333.2885769172135,44
0.6359255598782264,0.9940541696595232,0.3581286097812969,True,spline+,766.0,1483.840424543772,44
0.6400491171199265,1.1156645523204785,0.4756154352005519,True,uniform,766.0,959.0024387746377,44
0.5337306337268947,0.998814397638112,0.4650837639112173,True,classical,766.0,753.963713268894,44
0.8034381027162708,1.465598490937185,0.6621603882209143,False,active,536.0,819.4420964055919,35
0.6343842199269143,1.1389007991917994,0.5045165792648851,True,active+,536.0,864.7361481952296,35
0.6188896612425556,1.0313666942936202,0.4124770330510645,True,spline,536.0,1135.2328371467377,35
0.6705124275983514,1.0876243297902948,0.4171119021919434,True,spline+,536.0,1265.5253761845502,35
0.5193114087748071,1.0372708340422687,0.5179594252674616,True,uniform,536.0,618.616891312205,35
0.6287906878234761,1.3154117860132748,0.6866210981897987,True,classical,536.0,543.5014761228564,35
0.5674129418200629,1.0057522024927916,0.4383392606727287,True,active,766.0,903.7204245549794,93
0.6029585203728021,1.0423843898080478,0.4394258694352457,True,active+,766.0,988.1009857569022,93
0.5556049092443476,0.8833174261818517,0.3277125169375041,True,spline,766.0,1377.5302619231254,93
0.5683853705836364,0.8873740853673712,0.3189887147837348,True,spline+,766.0,1492.1342029944117,93
0.5666570105254028,1.032106678896891,0.465449668371488,True,uniform,766.0,823.5901837863051,93
0.4261346492589709,0.8322611799313843,0.4061265306724133,True,classical,766.0,660.8140409900177,93
0.6325582985976023,1.1176527642964602,0.4850944656988579,True,active,766.0,913.878232745289,87
0.6239560346592248,1.057061791003172,0.4331057563439473,True,active+,766.0,1065.4668840172387,87
0.6348888288150714,0.9944604395300756,0.3595716107150042,True,spline,766.0,1470.3787057123336,87
0.6490103203762826,1.0021334845041312,0.3531231641278486,True,spline+,766.0,1568.857724081419,87
0.7159079097502038,1.2126781695549913,0.4967702598047875,True,uniform,766.0,1066.0068047439918,87
0.7475171948534625,1.392109719201624,0.6445925243481616,True,classical,766.0,765.7938019277366,87
0.6095822211726415,1.1701537646971925,0.560571543524551,True,active,613.0,696.2871839289245,37
0.5767964952291548,1.0363244134454026,0.4595279182162478,True,active+,613.0,862.4297353403014,37
0.6389092916702519,1.0832468462427234,0.4443375545724715,True,spline,613.0,1062.2922632888387,37
0.6106874611883271,1.005003164385346,0.3943157031970188,True,spline+,613.0,1193.1637719548082,37
0.4298599354225452,0.9344871393481154,0.5046272039255703,True,uniform,613.0,491.03562051826015,37
0.4148068679103851,0.8256636696232165,0.4108568017128313,True,classical,613.0,624.8695997372129,37
0.598830351758473,1.1069243463326952,0.5080939945742222,True,active,613.0,784.4944425762958,23
0.5914758859210604,1.0354300016336635,0.4439541157126031,True,active+,613.0,944.3622346476196,23
0.6573137617124756,1.098523755947635,0.4412099942351595,True,spline,613.0,1122.6768501232102,23
0.6520669845567041,1.05212197367718,0.400054989120476,True,spline+,613.0,1293.6763581464843,23
0.5642705736108669,1.0669959622472416,0.5027253886363747,True,uniform,613.0,729.569264648305,23
0.3447609698136009,0.768446165094582,0.423685195280981,False,classical,613.0,460.9046455826703,23
0.3936695206575648,0.8802562188557886,0.4865866981982238,True,active,536.0,457.2666933480217,8
0.4294594696787061,0.8550733231413473,0.4256138534626412,True,active+,536.0,624.3518252674136,8
0.69396277881107,1.1854305468027175,0.4914677679916475,True,spline,536.0,1032.790985780227,8
0.7813455044002113,1.2956290493086553,0.514283544908444,True,spline+,536.0,1157.6954378201124,8
0.3814124051582254,0.8666328069943421,0.4852204018361166,True,uniform,536.0,439.5759363560952,8
0.3584387053600583,0.7694785872053999,0.4110398818453415,False,classical,536.0,507.3443668905745,8
0.5597416035387794,1.0281117710103331,0.4683701674715537,True,active,842.0,800.9882944690984,4
0.5634590106166475,1.0139048249263256,0.4504458143096781,True,active+,842.0,857.9617577666642,4
0.7478852495647785,1.202164086662764,0.4542788370979855,True,spline,842.0,1314.408215455169,4
0.716331363909164,1.1246199401848491,0.4082885762756851,True,spline+,842.0,1455.3751943818306,4
0.6934228078372447,1.17419988188374,0.4807770740464953,True,uniform,842.0,1067.3539402264232,4
0.4187679375586347,0.7705630857958157,0.351795148237181,False,classical,842.0,796.2647867819588,4
0.4077598675363718,0.7404061871657301,0.3326463196293583,False,active,996.0,832.1242445884847,88
0.4405815572043589,0.7453163109952299,0.3047347537908709,False,active+,996.0,1071.3744020551858,88
0.6935193474994554,1.066916880383059,0.3733975328836039,True,spline,996.0,1595.8421679950106,88
0.6685369105487486,1.0121756680115517,0.343638757462803,True,spline+,996.0,1721.206652151806,88
0.6427516560295342,1.0534402869183148,0.4106886308887806,True,uniform,996.0,1213.0614981870112,88
0.6536054550655799,1.13089853157764,0.47729307651206,True,classical,996.0,985.053156325956,88
0.62940543459238,1.108442283790036,0.4790368491976561,True,active,842.0,924.496529089148,20
0.6482860756304613,1.1094712177779231,0.4611851421474618,True,active+,842.0,1025.6386087538729,20
0.5809113920361538,0.8995947430420392,0.3186833510058854,True,spline,842.0,1548.0618905381791,20
0.641451097245553,0.9808867614487108,0.3394356642031578,True,spline+,842.0,1641.4405739567317,20
0.5505932159665382,0.9521412997733054,0.4015480838067672,True,uniform,842.0,987.020550335968,20
0.457604068871637,0.8325340686524587,0.3749299997808217,True,classical,842.0,826.7123363372275,20
0.6747907637814602,1.146331606724082,0.4715408429426219,True,active,842.0,1054.4330952186783,34
0.6437330198424123,1.05995066059668,0.4162176407542677,True,active+,842.0,1190.6151057471072,34
0.6313825383424346,0.984116003813586,0.3527334654711512,True,spline,842.0,1503.148776815069,34
0.6354219577190163,0.9770911669842164,0.3416692092652,True,spline+,842.0,1599.2451145773286,34
0.5004343153418781,0.9010393756146434,0.4006050602727653,True,uniform,842.0,856.2035352813679,34
0.449268654550601,0.8336755825119362,0.3844069279613351,True,classical,842.0,774.7261131950975,34
0.6310753929418466,1.2545936619672688,0.6235182690254223,True,active,459.0,627.113749870197,14
0.5834675213282954,1.1017607749298646,0.5182932536015692,True,active+,459.0,732.7691153557508,14
0.5308101112869715,0.9699978768303706,0.4391877655433991,True,spline,459.0,814.6356859818154,14
0.5624242823442334,0.9753203207882332,0.4128960384439999,True,spline+,459.0,977.0333374619528,14
0.6714788145637304,1.33526423336626,0.6637854188025297,True,uniform,459.0,626.638851176855,14
0.5941071338440768,1.392367327897787,0.7982601940537103,True,classical,459.0,408.1920794992127,14
0.7066503144994548,1.14989670108068,0.4432463865812251,True,active,996.0,1249.0350165567086,77
0.6912831658189268,1.096016576603142,0.4047334107842152,True,active+,996.0,1393.9525807403904,77
0.629192390144079,0.9522129481496618,0.3230205580055828,True,spline,996.0,1724.6494640622568,77
0.660698075553795,0.989910899182194,0.3292128236283991,True,spline+,996.0,1811.3101632497692,77
0.5953312018678022,0.9889638490205672,0.393632647152765,True,uniform,996.0,1149.4724366153605,77
0.7148034324697392,1.2396140339951371,0.5248106015253979,True,classical,996.0,976.897308953676,77
0.5546640744743565,1.1237410047433234,0.5690769302689669,True,active,459.0,593.9648113754864,28
0.5929982211847615,1.12194253678907,0.5289443156043085,True,active+,459.0,728.2954593954471,28
0.5585523666093343,1.0362413058649904,0.4776889392556561,True,spline,459.0,775.2686331167871,28
0.6338420574459025,1.1084142573554714,0.4745721999095689,True,spline+,459.0,947.9657614014664,28
0.5828274697493742,1.1883503155642798,0.6055228458149057,True,uniform,459.0,583.3837968328131,28
0.5097013234123774,1.163577564867738,0.6538762414553606,True,classical,459.0,434.5889706309712,28
0.5723055057581362,0.9530691499592736,0.3807636442011374,True,active,996.0,1138.3448566671425,63
0.6086770092445489,0.9904973209047022,0.3818203116601533,True,active+,996.0,1248.8916605054912,63
0.5988688946508159,0.9105093767012652,0.3116404820504492,True,spline,996.0,1686.905253703916,63
0.6268614443841773,0.942539203559954,0.3156777591757767,True,spline+,996.0,1780.0564193295293,63
0.5362137815425062,0.921340633631771,0.3851268520892648,True,uniform,996.0,1010.5733685923868,63
0.5279860755168737,0.9128482985912716,0.3848622230743977,True,classical,996.0,987.8044742960172,63
0.687217454847822,1.335843155571005,0.648625700723183,True,active,459.0,670.2401636984528,29
0.6797708219993704,1.2516553157817611,0.5718844937823907,True,active+,459.0,794.5390643158393,29
0.5705331775376157,1.0358990145175806,0.4653658369799649,True,spline,459.0,832.3108581179872,29
0.6593975619834095,1.1398975762667611,0.4805000142833516,True,spline+,459.0,988.28362948658,29
0.7513618170120805,1.4346096964688282,0.6832478794567477,True,uniform,459.0,707.8668185912805,29
0.7495084323361884,1.7329008818724,0.9833924495362116,True,classical,459.0,421.5134667751563,29
0.573155128014687,0.943141019839356,0.369985891824669,True,active,996.0,1193.6489607259534,76
0.5951319976886962,0.9559881617782896,0.3608561640895933,True,active+,996.0,1318.1089598737033,76
0.6548819347459836,0.9934555653903993,0.3385736306444157,True,spline,996.0,1704.983886397667,76
0.6774951009236736,1.014756874770515,0.3372617738468413,True,spline+,996.0,1814.144460351204,76
0.6443801058549781,1.090036513881541,0.4456564080265632,True,uniform,996.0,1071.5188519206365,76
0.7343272734336046,1.2483678712846038,0.5140405978509992,True,classical,996.0,1051.5818744693183,76
0.4674777242440684,1.0290527321235932,0.5615750078795247,True,active,459.0,475.59618741023746,15
0.4860165941004004,0.972314407960316,0.4862978138599155,True,active+,459.0,615.7800070003952,15
0.5189866177278301,0.9736689925054512,0.4546823747776212,True,spline,459.0,747.9468398302123,15
0.5927052194655569,1.0544067489587474,0.4617015294931905,True,spline+,459.0,892.3579087937906,15
0.5093256177618138,1.0685149549746338,0.5591893372128199,True,uniform,459.0,539.3562554792218,15
0.516221852297985,1.1167527987907004,0.6005309464927154,True,classical,459.0,497.2847272197662,15
0.6181176863993878,1.0672984038168478,0.44918071741746,True,active,842.0,992.4859795795712,35
0.5479755081331233,0.9139725868999528,0.3659970787668294,True,active+,842.0,1131.4329023743728,35
0.5893583354752612,0.9160088480833222,0.326650512608061,True,spline,842.0,1522.573235952292,35
0.6000173716439162,0.9185409327706276,0.3185235611267113,True,spline+,842.0,1632.9420415795244,35
0.5451770134367467,0.9584935502668036,0.413316536830057,True,uniform,842.0,930.0199098835318,35
0.5129469969532282,0.9239400522083256,0.4109930552550974,True,classical,842.0,855.0339651645643,35
0.6160240457392493,1.0757432633714763,0.4597192176322272,True,active,842.0,952.7492201870076,21
0.5560671499861543,0.9299322319549896,0.3738650819688353,True,active+,842.0,1119.789793602219,21
0.5575739779433649,0.8698423184469999,0.3122683405036349,True,spline,842.0,1497.1727678500438,21
0.5747148845474691,0.8832959273825962,0.3085810428351271,True,spline+,842.0,1603.001564766605,21
0.4656460151450384,0.8731158833597952,0.4074698682147567,True,uniform,842.0,749.2579267043976,21
0.5494228505785969,0.988471211804075,0.4390483612254782,True,classical,842.0,858.4835879313191,21
0.5506934170183283,0.956071830290226,0.4053784132718978,True,active,996.0,972.9804340913522,89
0.5741789359133589,0.9539550364687236,0.3797761005553648,True,active+,996.0,1148.8586042720126,89
0.6235636179009502,0.9424539582858148,0.3188903403848647,True,spline,996.0,1735.6514984958926,89
0.6391090313024105,0.9559603523287684,0.3168513210263579,True,spline+,996.0,1826.4261729928724,89
0.5227235688002055,0.9233907141219037,0.400667145321698,True,uniform,996.0,914.5656253719924,89
0.7486125333809082,1.2791072705865896,0.5304947372056814,True,classical,996.0,1031.815141896912,89
0.6044313521120419,1.0745560907438407,0.4701247386317988,True,active,842.0,894.4111835023064,5
0.5951218887055937,0.9976948874478349,0.4025729987422412,True,active+,842.0,1109.1581792720456,5
0.7194144892564608,1.1275851534273107,0.4081706641708499,True,spline,842.0,1466.157628297726,5
0.693741847581364,1.063869911122785,0.3701280635414209,True,spline+,842.0,1619.6737476626536,5
0.4874321898926489,0.8700088643827212,0.3825766744900722,True,uniform,842.0,882.17260939544,5
0.4283774966973889,0.7885634748912377,0.3601859781938488,False,classical,842.0,795.2121119798952,5
0.720090466466872,1.2622790308409289,0.5421885643740568,True,active,536.0,939.8381248632804,9
0.7154917964194688,1.2266912877310812,0.5111994913116124,True,active+,536.0,1018.8050770358362,9
0.6367468552204775,1.083486591384752,0.4467397361642745,True,spline,536.0,1047.9062979850676,9
0.610783263949913,1.0012912478325755,0.3905079838826625,True,spline+,536.0,1211.857369110439,9
0.7303723721433775,1.3757336889282723,0.6453613167848948,True,uniform,536.0,738.5393234852066,9
0.4888779875231162,1.069469785979408,0.5805917984562918,True,classical,536.0,483.2049386655891,9
0.4520810211416505,0.8936328997644464,0.4415518786227959,True,active,613.0,637.6638026435778,22
0.4971576701151449,0.9168937469748156,0.4197360768596705,True,active+,613.0,790.3443060413764,22
0.6489780141151634,1.1074169385694774,0.458438924454314,True,spline,613.0,1036.878093439061,22
0.6280302445848871,1.02765417347231,0.3996239288874228,True,spline+,613.0,1221.0186383803225,22
0.473585320837908,0.9354151236706724,0.4618298028327642,True,uniform,613.0,639.1173316058129,22
0.7682653631518862,1.4782472204316266,0.7099818572797404,True,classical,613.0,691.2735364892359,22
0.7056071333541934,1.2588950107628296,0.5532878774086362,True,active,613.0,883.4566978013223,36
0.6386674770722222,1.1025017182210428,0.4638342411488206,True,active+,613.0,993.4088886131854,36
0.6144586935199152,1.0481891147071825,0.4337304211872672,True,spline,613.0,1038.0785051918292,36
0.7114013038482578,1.169877679579254,0.4584763757309962,True,spline+,613.0,1196.7303408406772,36
0.5289369750746722,1.035150629934846,0.5062136548601739,True,uniform,613.0,656.8007212298901,36
0.3979064821277853,0.8606924392927855,0.4627859571650001,True,classical,613.0,497.44410918739806,36
0.6065221250056162,1.077605769688473,0.4710836446828571,True,active,766.0,896.3388778145256,86
0.5462789296008167,0.9211013635418756,0.3748224339410589,True,active+,766.0,1084.8393705561975,86
0.6611638106456913,1.0544009443052549,0.3932371336595636,True,spline,766.0,1359.296286759502,86
0.6554901208741902,1.024490220473797,0.3690000995996066,True,spline+,766.0,1484.7908859731544,86
0.6049886482834547,1.094823542622003,0.4898348943385483,True,uniform,766.0,841.6398067494096,86
0.4809244896423002,0.9061752976459224,0.4252508080036222,True,classical,766.0,737.759528644982,86
0.6013720417809861,1.08482836336815,0.483456321587164,True,active,766.0,850.7245196079679,92
0.6329105608277416,1.087776575320428,0.4548660144926865,True,active+,766.0,1009.5844532034652,92
0.620509509705604,0.988073305005648,0.3675637953000439,True,spline,766.0,1368.1373694231656,92
0.6740445899688797,1.0523361561862892,0.3782915662174094,True,spline+,766.0,1492.103127478848,92
0.6416526495286013,1.1406085622782849,0.4989559127496833,True,uniform,766.0,894.736786624994,92
0.5174536339610015,0.9586905085009992,0.4412368745399978,True,classical,766.0,778.6884516351098,92
0.6132110723947453,1.0770713932228335,0.4638603208280885,True,active,766.0,933.1943896930098,45
0.607714001305891,1.0314822446350436,0.4237682433291525,True,active+,766.0,1057.9111354456477,45
0.6624751513737397,1.084317388676289,0.421842237302549,True,spline,766.0,1219.6450325392248,45
0.6974290540998134,1.105252749339397,0.4078236952395839,True,spline+,766.0,1396.7364617069588,45
0.6320020622237774,1.1398844708273248,0.5078824086035474,True,uniform,766.0,851.2258183512411,45
0.5736586804599547,1.0885670689493607,0.514908388489406,True,classical,766.0,721.5862053756383,45
0.4051043068081175,0.9009243841815264,0.495820077373409,True,active,536.0,463.4944714235145,34
0.4349302180135999,0.8470545508720696,0.4121243328584696,True,active+,536.0,666.4000378675693,34
0.6432484285122375,1.113928227168971,0.4706797986567335,True,spline,536.0,981.994750280924,34
0.6442908366905636,1.074943087826704,0.4306522511361405,True,spline+,536.0,1130.0947903778394,34
0.5326233095174746,1.0725163059319558,0.5398929964144812,True,uniform,536.0,604.3754930071233,34
0.5088361082780819,1.0637350489184656,0.5548989406403837,True,classical,536.0,544.5204797004559,34
0.6070127475681959,1.184102023393951,0.5770892758257551,True,active,536.0,663.1911588170824,20
0.5973726692329058,1.0966490779836633,0.4992764087507575,True,active+,536.0,802.3880272442269,20
0.5973489096796809,1.031457412170573,0.4341085024908921,True,spline,536.0,992.4145537462082,20
0.6640148889962441,1.105787315790827,0.4417724267945826,True,spline+,536.0,1138.3726263408537,20
0.5444214209047133,1.075076308784064,0.5306548878793507,True,uniform,536.0,639.5589131553081,20
0.6808235685506503,1.411807784644407,0.7309842160937567,True,classical,536.0,556.671513239135,20
0.6277878352080843,1.1345921709163105,0.5068043357082261,True,active,689.0,845.3770007559725,14
0.4924593763606067,0.8563521105648657,0.3638927342042589,True,active+,689.0,967.3089391128927,14
0.6624740431283097,1.0728978667986,0.4104238236702903,True,spline,689.0,1273.7895330450274,14
0.6330017229176907,0.9982703447530936,0.365268621835403,True,spline+,689.0,1426.8060482425262,14
0.5524478966823436,1.0399172280835085,0.4874693314011646,True,uniform,689.0,740.0595511462592,14
0.6186425713599071,1.1997897968531346,0.5811472254932275,True,classical,689.0,674.889072329075,14
0.4574819907094674,0.8353873484726618,0.3779053577631944,True,active,766.0,816.616239216726,51
0.4559032253182465,0.7838394245304395,0.327936199212193,False,active+,766.0,1008.237282112387,51
0.6223794950918222,0.9954644326774628,0.3730849375856405,True,spline,766.0,1342.3721668842954,51
0.5940308170985058,0.9291843566043378,0.335153539505832,True,spline+,766.0,1479.42725915057,51
0.5599912804653808,1.0227483885752553,0.4627571081098744,True,uniform,766.0,816.156482014966,51
0.5121452632630819,0.945473946215494,0.433328682952412,True,classical,766.0,787.7844604287586,51
0.4964777396964252,0.8970092384330844,0.4005314987366592,True,active,766.0,846.2311688855509,79
0.5327011737545005,0.915035423092955,0.3823342493384545,True,active+,766.0,1011.674763704366,79
0.6364938709290207,1.0106657792442042,0.3741719083151835,True,spline,766.0,1384.9128402736094,79
0.5995642531910186,0.9301888411964934,0.3306245880054748,True,spline+,766.0,1535.1292946581373,79
0.5295924614230272,0.9860614350579308,0.4564689736349037,True,uniform,766.0,766.3050503921183,79
0.5207449322714444,0.9746756518517532,0.4539307195803087,True,classical,766.0,753.5627324561608,79
0.416544602967883,0.8342470169488481,0.417702413980965,True,active,689.0,613.8318206092952,28
0.4359292400314011,0.8156576417907387,0.3797284017593376,True,active+,689.0,754.3558862844791,28
0.5808860403104483,0.9625576774568988,0.3816716371464506,True,spline,689.0,1160.8828717385204,28
0.6200670264365854,0.9957553779385856,0.3756883515020001,True,spline+,689.0,1319.713752810076,28
0.4926191053349203,0.9364863040406368,0.4438671987057163,True,uniform,689.0,717.512889954135,28
0.4802413820147664,0.9685488071719808,0.4883074251572143,True,classical,689.0,601.6877362261296,28
0.8236766186432934,1.3466785329648088,0.5230019143215153,False,active,919.0,1225.1308953034245,79
0.7577192764578141,1.2085146700744889,0.4507953936166747,True,active+,919.0,1358.6677628870923,79
0.5993351237259509,0.928392343414748,0.329057219688797,True,spline,919.0,1546.0294813782823,79
0.5904642116087232,0.9022505175967872,0.3117863059880641,True,spline+,919.0,1647.182195876038,79
0.684062279905238,1.152820713273707,0.4687584333684689,True,uniform,919.0,1087.011875902163,79
0.6364962866485284,1.129308065419186,0.4928117787706576,True,classical,919.0,900.6397189348526,79
0.6644143919448401,1.104904021080779,0.4404896291359389,True,active,1072.0,1144.6508458491671,70
0.6557994695541723,1.0478493821383463,0.392049912584174,True,active+,1072.0,1348.2178103176084,70
0.7162302716948615,1.0881701990164618,0.3719399273216003,True,spline,1072.0,1692.6403208713275,70
0.717156935737663,1.0742420071948242,0.3570850714571612,True,spline+,1072.0,1813.4811500569667,70
0.6228176694103568,1.0264325341979847,0.403614864787628,True,uniform,1072.0,1186.342874887515,70
0.6350325356885644,1.0578101641151365,0.4227776284265718,True,classical,1072.0,1137.1609499215058,70
0.6733968074905846,1.0955805162211107,0.4221837087305261,True,active,1072.0,1249.9927697952266,64
0.6665868018658537,1.0508442536180922,0.3842574517522384,True,active+,1072.0,1429.1402617775996,64
0.5910193848673284,0.8836748876318112,0.2926555027644828,True,spline,1072.0,1830.0692856948224,64
0.6014249836221772,0.8919237381026537,0.2904987544804764,True,spline+,1072.0,1906.657671058878,64
0.5922104265119429,0.9787298965129,0.386519470000957,True,uniform,1072.0,1173.1419704056543,64
0.7155298991206448,1.2063691571561357,0.4908392580354906,True,classical,1072.0,1085.2271038822084,64
0.6413622634549929,1.0879528108621144,0.4465905474071214,True,active,919.0,1060.2712154596538,45
0.6710300212570175,1.1004714726823106,0.4294414514252931,True,active+,919.0,1210.0129935389327,45
0.5904752998366735,0.9198824231152471,0.3294071232785738,True,spline,919.0,1506.635087118656,45
0.6118271264582695,0.9374126052909486,0.3255854788326791,True,spline+,919.0,1626.4736815425929,45
0.7663434841003959,1.285450713779506,0.51910722967911,True,uniform,919.0,1106.7880042204804,45
0.6719755305134717,1.2032811165355186,0.5313055860220469,True,classical,919.0,872.4080439515411,45
0.6121691393691304,1.0015829531792024,0.389413813810072,True,active,1072.0,1221.60049735242,58
0.5985744846290617,0.9506460868104272,0.3520716021813654,True,active+,1072.0,1383.7090844262757,58
0.6353575404319111,0.9541084133438428,0.3187508729119318,True,spline,1072.0,1791.1286946175471,58
0.6713025600347222,0.9979095367620244,0.3266069767273023,True,spline+,1072.0,1883.9878714254453,58
0.552920891502262,0.9494315207932706,0.3965106292910086,True,uniform,1072.0,1012.9988733053232,58
0.6097019213216011,1.0237465568420483,0.4140446355204474,True,classical,1072.0,1102.4361449826995,58
0.7149124551392002,1.180023457527752,0.4651110023885517,True,active,919.0,1179.0683323205778,51
0.507448897486141,0.8290324021171882,0.3215835046310472,True,active+,919.0,1228.903883291737,51
0.6426646974053443,0.9932815505678204,0.3506168531624762,True,spline,919.0,1561.9961094150626,51
0.6226101149562047,0.9531615850018826,0.330551470045678,True,spline+,919.0,1632.665375177777,51
0.5964396226250814,1.021071504466024,0.4246318818409424,True,uniform,919.0,1024.406199058698,51
0.869298953163413,1.4925375924956663,0.6232386393322533,False,classical,919.0,1013.3831669572256,51
0.6251648727305491,1.0366479807088174,0.4114831079782682,True,active,919.0,1157.7040878751625,86
0.6571850656169475,1.059010272166675,0.4018252065497275,True,active+,919.0,1300.695663144073,86
0.6815680540662119,1.056649908525899,0.3750818544596868,True,spline,919.0,1540.1881597733366,86
0.6965504069369101,1.0608808927116948,0.3643304857747848,True,spline+,919.0,1672.8751161965629,86
0.6599004437367886,1.1149351081533565,0.4550346644165677,True,uniform,919.0,1076.490076494494,86
0.6790188010007755,1.1943516932104998,0.5153328922097243,True,classical,919.0,928.5129885338356,86
0.632396836391043,1.009445236049757,0.3770483996587139,True,active,1149.0,1353.9957847202097,27
0.6094793291597966,0.9502446677367986,0.340765338577002,True,active+,1149.0,1501.2363931165974,27
0.6384449336226128,0.9533391632903784,0.3148942296677655,True,spline,1149.0,1842.0029518001995,27
0.6256824879720924,0.9280769601957094,0.302394472223617,True,spline+,1149.0,1904.7933610771497,27
0.5262633381382548,0.8848227584677064,0.3585594203294516,True,uniform,1149.0,1096.792993061261,27
0.6741644650550982,1.0998381592512212,0.425673694196123,True,classical,1149.0,1236.0399231678248,27
0.494285143761199,0.8235499266202249,0.3292647828590259,True,active,1149.0,1136.1290622183276,33
0.5364947233880245,0.8557746852883783,0.3192799619003538,True,active+,1149.0,1357.992649145862,33
0.6090285865542608,0.9031372864869494,0.2941086999326885,True,spline,1149.0,1907.329908271524,33
0.6237963402818905,0.9187788006278622,0.2949824603459717,True,spline+,1149.0,1974.786180499265,33
0.6022405323835649,0.9726061680493708,0.3703656356658058,True,uniform,1149.0,1288.794319046678,33
0.5640962782633471,0.9357875993629376,0.3716913210995904,True,classical,1149.0,1155.7319603581077,33
0.6767794746519568,1.1192039731937211,0.4424244985417646,True,active,919.0,1170.1875489591987,92
0.6198695720053355,1.0071242862666148,0.3872547142612792,True,active+,919.0,1257.006154738555,92
0.6043455546864804,0.920221022560706,0.3158754678742257,True,spline,919.0,1674.8409025232197,92
0.6678593569916833,1.008043343987995,0.3401839869963117,True,spline+,919.0,1747.0314696805503,92
0.6413412702861806,1.092496846022299,0.4511555757361184,True,uniform,919.0,1043.6138946622882,92
0.6704651731108712,1.1655962440427137,0.4951310709318425,True,classical,919.0,968.195577554498,92
0.6182731113339052,0.9930170449207236,0.3747439335868185,True,active,1149.0,1318.9145110762097,68
0.5987713194949195,0.9361153636001128,0.3373440441051935,True,active+,1149.0,1482.852535557788,68
0.597447049703904,0.8881638960493607,0.2907168463454567,True,spline,1149.0,1883.5322125313303,68
0.6138434871581083,0.905578503131675,0.2917350159735666,True,spline+,1149.0,1958.4410037100567,68
0.8018281191069322,1.2596637295453137,0.4578356104383813,False,uniform,1149.0,1451.2009579376186,68
0.5516469055783072,0.9426565477457368,0.3910096421674296,True,classical,1149.0,1031.4388995744227,68
0.5647851623061377,0.9032008678625378,0.3384157055564001,True,active,1149.0,1343.2861585970616,54
0.5866174514572547,0.9217533516169292,0.3351359001596743,True,active+,1149.0,1449.9234410235706,54
0.6397275083454068,0.9517762522685952,0.3120487439231885,True,spline,1149.0,1875.9824166103483,54
0.6466087753811391,0.9543721200264594,0.3077633446453203,True,spline+,1149.0,1953.632363692177,54
0.5967054576629345,0.9708860153531028,0.3741805576901682,True,uniform,1149.0,1249.5790520562844,54
0.5454772481962251,0.9044171941156826,0.3589399459194574,True,classical,1149.0,1158.1740789573007,54
0.6929667413227936,1.115874543447396,0.4229078021246024,True,active,1149.0,1304.5900216025395,40
0.6985825023650736,1.096492322065401,0.3979098197003274,True,active+,1149.0,1456.9205877395607,40
0.664087323880225,0.9895076624158856,0.3254203385356606,True,spline,1149.0,1861.8384661469456,40
0.6629416177213275,0.9801051581751992,0.3171635404538717,True,spline+,1149.0,1937.0708809215157,40
0.5877446505859968,0.961479526649708,0.3737348760637113,True,uniform,1149.0,1222.333690536076,40
0.538479313880613,0.9017354743163202,0.3632561604357072,True,classical,1149.0,1113.9355157799937,40
0.6141655919984839,1.0122048875729133,0.3980392955744294,True,active,1072.0,1186.195651438096,17
0.6456448968232191,1.0287395049212804,0.3830946080980613,True,active+,1072.0,1364.4749340661374,17
0.6352272692124128,0.9527261241175627,0.3174988549051499,True,spline,1072.0,1802.1463078550264,17
0.6474647198278158,0.9621002712336848,0.3146355514058688,True,spline+,1072.0,1887.68399174283,17
0.5139256080993182,0.8815577060553326,0.3676320979560143,True,uniform,1072.0,1016.8943061038514,17
0.5824056673890982,0.9756629573007476,0.3932572899116495,True,classical,1072.0,1112.304607614872,17
0.6732528820144282,1.0788186013307066,0.4055657193162784,True,active,1149.0,1331.9073305105092,97
0.605953589417815,0.9474532972123996,0.3414997077945847,True,active+,1149.0,1482.0877344305534,97
0.6752278670982618,1.0142506263372522,0.3390227592389904,True,spline,1149.0,1788.790078256346,97
0.6542532495775641,0.9735372758204232,0.3192840262428591,True,spline+,1149.0,1874.529405077536,97
0.6503515072431928,1.0352159714409936,0.3848644641978008,True,uniform,1149.0,1370.2785060822305,97
0.6198197643710923,1.022622604335981,0.4028028399648886,True,classical,1149.0,1181.1059138909368,97
0.4942601811743691,0.8747199802690606,0.3804597990946914,True,active,919.0,908.6726495733394,36
0.5490291078440687,0.9190868374377836,0.3700577295937149,True,active+,919.0,1115.4190707060884,36
0.5965759732891328,0.9072316303734655,0.3106556570843328,True,spline,919.0,1685.0570254574477,36
0.6200019551487597,0.9323611301248604,0.3123591749761008,True,spline+,919.0,1778.7861020317605,36
0.5930035762218002,1.01529644642908,0.4222928702072799,True,uniform,919.0,1024.0036961528265,36
0.5040971979814283,0.909783214333212,0.4056860163517836,True,classical,919.0,849.3592672966987,36
0.6161669348985491,1.048944992924257,0.4327780580257078,True,active,919.0,1046.1147712588293,22
0.6430057073928471,1.0555790859960985,0.4125733786032514,True,active+,919.0,1205.0817601503836,22
0.6410937642157112,0.9928858711437764,0.3517921069280653,True,spline,919.0,1547.397642744508,22
0.6897629658532751,1.050644342982351,0.3608813771290762,True,spline+,919.0,1672.1103949613605,22
0.539372941569876,0.9564221648810146,0.4170492233111386,True,uniform,919.0,902.4949459788372,22
0.5475467409398244,0.9400294066897714,0.392482665749947,True,classical,919.0,1013.693011930858,22
0.6519339805472418,1.0516858763073078,0.399751895760066,True,active,1149.0,1294.8159884906622,83
0.6514509223788723,1.0234941010468734,0.3720431786680012,True,active+,1149.0,1450.7527945681,83
0.6325168254232338,0.9437344730136416,0.3112176475904077,True,spline,1149.0,1849.350653419189,83
0.6188510490797039,0.9159521441400924,0.2971010950603886,True,spline+,1149.0,1925.9558373294624,83
0.5466812107164939,0.9045661833778889,0.3578849726613948,True,uniform,1149.0,1167.5765071663773,83
0.6566304402272057,1.0733407239532144,0.4167102837260087,True,classical,1149.0,1226.1713492091376,83
0.8789096051024519,1.6379495085184868,0.7590399034160349,False,active,536.0,764.0724706011741,47
0.8345665505817035,1.4922841543468173,0.6577176037651138,False,active+,536.0,876.7208752609166,47
0.5315768840790807,0.9087189832145804,0.3771420991354997,True,spline,536.0,1029.922740181716,47
0.5379802793689196,0.8928371072259552,0.3548568278570356,True,spline+,536.0,1153.8224373080682,47
0.6168214367723727,1.2095547006656888,0.5927332638933162,True,uniform,536.0,652.9149378770366,47
0.4891656804021737,1.0710758130480555,0.5819101326458819,True,classical,536.0,482.0806583389955,47
0.7644348540598602,1.3130609740408017,0.5486261199809415,True,active,689.0,1011.7595061478704,73
0.752989885512653,1.2529043298541602,0.4999144443415072,True,active+,689.0,1142.1339688626963,73
0.5416785104739649,0.8871758963047326,0.3454973858307677,True,spline,689.0,1216.4447565385872,73
0.5435434076626017,0.866520903629092,0.3229774959664903,True,spline+,689.0,1361.3358932898288,73
0.5349908364176782,1.0204871846585986,0.4854963482409203,True,uniform,689.0,710.0058486386113,73
0.5137335500732877,1.017813326735385,0.5040797766620974,True,classical,689.0,633.430228836317,73
0.6525423251065725,1.127298045280381,0.4747557201738084,True,active,766.0,990.6861821435097,36
0.6877281324601867,1.1495657608926568,0.4618376284324701,True,active+,766.0,1121.8688730342396,36
0.6343597925083572,1.0090886299384647,0.3747288374301075,True,spline,766.0,1374.2121400530182,36
0.6374951899234462,0.9944950633401471,0.3569998734167009,True,spline+,766.0,1497.36373244916,36
0.6662491102867469,1.165668278203303,0.499419167916556,True,uniform,766.0,946.2707899231918,36
0.4616650120455595,0.8695794417088473,0.4079144296632877,True,classical,766.0,738.5808678568214,36
0.7567588187992914,1.3175581734700523,0.5607993546707609,True,active,766.0,963.052971780181,22
0.7384079604865228,1.2745345596749214,0.5361265991883986,True,active+,766.0,993.8215215633207,22
0.6684741767596418,1.063869862683059,0.3953956859234171,True,spline,766.0,1371.350762768075,22
0.6497232884791388,1.0114950906535067,0.3617718021743679,True,spline+,766.0,1511.2664942723304,22
0.4283014177776358,0.8735383261661038,0.4452369083884679,True,uniform,766.0,582.9014856038983,22
0.5911761780544003,1.0803239572944894,0.4891477792400891,True,classical,766.0,814.6015559092591,22
0.4176047707292707,0.9595348163893748,0.5419300456601039,True,active,536.0,427.8415394090043,53
0.4696414128458832,0.963034051053936,0.4933926382080528,True,active+,536.0,574.1768736900103,53
0.8665259271705539,1.5279085455203694,0.6613826183498155,False,spline,536.0,920.4983278271508,53
0.7651813967560722,1.290816665138819,0.5256352683827469,True,spline+,536.0,1082.8608564929414,53
0.6020013980858322,1.1268835467411398,0.5248821486553076,True,uniform,536.0,753.3055176832235,53
0.6359013121439364,1.4307605092677684,0.794859197123832,True,classical,536.0,450.2824376620424,53
0.7153804970554811,1.2932371817642383,0.5778566847087574,True,active,689.0,844.6262799501341,67
0.6240318898987565,1.0877589106780494,0.4637270207792929,True,active+,689.0,958.9584571502942,67
0.5992235902129288,0.976768100625497,0.3775445104125682,True,spline,689.0,1240.2415536935316,67
0.5978472130494463,0.9591812443446558,0.3613340312952094,True,spline+,689.0,1324.9068600221008,67
0.6720589531007379,1.1990453318602516,0.5269863787595137,True,uniform,689.0,883.4448788092407,67
0.7205444770682297,1.3862758812564897,0.6657314041882598,True,classical,689.0,691.501931249808,67
0.3031618716485591,0.7493633052246025,0.4462014335760433,False,active,536.0,361.5621856392263,84
0.3104372889268784,0.6396648796245522,0.3292275906976737,False,active+,536.0,566.5097299256445,84
0.6387855049812895,1.1049010605822618,0.4661155556009723,True,spline,536.0,986.2095079229954,84
0.7069842402173823,1.1778095757011224,0.4708253354837401,True,spline+,536.0,1136.6111829467343,84
0.821029008681885,1.5479195593063584,0.7268905506244734,False,uniform,536.0,736.396246634469,84
0.6826712711508595,1.4356836759041138,0.7530124047532544,True,classical,536.0,535.8135152093885,84
0.5449271496348335,1.0261270277035046,0.4811998780686711,True,active,536.0,739.2238716099018,90
0.5718780840959031,1.030236125603588,0.4583580415076848,True,active+,536.0,854.6191395909816,90
0.5946168059829632,1.068895195767989,0.4742783897850259,True,spline,536.0,860.9078261819733,90
0.562173734803148,0.9622987096381874,0.4001249748350394,True,spline+,536.0,1024.847863044999,90
0.4603269469310121,0.9497384338070216,0.4894114868760096,True,uniform,536.0,564.4979396358607,90
0.644796682185528,1.3044789761822662,0.6596822939967382,True,classical,536.0,596.3814469660136,90
0.5915727788899112,1.0741730842265114,0.4826003053366001,True,active,689.0,832.1208757870147,98
0.5432888613491944,0.9412549322722348,0.3979660709230405,True,active+,689.0,980.366243932554,98
0.6673280435738401,1.0847951652628622,0.4174671216890221,True,spline,689.0,1254.319557460874,98
0.7344579682907251,1.1605418720033005,0.4260839037125754,True,spline+,689.0,1414.6161540117398,98
0.6645285138671144,1.1268014800003374,0.462272966133223,True,uniform,689.0,1061.8702394546813,98
0.6222129651399794,1.1736025890491943,0.551389623909215,True,classical,689.0,735.3698762562576,98
0.5722092889445959,0.9373864634180992,0.3651771744735033,True,active,1072.0,1215.3594713607083,1
0.5978876371396019,0.9462271317373472,0.3483394945977452,True,active+,1072.0,1404.9554433868543,1
0.6715028965893559,1.015620541177248,0.3441176445878919,True,spline,1072.0,1729.7794288335972,1
0.6722487867666125,1.004638576250372,0.3323897894837595,True,spline+,1072.0,1834.4974576837567,1
0.6071869517995601,1.0080098459916826,0.4008228941921226,True,uniform,1072.0,1152.3923483841552,1
0.5328313124252642,0.922953759219052,0.3901224467937879,True,classical,1072.0,981.0752522021504,1
0.8003224439861423,1.4258890623168112,0.625566618330669,False,active,613.0,887.7294845440966,79
0.8018835700086595,1.3809746048089322,0.5790910348002727,False,active+,613.0,1002.097166510454,79
0.492583064536713,0.8273176080800934,0.3347345435433803,True,spline,613.0,1101.282075070473,79
0.5318078598414924,0.8639535687908053,0.3321457089493129,True,spline+,613.0,1257.568097618297,79
0.5722770713428907,1.143133613582561,0.5708565422396702,True,uniform,613.0,618.508417737065,79
0.6514342672538562,1.3018598809916455,0.6504256137377895,True,classical,613.0,617.6736052767694,79
0.4790735606301103,0.9333822115257484,0.4543086508956379,True,active,613.0,665.6386536981237,51
0.4671442930939574,0.8493955272959862,0.3822512342020288,True,active+,613.0,828.3255144738604,51
0.7116725377150975,1.2084917033791205,0.4968191656640227,True,spline,613.0,1056.0630519083072,51
0.7051818747857714,1.1659361030244475,0.460754228238676,True,spline+,613.0,1171.1357401903035,51
0.5881043708314265,1.0538090096302386,0.4657046387988121,True,uniform,613.0,870.3850862601693,51
0.5041691791324832,1.015872032465621,0.5117028533331378,True,classical,613.0,603.2677056323985,51
0.7392197529194395,1.334670369828007,0.5954506169085672,True,active,613.0,848.1891095580612,45
0.7448955682136204,1.2963576750909938,0.5514621068773734,True,active+,613.0,964.5171891896896,45
0.6895273399281391,1.1531943844938044,0.4636670445656653,True,spline,613.0,1119.5194077198412,45
0.7558563767949861,1.2270537794545853,0.4711974026595992,True,spline+,613.0,1261.2921425931615,45
0.6119896044249382,1.1351637333360678,0.5231741289111296,True,uniform,613.0,775.7456945479574,45
0.6296859792184518,1.270440915963936,0.6407549367454842,True,classical,613.0,601.0226616324618,45
0.4561927111936414,0.9517914502977354,0.4955987391040939,True,active,613.0,547.4639267140053,92
0.5107511812676153,0.9579294642898328,0.4471782830222174,True,active+,613.0,748.6646501686374,92
0.6494069456023513,1.0636855274985146,0.4142785818961633,True,spline,613.0,1216.124697242054,92
0.629550683075184,1.0019500507428942,0.3723993676677102,True,spline+,613.0,1371.1944692711234,92
0.4935902720153354,1.01175809477169,0.5181678227563546,True,uniform,613.0,574.7854966200099,92
0.6109793264427572,1.1864028165094809,0.5754234900667237,True,classical,613.0,672.3610502492203,92
0.5656750470830217,1.1271844849670398,0.5615094378840181,True,active,613.0,622.9063756290873,86
0.5334474096805918,0.9812692285936974,0.4478218189131056,True,active+,613.0,797.09652036702,86
0.5437306750634295,0.9089475227932317,0.365216847729802,True,spline,613.0,1121.4873775096908,86
0.613686686059962,0.9980223019228752,0.3843356158629132,True,spline+,613.0,1252.120884595398,86
0.6237173521796242,1.1912845730421542,0.56756722086253,True,uniform,613.0,707.1463563488653,86
0.6520633837294046,1.3071787644776185,0.6551153807482136,True,classical,613.0,612.1583056644778,86
0.6272963161300512,1.2595429136096246,0.6322465974795733,True,active,459.0,609.3506249090734,99
0.4686508380615229,0.912080175240181,0.4434293371786581,True,active+,459.0,667.8211432475695,99
0.5679285618900887,1.066741071685103,0.4988125097950142,True,spline,459.0,745.1620336610949,99
0.592019901786602,1.0634239318982288,0.4714040301116268,True,spline+,459.0,863.1282642758289,99
0.6278488376407525,1.2707158947776858,0.6428670571369333,True,uniform,459.0,595.6840612838955,99
0.6465948323252708,1.4651576330514475,0.8185628007261769,True,classical,459.0,442.5212962490981,99
0.6519194625833507,1.1320557972025498,0.4801363346191991,True,active,842.0,972.2234745732304,85
0.6319801023678777,1.0514858901059,0.4195057877380224,True,active+,842.0,1142.430737772894,85
0.5730909238292392,0.8901321347971836,0.3170412109679443,True,spline,842.0,1527.1833366444102,85
0.5947945909959652,0.9114241439701526,0.3166295529741874,True,spline+,842.0,1625.57072521137,85
0.6763045242806905,1.1452447386658424,0.4689402143851519,True,uniform,842.0,1067.2410058293417,85
0.6740595956400707,1.2384475621173805,0.5643879664773098,True,classical,842.0,800.2208811334862,85
0.6240662170979212,1.0414591351132585,0.4173929180153373,True,active,842.0,1128.9970959951786,91
0.6435102872337564,1.0467858060844475,0.4032755188506911,True,active+,842.0,1250.831938802615,91
0.7051351320472878,1.1075947436650655,0.4024596116177779,True,spline,842.0,1452.1602928516445,91
0.703903599530955,1.0838559602886737,0.3799523607577184,True,spline+,842.0,1589.270421026847,91
0.5020927234535543,0.9423318911493512,0.4402391676957969,True,uniform,842.0,747.0455837932323,91
0.6621248868020683,1.1579479601673628,0.4958230733652945,True,classical,842.0,947.7464657574828,91
0.7001274956094341,1.1592297418077258,0.4591022461982916,True,active,996.0,1164.5269039918096,11
0.7223588656626553,1.1588857995679145,0.436526933905259,True,active+,996.0,1325.2016273195802,11
0.6796564885751217,1.0336904442305963,0.3540339556554746,True,spline,996.0,1684.157542659966,11
0.714944230568897,1.07296563492223,0.3580214043533331,True,spline+,996.0,1796.535001269845,11
0.595429536362445,0.9888005227924004,0.3933709864299552,True,uniform,996.0,1150.9701334032632,11
0.7240235827854904,1.2582412446926707,0.5342176619071803,True,classical,996.0,969.492613480396,11
0.5437298527717275,0.975488965371273,0.4317591125995456,True,active,842.0,866.7427471517643,46
0.5426566612865964,0.9216270364508816,0.3789703751642853,True,active+,842.0,1055.4516011607154,46
0.5856859704025786,0.9168299948015934,0.3311440243990148,True,spline,842.0,1474.398178861292,46
0.6437381558503684,0.9938745716895028,0.3501364158391342,True,spline+,842.0,1569.71691655091,46
0.7339433528903265,1.2426766952849797,0.508733342394653,True,uniform,842.0,1067.8048134945195,46
0.6269946516646325,1.130295268067317,0.5033006164026845,True,classical,842.0,852.6517444326338,46
0.443652816703262,1.0926216624145242,0.6489688457112621,True,active,459.0,364.5079031587351,66
0.5233292202302129,1.1823332677213048,0.6590040474910919,True,active+,459.0,445.745615379989,66
0.5501054879470808,0.9963358104534809,0.4462303225063999,True,spline,459.0,839.2736768878484,66
0.5882661170398286,1.0172326366822575,0.4289665196424289,True,spline+,459.0,987.220552350926,66
0.4441886449841336,1.0373359562828326,0.593147311298699,True,uniform,459.0,411.60583508137506,66
0.5844842865196478,1.282778932101658,0.6982946455820103,True,classical,459.0,479.2189567436629,66
0.5911460754535043,1.2197566389794046,0.6286105635259003,True,active,459.0,564.3516459328313,72
0.5985818063467286,1.1471399063579355,0.5485581000112069,True,active+,459.0,699.8299744294399,72
0.5384146046397109,1.0093879138343738,0.4709733091946628,True,spline,459.0,749.6682664363567,72
0.5972395946918032,1.0581373141273738,0.4608977194355705,True,spline+,459.0,905.1640634091186,72
0.5728298930759453,1.185359919005051,0.6125300259291057,True,uniform,459.0,559.9067800277688,72
0.3730025939381269,0.8689710188303673,0.4959684248922404,True,classical,459.0,413.98174827718384,72
0.5894182310239982,0.9750932308406088,0.3856749998166107,True,active,996.0,1168.4698775361803,39
0.5586250296821325,0.8954618734362145,0.336836843754082,True,active+,996.0,1329.8737363075566,39
0.6024353693845016,0.910443498435094,0.3080081290505925,True,spline,996.0,1736.3645858603925,39
0.6345746209598069,0.9497094052537812,0.3151347842939742,True,spline+,996.0,1821.358199792955,39
0.5544197352508802,0.9293147323194956,0.3748949970686155,True,uniform,996.0,1109.8275784000668,39
0.7075409121062511,1.207057701701979,0.4995167895957279,True,classical,996.0,1037.8143030669562,39
0.6093901382026624,1.039164279978685,0.4297741417760227,True,active,842.0,1039.49567996982,52
0.6036086334419032,0.9923849035221532,0.38877627008025,True,active+,842.0,1197.8511784183609,52
0.6505727779263587,1.007988057843098,0.3574152799167392,True,spline,842.0,1544.4415832941029,52
0.6383769060511496,0.9791106801316029,0.3407337740804531,True,spline+,842.0,1618.5580840388711,52
0.646878410339627,1.1323302193103313,0.4854518089707043,True,uniform,842.0,944.6206070419628,52
0.6688309232077942,1.2031658599343222,0.534334936726528,True,classical,842.0,858.8078226289953,52
0.5578158958328239,1.015966737095899,0.4581508412630748,True,active,766.0,823.689623000891,8
0.6212807430243014,1.067269389400134,0.4459886463758326,True,active+,766.0,1011.4000409307451,8
0.6760155658742818,1.104192239794369,0.4281766739200873,True,spline,766.0,1229.9559981467585,8
0.6867731529668516,1.087507757456609,0.4007346044897574,True,spline+,766.0,1401.5337252368436,8
0.6295882118599105,1.1304187779544703,0.5008305660945598,True,uniform,766.0,864.4010871522667,8
0.6035741354429143,1.1080516150910598,0.5044774796481455,True,classical,766.0,802.3451978792892,8
0.5955997987592425,1.0823155104303717,0.4867157116711291,True,active,766.0,829.9841629670344,9
0.6138502301380109,1.055810361936694,0.4419601317986832,True,active+,766.0,1006.7903798712052,9
0.6746976279913728,1.0855807823665005,0.4108831543751277,True,spline,766.0,1309.015169172394,9
0.6634596259390092,1.0416695954086848,0.3782099694696755,True,spline+,766.0,1455.0234614626854,9
0.5175072164432986,0.964305353871992,0.4467981374286934,True,uniform,766.0,764.4011563000442,9
0.5326605202277895,0.9974151452743414,0.4647546250465518,True,classical,766.0,752.5098453808124,9
0.6898029659886362,1.145078920066792,0.4552759540781557,True,active,842.0,1152.727254259987,53
0.5742380619417308,0.9365211699061732,0.3622831079644425,True,active+,842.0,1237.6382831184578,53
0.6276233107604543,0.986383970038812,0.3587606592783577,True,spline,842.0,1448.6359637572068,53
0.6177739889551943,0.9556248359171048,0.3378508469619105,True,spline+,842.0,1555.9029891218136,53
0.722563971118118,1.2150801506927675,0.4925161795746495,True,uniform,842.0,1096.0598565495286,53
0.5226648188296962,0.9974353995322056,0.4747705807025094,True,classical,842.0,708.9928022636083,53
0.6130184117348455,1.0002868857173632,0.3872684739825177,True,active,996.0,1235.0156177000235,38
0.6251651868435841,0.9980322858760028,0.3728670990324186,True,active+,996.0,1353.2396663339296,38
0.6977025333265412,1.0642709112353577,0.3665683779088164,True,spline,996.0,1660.7132069962934,38
0.6913968094625917,1.039591925949278,0.3481951164866863,True,spline+,996.0,1779.902416102711,38
0.6867820299479173,1.1542688142460245,0.4674867842981072,True,uniform,996.0,1098.3999872372326,38
0.7322013105443201,1.266667548043818,0.534466237499498,True,classical,996.0,985.6808716880886,38
0.5528901243927238,1.2159750381947705,0.6630849138020465,True,active,459.0,476.68304561580067,73
0.5789859661459773,1.16001144059899,0.5810254744530126,True,active+,459.0,613.1767215023666,73
0.5618611972297386,1.0006949451982357,0.438833747968497,True,spline,459.0,888.7785809077482,73
0.5609710849614261,0.9622856332354952,0.4013145482740691,True,spline+,459.0,1016.7811673092295,73
0.6033045010374256,1.3204741403023064,0.7171696392648808,True,uniform,459.0,482.5651304366529,73
0.4726095914435314,1.0896741393391896,0.6170645478956581,True,classical,459.0,424.3137219448131,73
0.6658947727561458,1.250983343131174,0.5850885703750283,True,active,459.0,744.7233740580764,67
0.5583243272208795,1.033433703524049,0.4751093763031695,True,active+,459.0,781.0835640851625,67
0.5942405583547411,1.09999056941123,0.5057500110564889,True,spline,459.0,780.9048144502658,67
0.6745212311046482,1.1856390362739828,0.5111178051693346,True,spline+,459.0,930.7398440295048,67
0.6326902155355099,1.322107213314677,0.6894169977791671,True,uniform,459.0,545.1330593197084,67
0.6044796840231184,1.3566737390675023,0.7521940550443842,True,classical,459.0,453.0659694070501,67
0.5221844055029508,0.924450495807968,0.4022660903050172,True,active,842.0,907.6008507385548,47
0.552167392300267,0.9303694834101476,0.3782020911098805,True,active+,842.0,1087.7932869913,47
0.6525759537673859,1.0476840525905051,0.3951080988231192,True,spline,842.0,1321.1873809111917,47
0.6263621290585766,0.9834343468076008,0.3570722177490241,True,spline+,842.0,1454.958227141036,47
0.5507223581774013,0.951918026411182,0.4011956682337807,True,uniform,842.0,988.713228578532,47
0.5820524515157118,1.0495315615915883,0.4674791100758765,True,classical,842.0,851.9504921420499,47
0.6433394392793842,1.048506635634989,0.4051671963556048,True,active,996.0,1241.0784404891192,10
0.6539652448363169,1.0385313331113877,0.3845660882750705,True,active+,996.0,1384.2013820454847,10
0.5923868778742561,0.8935820169280954,0.3011951390538392,True,spline,996.0,1752.2256804940569,10
0.6024476065582565,0.9010112610871324,0.2985636545288759,True,spline+,996.0,1827.55453114366,10
0.6738083606627091,1.1070104870716402,0.4332021264089311,True,uniform,996.0,1201.2910156568848,10
0.7013496244675059,1.204611270226429,0.5032616457589234,True,classical,996.0,1012.0356887078188,10
0.7442919392996779,1.289810724815747,0.5455187855160695,True,active,842.0,979.49435494354,90
0.6502053960522052,1.082048187045349,0.4318427909931441,True,active+,842.0,1141.4394376087978,90
0.668405303096518,1.0312118814761932,0.3628065783796752,True,spline,842.0,1574.9613438625504,90
0.6653488140457652,1.0107981004276052,0.34544928638184,True,spline+,842.0,1693.18325745218,90
0.6625220728206841,1.1393341978623075,0.4768121250416234,True,uniform,842.0,1007.4123422379872,90
0.5454937727853495,0.9740364318461356,0.428542659060786,True,classical,842.0,880.9402195817244,90
0.8106551521403146,1.3239202063507844,0.5132650542104699,False,active,842.0,1230.675871356431,84
0.6697876141158682,1.0688846005565682,0.3990969864407,True,active+,842.0,1355.3216796721572,84
0.5834105567094425,0.9094368253344765,0.3260262686250339,True,spline,842.0,1502.4545814768378,84
0.5979871595728051,0.918406966404016,0.3204198068312108,True,spline+,842.0,1608.3476334870577,84
0.4875394862705466,0.9163312258580404,0.4287917395874939,True,uniform,842.0,743.6542977911499,84
0.4927110319485233,0.9070302274253268,0.4143191954768033,True,classical,842.0,795.0953056027757,84
0.4329288521709383,0.9831587298462644,0.550229877675326,True,active,459.0,440.1516877498326,98
0.4818965825193025,0.988046175821265,0.5061495933019624,True,active+,459.0,574.3678826268934,98
0.6218892293427164,1.1411732885647567,0.5192840592220404,True,spline,459.0,803.5070089777946,98
0.7264226478230295,1.2665914253071533,0.5401687774841238,True,spline+,459.0,957.9951450289938,98
0.7849027093095756,1.544559224636872,0.7596565153272964,True,uniform,459.0,646.1690504893947,98
0.4326475190790914,1.0434104798815391,0.6107629608024476,True,classical,459.0,382.0773429125072,98
0.5635992161861981,1.1308660316468713,0.5672668154606731,True,active,613.0,610.5578842412024,87
0.5904885818832996,1.09075001925077,0.5002614373674704,True,active+,613.0,786.2639788648171,87
0.599155965970721,1.0117858567786002,0.4126298908078792,True,spline,613.0,1078.595885871788,87
0.6294551112214297,1.035903520304279,0.4064484090828493,True,spline+,613.0,1193.0962890824032,87
0.5476193450518259,1.1096523156093805,0.5620329705575544,True,uniform,613.0,593.686164337224,87
0.5485097456004348,1.124618777999166,0.5761090323987313,True,classical,613.0,574.3767709607079,87
0.5298342454709019,1.066610007806532,0.5367757623356301,True,active,613.0,604.8453988235053,93
0.5949397025288813,1.1034829391548338,0.5085432366259525,True,active+,613.0,775.8717168764329,93
0.6168128554185034,1.0527299271326322,0.4359170717141288,True,spline,613.0,1036.142426382299,93
0.6066184284808973,0.992257948739298,0.3856395202584006,True,spline+,613.0,1222.818406874266,93
0.5061763445758451,0.96493911320847,0.4587627686326248,True,uniform,613.0,711.3400709830645,93
0.6734740547428539,1.3597796551307897,0.6863056003879358,True,classical,613.0,599.7737076371973,93
0.6932114514405603,1.2573377742014824,0.5641263227609221,True,active,613.0,835.2120155030174,50
0.5063290385535142,0.9007307090496486,0.3944016704961344,True,active+,613.0,892.4099260316867,50
0.5683649087278664,0.9494411420144396,0.3810762332865732,True,spline,613.0,1124.651994364828,50
0.5670036105123616,0.9180883487430574,0.3510847382306958,True,spline+,613.0,1274.8957646924232,50
0.5486247312241326,1.060458789041622,0.5118340578174894,True,uniform,613.0,681.7299826591807,50
0.6091420499866381,1.2140868365962638,0.6049447866096257,True,classical,613.0,622.4772640067047,50
0.4170567696894527,0.8258657883500305,0.4088090186605778,True,active,613.0,634.352392365652,78
0.4429009774888255,0.8074676310831526,0.364566653594327,True,active+,613.0,820.9766583541171,78
0.593276110302318,1.0168169390493926,0.4235408287470746,True,spline,613.0,1020.065643030576,78
0.60898825648001,1.007492058278174,0.3985038017981639,True,spline+,613.0,1168.3615307156372,78
0.593675923488245,1.130764367443601,0.5370884439553559,True,uniform,613.0,713.2499031506209,78
0.549998592316132,1.0900251802171956,0.5400265879010636,True,classical,613.0,632.8131072944077,78
0.6258950952417102,1.0310849866659682,0.405189891424258,True,active,1072.0,1188.2761187734322,0
0.6651054317543653,1.0640063840013474,0.3989009522469821,True,active+,1072.0,1341.276836408062,0
0.6823574672298776,1.0311407962451062,0.3487833290152287,True,spline,1072.0,1737.0718869167215,0
0.6828483129748444,1.0198474441576122,0.3369991311827678,True,spline+,1072.0,1840.164024260235,0
0.5135957588507729,0.8861615144728838,0.3725657556221109,True,uniform,1072.0,995.1962797956584,0
0.4645090371183546,0.8009392518386474,0.3364302147202928,True,classical,1072.0,997.604036009472,0
0.5715739474121367,1.0608446181746276,0.4892706707624908,True,active,689.0,774.2162719478031,99
0.5819267234572333,1.0194824671125544,0.4375557436553211,True,active+,689.0,941.821782529282,99
0.6156135682560514,1.0172095387789022,0.4015959705228508,True,spline,689.0,1174.0518669763844,99
0.6102719726687204,0.979095149397624,0.3688231767289035,True,spline+,689.0,1325.0229606755793,99
0.6700457327296729,1.166000436009361,0.495954703279688,True,uniform,689.0,964.7993213443924,99
0.5351766229546997,1.0588394915092003,0.5236628685545008,True,classical,689.0,635.9859406221028,99
0.7638022856136089,1.3573475134581268,0.5935452278445179,True,active,536.0,895.6438095927303,91
0.6966527260556415,1.2091407817509368,0.5124880556952952,True,active+,536.0,973.9567370420086,91
0.5634183369534278,0.998930564613628,0.4355122276602002,True,spline,536.0,902.9025220874048,91
0.5796555620739313,0.9843514610768516,0.4046958990029203,True,spline+,536.0,1055.9095294557226,91
0.4271495423512093,0.965687828720761,0.5385382863695516,True,uniform,536.0,445.01138102326047,91
0.5442613369413816,1.1117594171672265,0.5674980802258449,True,classical,536.0,580.3829159900483,91
0.4604624683710486,0.9348143586942848,0.4743518903232361,True,active,536.0,590.5128469632901,85
0.4697737264813479,0.8837103524070578,0.4139366259257098,True,active+,536.0,741.6041668235706,85
0.4794191161736134,0.8261408274641872,0.3467217112905738,True,spline,536.0,999.85658968403,85
0.4780246935863783,0.8000439238119639,0.3220192302255856,True,spline+,536.0,1116.393522357382,85
0.6422023867488601,1.1645330192846988,0.5223306325358387,True,uniform,536.0,835.899398156156,85
0.4943970147031325,1.0883552840693034,0.5939582693661709,True,classical,536.0,475.5458345931063,85
0.5340323707429873,0.9553065800156864,0.4212742092726991,True,active,766.0,875.4395745754516,23
0.5830118450038937,0.9903125192000752,0.4073006741961815,True,active+,766.0,1054.8569964379728,23
0.6407378433743323,1.0189397943814205,0.3782019510070882,True,spline,766.0,1375.9249553507332,23
0.6307949549875498,0.98243583034443,0.3516408753568802,True,spline+,766.0,1508.4303293440794,23
0.8210857939303723,1.3732749429012496,0.5521891489708773,False,uniform,766.0,1119.339690646295,23
0.6802484245465854,1.2725492359344353,0.5923008113878498,True,classical,766.0,754.8266384764876,23
0.524522926324635,1.1346950732861718,0.6101721469615368,True,active,536.0,497.3024484859754,52
0.5280865399822186,1.0315348935901123,0.5034483536078938,True,active+,536.0,660.5139340619052,52
0.5058417765331426,0.907924738497034,0.4020829619638916,True,spline,536.0,865.4059854768581,52
0.5405713137307603,0.928208701371858,0.3876373876410977,True,spline+,536.0,1013.0679622715696,52
0.563584820252699,1.1832429705397511,0.6196581502870522,True,uniform,536.0,538.2531689964461,52
0.5609620768117073,1.1997757890403815,0.6388137122286744,True,classical,536.0,512.3199716942374,52
0.6156465619406633,1.1048538107575876,0.4892072488169243,True,active,689.0,865.8271731903349,72
0.5961444859540389,1.0290740633915596,0.4329295774375207,True,active+,689.0,993.487432013439,72
0.5862445878619733,0.96655704781684,0.3803124599548666,True,spline,689.0,1184.3860659841937,72
0.6047336849836022,0.9655249672437431,0.360791282260141,True,spline+,689.0,1352.5798651794964,72
0.5667205472930515,1.0253519103302255,0.458631363037174,True,uniform,689.0,842.2472990293128,72
0.5130718048122012,0.9780945269824672,0.4650227221702659,True,classical,689.0,711.3166438787874,72
0.4631904663888536,1.0707210084759833,0.6075305420871296,True,active,536.0,421.699939648013,46
0.5373568220361686,1.0738904769480968,0.5365336549119282,True,active+,536.0,617.6588955083847,46
0.6312733912267695,1.093479037053924,0.4622056458271545,True,spline,536.0,981.0524432635444,46
0.623862953402947,1.0466323198042755,0.4227693664013285,True,spline+,536.0,1106.0691526842234,46
0.514051045389085,0.9802133809563456,0.4661623355672607,True,uniform,536.0,710.7498613783786,46
0.7697400969728962,1.6117045785001411,0.8419644815272449,True,classical,536.0,542.195919033256,46
0.5108317407692021,0.9614634954414608,0.4506317546722586,True,active,766.0,740.3426279898193,37
0.4288099830857109,0.7604752688690556,0.3316652857833446,False,active+,766.0,902.0616983238964,37
0.5889680477345327,0.9450297781167192,0.3560617303821863,True,spline,766.0,1324.3483190861157,37
0.5868798709723759,0.9186374085106164,0.3317575375382403,True,spline+,766.0,1474.83887037233,37
0.7055243635851586,1.2474706704377807,0.5419463068526221,True,uniform,766.0,911.5758554966992,37
0.762807160848527,1.3846412547378069,0.6218340938892799,True,classical,766.0,833.0439916149024,37
0.5585015330279275,0.9562359535548832,0.3977344205269556,True,active,919.0,1023.9585737697388,23
0.5956717657802642,0.9818741791793556,0.3862024133990915,True,active+,919.0,1185.475724871692,23
0.6679894769992121,1.0368936836192744,0.3689042066200623,True,spline,919.0,1531.4462818747784,23
0.6460358574580797,0.9882803590217754,0.3422445015636957,True,spline+,919.0,1638.4507364555811,23
0.6173169928013409,1.0670863382783309,0.4497693454769897,True,uniform,919.0,988.5095406584586,23
0.6141375506609436,1.0856665819872566,0.4715290313263131,True,classical,919.0,912.2207761699544,23
0.5483547161025804,0.9169324744496192,0.3685777583470389,True,active,1149.0,1120.2742218301614,82
0.5464404561087596,0.87349146103336,0.3270510049246004,True,active+,1149.0,1345.7303027896216,82
0.6332108997549081,0.9421460381758912,0.3089351384209831,True,spline,1149.0,1875.3301015312504,82
0.6412468324696323,0.9470044203761656,0.3057575879065334,True,spline+,1149.0,1947.853427026293,82
0.5756419047145663,0.9500693744461156,0.3744274697315493,True,uniform,1149.0,1179.4461365562584,82
0.4582361236859519,0.7865116147082802,0.3282754910223283,False,classical,1149.0,1014.5955678800684,82
0.5255317505754596,0.9091985785851332,0.3836668280096734,True,active,1149.0,985.4519469287856,96
0.5319706499827768,0.9057000111371102,0.3737293611543334,True,active+,1149.0,1045.7311547180332,96
0.6149551426613864,0.9149155055949298,0.2999603629335434,True,spline,1149.0,1876.0321829162776,96
0.6251351365445158,0.9226900741783044,0.2975549376337885,True,spline+,1149.0,1953.498578439245,96
0.6177096779271557,0.9977499276951952,0.3800402497680394,True,uniform,1149.0,1287.924763378081,96
0.6269185560297602,1.0383983241037695,0.4114797680740093,True,classical,1149.0,1162.8221013351786,96
0.5641186136570485,0.9515112384803772,0.3873926248233287,True,active,919.0,1083.4014748631605,37
0.5869955759819928,0.9667847940138784,0.3797892180318857,True,active+,919.0,1189.3504089432738,37
0.5893952233545582,0.8923836548807613,0.3029884315262031,True,spline,919.0,1720.9297286692715,37
0.6204023073295412,0.9313935738425716,0.3109912665130305,True,spline+,919.0,1793.559595675429,37
0.6271707579605398,1.0791194130594732,0.4519486550989334,True,uniform,919.0,1005.4221009115868,37
0.623421194890265,1.1187212107343516,0.4953000158440865,True,classical,919.0,866.0525627831221,37
0.5927708724730443,0.9541400247888568,0.3613691523158125,True,active,1072.0,1306.834072500572,16
0.6109935049998548,0.9636735258015418,0.3526800208016869,True,active+,1072.0,1426.08432394045,16
0.6498035178995385,0.9751566340472247,0.3253531161476863,True,spline,1072.0,1796.969664342135,16
0.6707558973710522,0.9968514222623764,0.3260955248913241,True,spline+,1072.0,1886.330343935382,16
0.5525414467193004,0.9167825776249152,0.3642411309056147,True,uniform,1072.0,1154.9181086332094,16
0.6501544613699471,1.0998184637909454,0.4496640024209982,True,classical,1072.0,1071.4668775425052,16
0.5751474571955579,0.9524632376298704,0.3773157804343124,True,active,1149.0,1163.712275738119,41
0.6067732717800738,0.968179821160115,0.3614065493800412,True,active+,1149.0,1356.1783440043496,41
0.6677663497531623,0.9989287551847252,0.3311624054315629,True,spline,1149.0,1825.485279487074,41
0.6823046867086081,1.0112990745111086,0.3289943878025004,True,spline+,1149.0,1912.128317449035,41
0.6484495712854287,1.0394724273403029,0.3910228560548739,True,uniform,1149.0,1329.74320578824,41
0.5519909641116298,0.917387272577504,0.365396308465874,True,classical,1149.0,1147.4000297415532,41
0.6343619837462896,1.0093575328967437,0.3749955491504541,True,active,1149.0,1372.6563049225292,55
0.6096316915538524,0.9484576059144506,0.3388259143605981,True,active+,1149.0,1515.7568875614993,55
0.6286951799886042,0.9363255542200732,0.3076303742314689,True,spline,1149.0,1866.301831963731,55
0.6399502394489188,0.9460980426539578,0.306147803205039,True,spline+,1149.0,1937.2409421920283,55
0.5345502924674566,0.8989611262186477,0.3644108337511911,True,uniform,1149.0,1095.829571648928,55
0.5447046561676901,0.9073485717278368,0.3626439155601465,True,classical,1149.0,1137.1474712047182,55
0.6335214313325235,1.0085562575989158,0.3750348262663923,True,active,1149.0,1369.5185616984857,69
0.6701577313315557,1.0473218384016558,0.3771641070701002,True,active+,1149.0,1485.3811645726246,69
0.6761916766176359,1.0156028468416831,0.3394111702240474,True,spline,1149.0,1789.6172213495206,69
0.6670033020050917,0.9917430165762016,0.3247397145711097,True,spline+,1149.0,1881.8384884644609,69
0.6481029078169779,1.044266476905804,0.3961635690888262,True,uniform,1149.0,1301.262301722027,69
0.5599642514752683,0.9378864617647013,0.3779222102894329,True,classical,1149.0,1113.1416072495863,69
0.6819920750889871,1.069299721364921,0.3873076462759338,True,active,1149.0,1463.907208247111,43
0.6800576847643998,1.0480689598221793,0.3680112750577795,True,active+,1149.0,1582.7502547678455,43
0.6118044034190587,0.9091262032490908,0.2973217998300319,True,spline,1149.0,1887.5227046846596,43
0.6111064561871187,0.9022229548311896,0.2911164986440711,True,spline+,1149.0,1950.842550711884,43
0.7691710856035082,1.2210503214030617,0.4518792357995532,True,uniform,1149.0,1386.3307856495894,43
0.5837750850323817,0.978589724182962,0.3948146391505802,True,classical,1149.0,1109.521352373889,43
0.5954638715269915,0.975503640006976,0.3800397684799843,True,active,1149.0,1215.2494489997375,57
0.6272499478804134,1.010224725816079,0.3829747779356656,True,active+,1149.0,1303.6525319260709,57
0.6725303095463275,1.0043804807141026,0.331850171167775,True,spline,1149.0,1840.68317013323,57
0.6530644025505978,0.9685381215945856,0.3154737190439877,True,spline+,1149.0,1906.3357534323632,57
0.7044873648687449,1.137463599396901,0.4329762345281558,True,uniform,1149.0,1290.0674076050957,57
0.5264138638614141,0.8756910631584958,0.3492771992970817,True,classical,1149.0,1143.2211383044946,57
0.6228273548212888,1.0099503280887092,0.3871229732674204,True,active,1072.0,1267.210791107417,28
0.6431825883325224,1.0176070320200197,0.3744244436874973,True,active+,1072.0,1406.789438447905,28
0.6659087930008206,1.0063318210867365,0.3404230280859158,True,spline,1072.0,1736.676017936982,28
0.6692349523636101,0.9994553204300908,0.3302203680664807,True,spline+,1072.0,1840.7176796029432,28
0.5825234834566608,0.9780970904612248,0.3955736070045639,True,uniform,1072.0,1102.4984650652575,28
0.5347932655437431,0.907296221094086,0.3725029555503431,True,classical,1072.0,1059.7492153474575,28
0.6454628875912988,1.0312018410648656,0.3857389534735668,True,active,1149.0,1348.95204205871,80
0.6184131835188333,0.964623424880639,0.3462102413618056,True,active+,1149.0,1498.0874516440392,80
0.687723198167348,1.0332190663363343,0.3454958681689866,True,spline,1149.0,1787.094352530399,80
0.6717232478991082,0.9998025550636188,0.3280793071645107,True,spline+,1149.0,1871.9871078496144,80
0.6646346891582035,1.0852372754969226,0.4206025863387191,True,uniform,1149.0,1231.6466049461344,80
0.7454958132938602,1.2404764791675305,0.4949806658736703,True,classical,1149.0,1141.9836023060518,80
0.484926899187321,0.879872799496632,0.3949459003093109,True,active,919.0,834.1962824181802,21
0.5128255332094726,0.8679151808333752,0.3550896476239026,True,active+,919.0,1069.5622639838768,21
0.6062821555092949,0.94169256345054,0.3354104079412451,True,spline,919.0,1527.12894557264,21
0.6036213835237229,0.9235061475324636,0.3198847640087406,True,spline+,919.0,1637.5346695144592,21
0.6101826828987233,1.0449987220267478,0.4348160391280244,True,uniform,919.0,1022.9492898676395,21
0.5605239694644049,1.0127743599296235,0.4522503904652188,True,classical,919.0,846.0903716043505,21
0.5693234928751411,0.9506736150653844,0.3813501221902432,True,active,919.0,1126.3542711120483,35
0.6208042471169531,1.0113720178289465,0.3905677707119933,True,active+,919.0,1243.1257636149653,35
0.6771694134100584,1.043966750106178,0.3667973366961196,True,spline,919.0,1580.3057626536088,35
0.6729695457495374,1.0202922459064403,0.3473227001569031,True,spline+,919.0,1709.8224212592577,35
0.5893680461625896,1.0370757011710896,0.4477076550084999,True,uniform,919.0,927.2010798021022,35
0.5953189542714518,1.0583937802996448,0.463074826028193,True,classical,919.0,894.300506747376,35
0.5587110954876872,0.9028831965312856,0.3441721010435985,True,active,1149.0,1285.368339721597,94
0.5283125539904742,0.8329573712456346,0.3046448172551604,True,active+,1149.0,1428.4146671932842,94
0.6111174968114975,0.9124713812079585,0.3013538843964608,True,spline,1149.0,1842.6263064927784,94
0.606637949082007,0.8991733113547987,0.2925353622727917,True,spline+,1149.0,1911.8468929070375,94
0.6771960040048187,1.0975942557951714,0.4203982517903527,True,uniform,1149.0,1269.68805137728,94
0.6174678313848481,1.015306492753785,0.3978386613689368,True,classical,1149.0,1197.20658691992,94
0.5021330917343018,1.017533423183635,0.5154003314493333,True,active,536.0,593.6021731910566,50
0.5193397299415312,0.9718556563659057,0.4525159264243743,True,active+,536.0,754.0326699697222,50
0.6469718945405313,1.1248429125951545,0.4778710180546232,True,spline,536.0,967.9171104699456,50
0.6285319828714669,1.0560090095413266,0.4274770266698596,True,spline+,536.0,1099.8413078575045,50
0.4668465575959691,1.0469816449382363,0.5801350873422674,True,uniform,536.0,453.91576290299867,50
0.3865529422171594,0.8370301004402126,0.4504771582230532,True,classical,536.0,496.0659382645808,50
0.7216875240174383,1.29441948074794,0.5727319567305016,True,active,689.0,867.5172746265374,64
0.6528903031441249,1.1161005051806685,0.4632102020365436,True,active+,689.0,1029.9265188187755,64
0.602728678964015,0.986751658614458,0.3840229796504428,True,spline,689.0,1218.5152489867478,64
0.6244265973943742,0.994159523081936,0.3697329256875619,True,spline+,689.0,1369.032211220185,64
0.5128680683233772,0.9612820232337692,0.4484139549103921,True,uniform,689.0,750.1964921321629,64
0.5712749718641976,1.1091285682296232,0.5378535963654256,True,classical,689.0,672.682920071789,64
0.5412705309790006,0.996195097621013,0.4549245666420124,True,active,766.0,795.6923879228463,21
0.5809400666336014,1.0030050152661996,0.4220649486325981,True,active+,766.0,992.8451836381884,21
0.7720064342569993,1.2439082426171693,0.4719018083601699,True,spline,766.0,1301.2615583339084,21
0.7367693262119597,1.1512749883489044,0.4145056621369447,True,spline+,766.0,1486.2332815489242,21
0.5258784994435145,0.948245111413161,0.4223666119696465,True,uniform,766.0,851.9384008988936,21
0.7765783342000082,1.42991023924768,0.6533319050476719,True,classical,766.0,794.5314090115921,21
0.6237992118598743,1.1207547751412112,0.4969555632813369,True,active,766.0,862.4794907428525,35
0.6367509458444243,1.078635929309605,0.4418849834651808,True,active+,766.0,1065.8495443349225,35
0.6193682329741801,0.9798742717054656,0.3605060387312854,True,spline,766.0,1407.133953118231,35
0.626929490371603,0.9744501834585656,0.3475206930869625,True,spline+,766.0,1522.2440982896862,35
0.5605607837526939,0.98096365715327,0.4204028734005761,True,uniform,766.0,945.5555066871094,35
0.6493325150987312,1.1976820949195397,0.5483495798208085,True,classical,766.0,790.0498086137147,35
0.3389560315409556,0.8685313671112611,0.5295753355703054,True,active,459.0,334.44232680211763,8
0.3504746578474418,0.8701347005417748,0.519660042694333,True,active+,459.0,358.069705225821,8
0.5651235585149941,0.9916008591451926,0.4264773006301985,True,spline,459.0,936.5681904217056,8
0.6218042082848785,1.0555007707782416,0.4336965624933631,True,spline+,459.0,1057.520945330776,8
0.6560742506689204,1.3355007140713002,0.6794264634023798,True,uniform,459.0,586.0831474632329,8
0.490513922153965,1.07058174202996,0.580067819875995,True,classical,459.0,486.0588676547954,8
0.5994296298796421,1.1739971357011878,0.5745675058215457,True,active,536.0,655.3202113510788,44
0.635884327085587,1.1662987864287708,0.5304144593431839,True,active+,536.0,804.7694106838809,44
0.6692378688487809,1.203613721391444,0.5343758525426631,True,spline,536.0,859.4988529094164,44
0.6924269357668072,1.179791071580358,0.4873641358135506,True,spline+,536.0,1042.7108842928071,44
0.7449553675316881,1.3415957206854896,0.5966403531538015,True,uniform,536.0,855.5687836747599,44
0.5051919929091863,1.0666598764333728,0.5614678835241865,True,classical,536.0,530.1418934629261,44
0.6507502714391848,1.2252540722182963,0.5745038007791117,True,active,689.0,739.497646214006,70
0.6438140852230197,1.1351488488052437,0.4913347635822239,True,active+,689.0,920.6736885309144,70
0.6498552001817652,1.0634321675436114,0.4135769673618461,True,spline,689.0,1220.713100481482,70
0.7068535912186557,1.125625666918428,0.4187720756997725,True,spline+,689.0,1367.8151747038123,70
0.3386802011057538,0.7608039261716749,0.422123725065921,False,uniform,689.0,452.0630882356989,70
0.7346228588573452,1.3825025627136502,0.647879703856305,True,classical,689.0,740.6306930429563,70
0.5590415732799312,1.04624595793217,0.4872043846522387,True,active,689.0,753.8140095574596,58
0.5735999250498434,1.0215103558101992,0.4479104307603558,True,active+,689.0,889.0550437272568,58
0.7620043718614552,1.249759484410396,0.4877551125489409,True,spline,689.0,1209.6510354631896,58
0.7723511927405481,1.2254359498833498,0.4530847571428017,True,spline+,689.0,1389.5803016952725,58
0.6184244060306349,1.1437809832971102,0.5253565772664753,True,uniform,689.0,783.0726267856096,58
0.5833980966889555,1.1071687987151793,0.5237707020262238,True,classical,689.0,721.3413757372048,58
0.4778208026948985,0.9463494547884702,0.4685286520935717,True,active,536.0,634.0438655842659,78
0.4373426604490987,0.8249618335547317,0.387619173105633,True,active+,536.0,735.2097356855554,78
0.5428494691996699,0.9456644326552972,0.4028149634556272,True,spline,536.0,961.0937359814262,78
0.6014811182253604,1.0143668658522629,0.4128857476269024,True,spline+,536.0,1084.0739989118622,78
0.6732902090191266,1.2715976823665058,0.5983074733473792,True,uniform,536.0,732.361543854876,78
0.6196119416012962,1.277139902695135,0.6575279610938389,True,classical,536.0,566.0046121636038,78
0.4168622738603039,0.9385338939749094,0.5216716201146054,True,active,536.0,449.566923738304,93
0.50608598229542,1.0069846157365103,0.5008986334410903,True,active+,536.0,625.5335870815946,93
0.5872014316456392,1.02109299176573,0.4338915601200906,True,spline,536.0,967.3393096507472,93
0.6291471407536524,1.0553422924736586,0.4261951517200062,True,spline+,536.0,1106.697795939451,93
0.6532138195881315,1.2605343990770046,0.6073205794888731,True,uniform,536.0,685.1684065184628,93
0.3987906716082526,0.856329756046017,0.4575390844377643,True,classical,536.0,506.9946610285731,93
0.5979453239770519,1.2169926988676605,0.6190473748906083,True,active,536.0,586.3286487924346,87
0.6181569776800704,1.1602268660128303,0.5420698883327602,True,active+,536.0,746.9134699560728,87
0.4626876986109084,0.8242535230144131,0.3615658244035046,True,spline,536.0,888.0685221483559,87
0.485410348668524,0.8210065046011212,0.3355961559325972,True,spline+,536.0,1072.0950256713668,87
0.4262160412232599,0.9305307733879874,0.5043147321647274,True,uniform,536.0,485.67922626307086,87
0.3728626779265693,0.8268621579507428,0.4539994800241734,True,classical,536.0,466.81637921428353,87
0.6551501058060205,1.0451312863239743,0.3899811805179538,True,active,1072.0,1357.5099313955163,2
0.6215063721863751,0.971383394952237,0.3498770227658619,True,active+,1072.0,1484.7384736316344,2
0.6193616117546995,0.9268476412117151,0.3074860294570156,True,spline,1072.0,1822.2733436524009,2
0.6348255640015465,0.9422048741059804,0.3073793101044338,True,spline+,1072.0,1899.0009429222991,2
0.7505873338466666,1.1982174935172976,0.4476301596706309,True,uniform,1072.0,1353.4445985161565,2
0.5113647961054107,0.897065082045972,0.3857002859405612,True,classical,1072.0,937.338470019154,2
0.628379874014989,1.1885038847989011,0.5601240107839124,True,active,613.0,729.0265453885066,46
0.5665253973882547,1.017554410350659,0.4510290129624044,True,active+,613.0,863.3445621529349,46
0.6297995804905104,1.0857250769212028,0.4559254964306923,True,spline,613.0,998.3457480738356,46
0.6557258278930369,1.0835047711867494,0.4277789432937124,True,spline+,613.0,1173.984074942621,46
0.5981989802705183,1.1032026211876662,0.5050036409171479,True,uniform,613.0,790.4349969106153,46
0.5436663293263836,1.0820288511264902,0.5383625218001066,True,classical,613.0,625.0821526589491,46
0.5222461781438459,1.0240719079253628,0.501825729781517,True,active,613.0,652.9634855119493,52
0.5466297484206954,1.0355751657556094,0.4889454173349139,True,active+,613.0,725.300515010657,52
0.5515870209204021,0.9636499028801292,0.4120628819597272,True,spline,613.0,951.222061386712,52
0.5719618033516471,0.9565878968817648,0.3846260935301175,True,spline+,613.0,1119.4509744336017,52
0.7936308516397523,1.3929702513356357,0.5993393996958831,True,uniform,613.0,935.5731940359778,52
0.5490004399804814,1.1126456543151204,0.563645214334639,True,classical,613.0,593.3918919989844,52
0.6025972317468032,1.215330703982776,0.6127334722359726,True,active,613.0,601.6663786536549,85
0.6232017419539015,1.1606518377802149,0.5374500958263133,True,active+,613.0,765.674566473363,85
0.6450376873724893,1.0936714191057852,0.4486337317332959,True,spline,613.0,1062.1667762474126,85
0.6190070417058531,1.00747143899026,0.388464397284407,True,spline+,613.0,1248.0564423289245,85
0.7071897994998589,1.2522652019223586,0.5450754024224996,True,uniform,613.0,906.8654186832176,85
0.5877201888542583,1.2360679318262693,0.648347742972011,True,classical,613.0,535.7318884900686,85
0.5278504219787522,1.0530614214677865,0.525210999489034,True,active,613.0,620.7697848496339,91
0.5466691176690643,1.0219484063683162,0.4752792886992518,True,active+,613.0,756.509000296762,91
0.5491249685382407,0.9162238509829626,0.3670988824447219,True,spline,613.0,1129.8214968196835,91
0.5516895645056391,0.8947937825029745,0.3431042179973353,True,spline+,613.0,1266.0543954099526,91
0.5160523312259435,1.0250594899420369,0.5090071587160931,True,uniform,613.0,628.6570125213798,91
0.545385524327328,1.065344491922478,0.5199589675951499,True,classical,613.0,660.4792583108364,91
0.5939291527688146,1.0217834372833108,0.4278542845144961,True,active,842.0,1005.929848659546,92
0.6140717641529162,1.013175269652043,0.3991035054991269,True,active+,842.0,1180.9377189086997,92
0.6525303359434033,1.0189845497529708,0.3664542138095675,True,spline,842.0,1490.5459996523257,92
0.6762784873650504,1.0368968208572509,0.3606183334922005,True,spline+,842.0,1621.08182363838,92
0.5726476427070759,1.026516567542486,0.4538689248354099,True,uniform,842.0,869.2112340092017,92
0.5544855218224188,1.007136894011695,0.4526513721892761,True,classical,842.0,831.2722036520321,92
0.5775457466602051,1.0208281584733387,0.4432824118131336,True,active,842.0,912.697043660732,86
0.6381200672341268,1.073017766151914,0.4348976989177872,True,active+,842.0,1096.2940646959328,86
0.6281667675282925,0.9752826536143532,0.3471158860860608,True,spline,842.0,1529.988808271616,86
0.6561140987283663,1.0029784029893238,0.3468643042609575,True,spline+,842.0,1643.9905583581544,86
0.6066013512592494,1.0422994443281044,0.435698093068855,True,uniform,842.0,1010.5142237252428,86
0.630462437931688,1.1347334437065817,0.5042710057748935,True,classical,842.0,857.2910991123941,86
0.4059631436971548,0.920018959817158,0.5140558161200032,True,active,459.0,442.3767166187676,59
0.4621538994363542,0.9380318944452392,0.4758779950088849,True,active+,459.0,590.8976598431947,59
0.6248703768852233,1.106919026134996,0.4820486492497726,True,spline,459.0,905.6563734088523,59
0.602265036389824,1.0265121254317615,0.4242470890419377,True,spline+,459.0,1041.4029935607032,59
0.8737943861652974,1.7115118431011571,0.8377174569358598,False,uniform,459.0,655.1324633622154,59
0.7692736346534251,1.7739952893805233,1.0047216547270983,True,classical,459.0,424.1324934067149,59
0.7014689126895624,1.139382119520015,0.4379132068304525,True,active,996.0,1258.459885503461,12
0.713350978437113,1.1263425146309023,0.4129915361937895,True,active+,996.0,1419.2788884876163,12
0.6564263476733058,1.0027156995005,0.3462893518271942,True,spline,996.0,1649.7211951260565,12
0.6430296623536267,0.9693370765912804,0.3263074142376538,True,spline+,996.0,1757.83694714925,12
0.6835447831204974,1.1144735944161424,0.430928811295645,True,uniform,996.0,1239.0706048199052,12
0.5874383561725671,1.0362676166072458,0.4488292604346786,True,classical,996.0,919.0513360606666,12
0.6079853142450083,1.0733475197370177,0.4653622054920093,True,active,842.0,916.5388723765386,79
0.5908339963156517,1.0363440254850145,0.4455100291693625,True,active+,842.0,937.7583637348256,79
0.639377176876477,1.0004366548720809,0.3610594779956039,True,spline,842.0,1477.3043321595148,79
0.6296366602681136,0.9678752762338864,0.3382386159657727,True,spline+,842.0,1601.703719101686,79
0.5360913866442616,0.92806204265707,0.3919706560128083,True,uniform,842.0,983.1511637947004,79
0.5586521386166287,1.010519452365162,0.4518673137485333,True,classical,842.0,842.9069092704356,79
0.5500727292997102,1.193959398133312,0.6438866688336017,True,active,459.0,493.0127705657076,71
0.4798165236371635,0.9578194598688188,0.4780029362316554,True,active+,459.0,619.6717474244399,71
0.7691774852869788,1.3901268459834342,0.6209493606964553,True,spline,459.0,845.370550411437,71
0.7461506473678603,1.2806744694239742,0.5345238220561139,True,spline+,459.0,1014.626585246566,71
0.5241930018940922,1.0755519961229447,0.5513589942288525,True,uniform,459.0,573.2026015357334,71
0.4216154081171018,0.928933484842596,0.507318076725494,True,classical,459.0,474.5115116832821,71
0.7752483972047103,1.260479964892708,0.4852315676879976,True,active,842.0,1253.2893736390563,51
0.7709346727613867,1.2261283375174683,0.4551936647560818,True,active+,842.0,1375.2394962232518,51
0.6376159876371703,1.013976497314672,0.3763605096775015,True,spline,842.0,1375.9175525124165,51
0.6039200286463218,0.9407184976881824,0.3367984690418607,True,spline+,842.0,1507.423172232377,51
0.5919764810569033,1.0369714102119314,0.4449949291550281,True,uniform,842.0,942.2019322081036,51
0.5862773003729844,1.0471364493480084,0.460859148975024,True,classical,842.0,880.1374940132071,51
0.5381166546103318,1.2985968644268562,0.7604802098165244,True,active,459.0,381.52441753205534,65
0.5447965016583003,1.1420063790786852,0.5972098774203849,True,active+,459.0,540.5343772752989,65
0.4244867199287753,0.7878786345453352,0.3633919146165599,False,spline,459.0,774.1248230030727,65
0.4734917184808411,0.8193212068494845,0.3458294883686433,True,spline+,459.0,984.7732515471868,65
0.3104529650656633,0.7934500705444204,0.482997105478757,False,uniform,459.0,336.28043728090375,65
0.4655644737545861,1.0346095135703923,0.5690450398158062,True,classical,459.0,464.36319415161296,65
0.6604402024622236,1.3261059229564145,0.6656657204941909,True,active,459.0,609.3325859217465,64
0.6624470454600948,1.253270780633006,0.5908237351729111,True,active+,459.0,728.4189614056697,64
0.6985942883128887,1.3089542567082202,0.6103599683953315,True,spline,459.0,750.9984646913432,64
0.6110021963932345,1.0773010663851883,0.4662988699919538,True,spline+,459.0,920.6588922640128,64
0.4998106020696053,1.071746286359283,0.5719356842896777,True,uniform,459.0,508.86197713163995,64
0.5311340019141598,1.2292515203895724,0.6981175184754126,True,classical,459.0,420.4975297643737,64
0.5273643646449176,0.9327095936669434,0.4053452290220257,True,active,842.0,910.7122062915882,44
0.5007596566181193,0.839451862694867,0.3386922060767477,True,active+,842.0,1109.4089142570256,44
0.6351153904948897,1.0043202291296909,0.3692048386348011,True,spline,842.0,1409.9897539616888,44
0.6236322222170159,0.9677202887634752,0.3440880665464594,True,spline+,842.0,1533.7473984608698,44
0.4955626909117516,0.913012283170836,0.4174495922590844,True,uniform,842.0,793.0081433214916,44
0.5947255621808748,1.0839958773213516,0.4892703151404768,True,classical,842.0,821.6535667460003,44
0.6729064159267604,1.1474334796317829,0.4745270637050225,True,active,842.0,1039.638665053938,50
0.6250496145634072,1.0292791915136317,0.4042295769502244,True,active+,842.0,1190.18820964809,50
0.6731596394518723,1.0636043540167637,0.3904447145648914,True,spline,842.0,1415.069494878289,50
0.7137811397422592,1.1036547868556574,0.3898736471133982,True,spline+,842.0,1559.02225116758,50
0.6042992268572606,1.08742760203727,0.4831283751800094,True,uniform,842.0,857.8712899012829,50
0.6889371692674573,1.236362149878863,0.5474249806114058,True,classical,842.0,865.8767757102988,50
0.4624771666268969,1.127317492629294,0.664840326002397,True,active,459.0,372.9790858820678,70
0.4780465706944919,1.007381028197804,0.529334457503312,True,active+,459.0,532.9161995593735,70
0.6789314344629915,1.3220828847468045,0.6431514502838129,True,spline,459.0,666.6718976022898,70
0.7289717973375639,1.3063087833259226,0.5773369859883587,True,spline+,459.0,870.1953064770478,70
0.3430426097902476,0.8821231439132837,0.5390805341230361,True,uniform,459.0,331.937366772209,70
0.5738174770774158,1.2161255135903486,0.6423080365129328,True,classical,459.0,524.8404533777156,70
0.7270841817334458,1.2248391163005043,0.4977549345670585,True,active,842.0,1088.661310293235,78
0.7009006501558701,1.147784479007352,0.446883828851482,True,active+,842.0,1217.174521446655,78
0.8044923468854839,1.300099165306056,0.4956068184205722,False,spline,842.0,1285.2414664635307,78
0.768274672719684,1.2041899632366777,0.4359152905169935,True,spline+,842.0,1466.03266005177,78
0.6505483021725837,1.1149506175986803,0.4644023154260968,True,uniform,842.0,1020.1513307599814,78
0.6287175152285929,1.120599429392385,0.4918819141637924,True,classical,842.0,886.4984093111599,78
0.6403452310905804,1.0516971855861907,0.4113519544956103,True,active,996.0,1202.8392294163089,13
0.5356267129138634,0.8641047868774955,0.328478073963632,True,active+,996.0,1294.5447073857536,13
0.6612709011667932,1.008150136896958,0.3468792357301646,True,spline,996.0,1664.9975778842777,13
0.6532592270148315,0.9839899551706665,0.3307307281558348,True,spline+,996.0,1764.5366453462789,13
0.5426000016361889,0.9526969388525196,0.4100969372163306,True,uniform,996.0,934.412638252559,13
0.6478360719462879,1.097156088805507,0.4493200168592191,True,classical,996.0,1066.7999911525535,13
0.406844227192301,0.8839991696788497,0.4771549424865486,True,active,459.0,491.68465783411256,58
0.33595450653629,0.6858947962017323,0.3499402896654423,False,active+,459.0,581.2306317910854,58
0.5242781868598132,0.948976233257878,0.4246980463980647,True,spline,459.0,841.0086296683305,58
0.5898953054342961,1.0154779465674308,0.4255826411331347,True,spline+,459.0,1003.6170238797148,58
0.3235997455860204,0.8729973186281361,0.5493975730421157,True,uniform,459.0,300.6377064903244,58
0.4120291827431369,0.9063022912069638,0.4942731084638269,True,classical,459.0,476.5179928619811,58
0.6420919053663786,1.111906205615654,0.4698143002492755,True,active,842.0,982.0566528968892,87
0.6635590940432325,1.1002884748274118,0.4367293807841792,True,active+,842.0,1157.8071971642964,87
0.6077162630062709,0.948999069175982,0.3412828061697111,True,spline,842.0,1490.576255867391,87
0.6597663258563373,1.0145665414571277,0.3548002156007903,True,spline+,842.0,1598.945262303216,87
0.6127844911485942,1.046695695609975,0.4339112044613809,True,uniform,842.0,1033.033205183527,87
0.573324181663178,1.0399538510583262,0.4666296693951481,True,classical,842.0,835.0339283351424,87
0.6481334647537447,1.0714048119631363,0.4232713472093918,True,active,842.0,1172.0422081925667,93
0.5529505602015184,0.8965686118759872,0.3436180516744688,True,active+,842.0,1267.6347384869832,93
0.6415656175405137,1.0058727207391187,0.364307103198605,True,spline,842.0,1464.1797124478865,93
0.6502934306522125,1.000423119736956,0.3501296890847435,True,spline+,842.0,1595.802111144885,93
0.6129063184309035,1.055342811864927,0.4424364934340236,True,uniform,842.0,1002.7335084719674,93
0.6556893464115556,1.2041561079401542,0.5484667615285985,True,classical,842.0,801.4014770964862,93
0.7319745998079413,1.323979847277261,0.5920052474693197,True,active,613.0,843.023817911479,90
0.7590236997365375,1.3329961968412856,0.5739724971047481,True,active+,613.0,933.6594117485232,90
0.5239729431982085,0.8640512099605847,0.3400782667623762,True,spline,613.0,1183.4923388089649,90
0.5414508571208039,0.8712124048940553,0.3297615477732514,True,spline+,613.0,1308.8625546203784,90
0.5241718959605934,1.0947550688168692,0.5705831728562758,True,uniform,613.0,545.9252813326814,90
0.5350647086476388,1.035074378698574,0.5000096700509351,True,classical,613.0,680.0807534018176,90
0.5578667332990768,1.057582420341881,0.4997156870428045,True,active,613.0,723.7587686870218,84
0.4889945558669646,0.8828469850614313,0.3938524291944666,True,active+,613.0,848.3150068736225,84
0.6058863295902229,1.0001458768470293,0.3942595472568063,True,spline,613.0,1178.6954987295746,84
0.6042063284958444,0.9805457062115812,0.3763393777157369,True,spline+,613.0,1262.9930954610434,84
0.5270152477079985,1.013838108796924,0.4868228610889255,True,uniform,613.0,691.7133920686997,84
0.6076519024922394,1.2391388832569084,0.6314869807646689,True,classical,613.0,583.1551525898755,84
0.4117125313268275,0.8746984111759145,0.4629858798490869,True,active,613.0,521.4472747636862,53
0.4610411114035037,0.920686037770158,0.4596449263666544,True,active+,613.0,618.9975429041502,53
0.7663711755403088,1.324326968107319,0.5579557925670103,True,spline,613.0,989.6355952273664,53
0.7233060982419623,1.199779432397336,0.4764733341553737,True,spline+,613.0,1156.20281598346,53
0.5108656844511782,1.0118831558654733,0.5010174714142951,True,uniform,613.0,633.8851535956385,53
0.6300982253518552,1.3437150531440598,0.7136168277922046,True,classical,613.0,516.2768222969786,53
0.5406833917190444,1.0625238065442095,0.5218404148251653,True,active,613.0,648.7841440539725,47
0.613494101351091,1.1111269213758572,0.4976328200247663,True,active+,613.0,839.3158681436346,47
0.5458156448614907,0.9230146588572816,0.377199013995791,True,spline,613.0,1072.799479464148,47
0.5414262392821129,0.8848032635627467,0.3433770242806339,True,spline+,613.0,1227.426872371635,47
0.6557848837677915,1.2186668436963128,0.5628819599285213,True,uniform,613.0,771.0880842259138,47
0.6625850110681205,1.3290392815933636,0.6664542705252431,True,classical,613.0,611.1420036265534,47
0.6148037459416649,1.001851744353406,0.3870479984117412,True,active,1072.0,1241.8282722159456,3
0.6035130209322306,0.9564646857610718,0.3529516648288412,True,active+,1072.0,1396.4469495989408,3
0.6785609515205643,1.0354732348328577,0.3569122833122932,True,spline,1072.0,1657.6723644644137,3
0.6630576767329636,0.9985963600582268,0.3355386833252634,True,spline+,1072.0,1765.855368406333,3
0.665928138274986,1.0661371055157185,0.4002089672407323,True,uniform,1072.0,1336.9234984471684,3
0.545278475424794,0.9396908970460516,0.3944124216212574,True,classical,1072.0,999.6203357628192,3
0.3730222261795763,0.8601823896312228,0.4871601634516465,True,active,536.0,424.1693761828217,86
0.4212749280567875,0.8422994815434269,0.4210245534866394,True,active+,536.0,616.8229257121058,86
0.5365043366701218,0.9627071963711504,0.4262028597010288,True,spline,536.0,866.1844101089416,86
0.5671398325868069,0.9664438270536332,0.3993039944668264,True,spline+,536.0,1042.2126258456233,86
0.413109284257916,0.912392100976067,0.499282816718151,True,uniform,536.0,471.6245351773093,86
0.5505374826952598,1.138497065260669,0.5879595825654091,True,classical,536.0,560.8992645485991,86
0.4937448972473934,0.9759805418488264,0.4822356446014329,True,active,536.0,637.6824847047883,92
0.5059087563740908,0.9414298364255946,0.4355210800515038,True,active+,536.0,767.7059126132621,92
0.7411217545421966,1.3222384876318622,0.5811167330896656,True,spline,536.0,883.5010911696313,92
0.7572263162733318,1.284658050343226,0.5274317340698941,True,spline+,536.0,1059.761480055298,92
0.5344613457937407,1.0688278747802835,0.534366528986543,True,uniform,536.0,616.4518510172447,92
0.4839923561451842,1.0227217699184172,0.538729413773233,True,classical,536.0,529.0020181504738,92
0.504620200598172,1.0594175514830175,0.5547973508848457,True,active,536.0,538.2936566396767,79
0.5539193031659806,1.0580494228064408,0.5041301196404602,True,active+,536.0,706.986531113629,79
0.5835421338970325,1.0224253681643043,0.438883234267272,True,spline,536.0,941.4510783882272,79
0.6048183831427583,1.0127318670753391,0.4079134839325808,True,spline+,536.0,1114.339967153924,79
0.4916036177490623,1.0270895142589014,0.535485896509839,True,uniform,536.0,545.413610756024,79
0.5061786233641028,1.0652325554961375,0.5590539321320349,True,classical,536.0,534.8406438240036,79
0.5688538043057815,1.0529836413413545,0.484129837035573,True,active,689.0,780.9381878452042,59
0.5480375475381993,0.969492660357042,0.4214551128188426,True,active+,689.0,909.9877958522036,59
0.6219184815025818,1.0091237985326449,0.3872053170300631,True,spline,689.0,1263.853461732012,59
0.6079591189710594,0.9630585457040453,0.3550994267329858,True,spline+,689.0,1399.3000795783803,59
0.7179143030704012,1.2676035805878507,0.5496892775174496,True,uniform,689.0,916.0668870260064,59
0.5143581058896954,1.0089931235287286,0.4946350176390331,True,classical,689.0,652.2164612016019,59
0.4439021201192025,1.101508176607269,0.6576060564880664,True,active,459.0,358.4859774795497,9
0.4925642676204998,1.0436868865542563,0.5511226189337566,True,active+,459.0,525.1537065417299,9
0.457118613670312,0.8354471278331774,0.3783285141628654,True,spline,459.0,814.2719867373752,9
0.5007665886378039,0.8752766919274332,0.3745101032896293,True,spline+,459.0,949.616317100779,9
0.4187088368092653,1.012794865270888,0.5940860284616227,True,uniform,459.0,379.5151688239588,9
0.4395814603890471,0.9946831527385612,0.555101692349514,True,classical,459.0,444.0367237494262,9
0.6214732093428545,1.098757922843952,0.4772847135010976,True,active,766.0,911.8611230240032,34
0.6260120475055935,1.0543652277436828,0.4283531802380893,True,active+,766.0,1089.488200047566,34
0.5802325307800759,0.9181334758045996,0.3379009450245238,True,spline,766.0,1405.971784149206,34
0.5705831542577214,0.8875751758519098,0.3169920215941884,True,spline+,766.0,1516.7711049370196,34
0.5358598616048238,0.9837806243792868,0.447920762774463,True,uniform,766.0,802.2377517919557,34
0.6634770007172903,1.2363538908456695,0.5728768901283794,True,classical,766.0,764.2950643213927,34
0.6108154606814887,1.1578926006125116,0.5470771399310229,True,active,689.0,723.8916733379328,71
0.6403059786506345,1.1963458233817197,0.5560398447310851,True,active+,689.0,757.8207177332964,71
0.6152989700668301,1.0139187569266104,0.3986197868597803,True,spline,689.0,1186.917363940451,71
0.6440200388140258,1.0294410816462067,0.3854210428321809,True,spline+,689.0,1345.9113740398448,71
0.753298898416051,1.3257270532394263,0.5724281548233755,True,uniform,689.0,926.7258930628186,71
0.8708563700442187,1.5947225177058173,0.7238661476615986,False,classical,689.0,809.0210039597188,71
0.531332364385181,1.0505070618182877,0.5191746974331064,True,active,536.0,637.2768601488901,45
0.5489984878655819,1.049346227149864,0.500347739284282,True,active+,536.0,705.5388500660835,45
0.5456649921498221,0.9638436477013732,0.4181786555515512,True,spline,536.0,914.8093708088312,45
0.585355301755772,0.9895943169856224,0.4042390152298505,True,spline+,536.0,1073.975755298946,45
0.6982619109896703,1.3004451666650674,0.6021832556753971,True,uniform,536.0,765.6723698421564,45
0.6325564397700907,1.3520517242098984,0.7194952844398077,True,classical,536.0,513.1669044547573,45
0.5931270243556453,1.069112747091364,0.4759857227357186,True,active,689.0,853.0001874867821,65
0.5943169996147574,1.0214374023976047,0.4271204027828473,True,active+,689.0,1009.6167003473242,65
0.6464339264556074,1.065203888045536,0.4187699615899287,True,spline,689.0,1187.0089385655306,65
0.7165965124429504,1.1475569731055948,0.4309604606626444,True,spline+,689.0,1335.4350087261644,65
0.8175419470449031,1.4790113724358311,0.661469425390928,False,uniform,689.0,842.5255020382527,65
0.673883577811453,1.2828359399677478,0.6089523621562948,True,classical,689.0,714.4567344536058,65
0.8465606484244573,1.519258867910042,0.6726982194855847,False,active,536.0,865.8248295662119,51
0.8107873737345098,1.4124916676812822,0.6017042939467724,False,active+,536.0,960.9240713899112,51
0.6142899851194829,1.0489890997125886,0.4346991145931057,True,spline,536.0,1034.0570129517494,51
0.5395618675988699,0.8947354443818235,0.3551735767829536,True,spline+,536.0,1157.528539082809,51
0.8763253607763763,1.543233285869398,0.6669079250930217,False,uniform,536.0,924.6198737208074,51
0.4946532748909939,1.0633202724948243,0.5686669976038303,True,classical,536.0,505.57042658887457,51
0.5124104164743043,0.9576893880593916,0.4452789715850874,True,active,766.0,757.0533745167189,20
0.4802370429068611,0.845436120993927,0.3651990780870658,True,active+,766.0,925.6821694408284,20
0.5694296866381416,0.9080318029520292,0.3386021163138877,True,spline,766.0,1359.7759973320167,20
0.5936971994889421,0.9286189678455338,0.3349217683565917,True,spline+,766.0,1479.7374244396274,20
0.5682369077032596,1.018488600998565,0.4502516932953053,True,uniform,766.0,869.5662673007096,20
0.5614142223957392,1.043666296161328,0.4822520737655889,True,classical,766.0,770.2026209452248,20
0.803201109357689,1.287221119011473,0.4840200096537841,False,active,919.0,1331.1446668773706,34
0.747740717218609,1.1817842190800465,0.4340435018614372,True,active+,919.0,1413.2887356898775,34
0.6470076291564106,0.987106936240726,0.3400993070843153,True,spline,919.0,1659.3934476670795,34
0.7016235295681817,1.059901914043961,0.3582783844757792,True,spline+,919.0,1739.874836684786,34
0.5185866183246689,0.917763517066648,0.3991768987419791,True,uniform,919.0,908.7015259446976,34
0.4978888054867082,0.8683073719237937,0.3704185664370855,True,classical,919.0,957.249976036416,34
0.6161769571691593,0.9918639988026994,0.37568704163354,True,active,1149.0,1306.5633620541012,95
0.6093717453725852,0.9558933522816864,0.3465216069091013,True,active+,1149.0,1460.8092065259289,95
0.6545550269984151,0.9711720841985396,0.3166170572001247,True,spline,1149.0,1902.1255564813664,95
0.6656724435778096,0.9802237890999268,0.314551345522117,True,spline+,1149.0,1977.218844685206,95
0.5504179449524749,0.912040274671278,0.361622329718803,True,uniform,1149.0,1161.0352151724012,95
0.616660576645177,1.0145264028322538,0.3978658261870768,True,classical,1149.0,1194.6128570783003,95
0.6768061125953236,1.0539232633387905,0.3771171507434668,True,active,1149.0,1509.5482801899586,81
0.6660772927390372,1.0184033479530217,0.3523260552139843,True,active+,1149.0,1642.5112866380728,81
0.6816391731218876,1.016505208504741,0.3348660353828534,True,spline,1149.0,1854.0990958317768,81
0.6940915938879966,1.0255260821871672,0.3314344882991706,True,spline+,1149.0,1943.1878950266016,81
0.742500923007504,1.185558897791427,0.443057974783923,True,uniform,1149.0,1352.2233071732496,81
0.7157149778269868,1.2010074634231622,0.4852924855961754,True,classical,1149.0,1105.0788989462883,81
0.5464637949236836,0.92864411308777,0.3821803181640864,True,active,1072.0,1053.0893939019802,29
0.5898765680204142,0.964364380153852,0.3744878121334377,True,active+,1072.0,1225.4429151321838,29
0.7485622198566574,1.13896675467958,0.3904045348229227,True,spline,1072.0,1680.7941240147588,29
0.731485635219892,1.0975279622583205,0.3660423270384283,True,spline+,1072.0,1798.6533156409523,29
0.6711826526048189,1.097998663697524,0.4268160110927049,True,uniform,1072.0,1222.2223885853334,29
0.672619627887292,1.1218043875054695,0.4491847596181777,True,classical,1072.0,1131.6817077486303,29
0.5865549005273236,0.964528148892552,0.3779732483652284,True,active,1072.0,1196.9470757393697,15
0.6125949893584299,0.9749033985552926,0.3623084091968627,True,active+,1072.0,1371.5645344369657,15
0.6244727159556384,0.9340925041387408,0.3096197881831025,True,spline,1072.0,1826.1861177279452,15
0.6230484979072995,0.9233951865145082,0.3003466886072087,True,spline+,1072.0,1912.923001349403,15
0.5146568593104381,0.8709592865548283,0.3563024272443902,True,uniform,1072.0,1069.8202675662712,15
0.5890951064542734,0.9918765416548024,0.4027814352005289,True,classical,1072.0,1090.799988506447,15
0.5835704623746351,0.9502046393933335,0.3666341770186985,True,active,1149.0,1245.8564222140776,56
0.5417890608419317,0.8566087140372726,0.3148196531953409,True,active+,1149.0,1410.9440828869451,56
0.6541594903949952,0.9761196038613474,0.3219601134663522,True,spline,1149.0,1848.4644520921624,56
0.6551519817525043,0.9698907708674268,0.3147387891149225,True,spline+,1149.0,1923.828691148809,56
0.6752061220486374,1.0835841182561616,0.4083779962075242,True,uniform,1149.0,1323.413684718314,56
0.687826986393608,1.142374401771029,0.4545474153774207,True,classical,1149.0,1150.4380024902855,56
0.6185601943924651,0.9924607868709892,0.3739005924785241,True,active,1149.0,1324.636918927246,42
0.6687817304929091,1.0493451835875742,0.3805634530946651,True,active+,1149.0,1459.214008707874,42
0.6941583358758487,1.0422139538386983,0.3480556179628498,True,spline,1149.0,1792.777065456204,42
0.6882974102420907,1.0224415509553786,0.3341441407132879,True,spline+,1149.0,1890.8018652563576,42
0.6634627842109361,1.0632096192272122,0.3997468350162761,True,uniform,1149.0,1331.4895162960945,42
0.6176601582689895,1.0189709816181562,0.4013108233491668,True,classical,1149.0,1181.5159968162789,42
0.5365397555072274,0.8823051864179567,0.3457654309107293,True,active,1149.0,1196.8286565507406,46
0.5863258707579972,0.9351109764163332,0.3487851056583361,True,active+,1149.0,1358.929063736235,46
0.6633988498690131,0.9866111753070044,0.3232123254379911,True,spline,1149.0,1879.652399825481,46
0.6770360143920895,0.998804470343998,0.3217684559519085,True,spline+,1149.0,1958.435112151578,46
0.6729322753505225,1.076381441251892,0.4034491659013695,True,uniform,1149.0,1342.051443370326,46
0.5601621442732552,0.9299092547671124,0.3697471104938572,True,classical,1149.0,1152.5549566199743,46
0.5442716976006741,0.908875420096482,0.3646037224958081,True,active,1149.0,1126.1896756780404,52
0.5876870370357796,0.9458514475661544,0.3581644105303747,True,active+,1149.0,1307.4466935558878,52
0.7152464627970806,1.0719281879140117,0.3566817251169311,True,spline,1149.0,1808.9006550058095,52
0.7055561866670711,1.0471060878035732,0.3415499011365021,True,spline+,1149.0,1899.7067223439951,52
0.5800111503975953,0.9566327831563208,0.3766216327587255,True,uniform,1149.0,1182.6396731602276,52
0.6017356037625513,0.9925837263071208,0.3908481225445694,True,classical,1149.0,1182.068179952079,52
0.5459951890512332,0.9483096687416882,0.402314479690455,True,active,919.0,971.5141779177374,24
0.5656542690854536,0.9490167142452997,0.3833624451598459,True,active+,919.0,1105.8934712514197,24
0.7307418521909415,1.1448043963846464,0.4140625441937049,True,spline,919.0,1469.2102624886506,24
0.7436375860202215,1.1388921617600178,0.3952545757397964,True,spline+,919.0,1629.6520576829153,24
0.8819561068488743,1.4323435412578545,0.5503874344089802,False,uniform,919.0,1259.186004992532,24
0.8348340241758925,1.4608662921574551,0.6260322679815629,False,classical,919.0,945.7102082315828,24
0.5809638764917325,0.94028417357887,0.3593202970871374,True,active,1149.0,1277.1971703523882,85
0.5777212460884453,0.912044636621176,0.3343233905327306,True,active+,1149.0,1420.2733773869238,85
0.616865881375112,0.9181637839581498,0.3012979025830378,True,spline,1149.0,1871.8669168373349,85
0.6401458062788062,0.945882034041877,0.3057362277630707,True,spline+,1149.0,1942.542815895736,85
0.6283611930604818,1.0251886179540162,0.3968274248935344,True,uniform,1149.0,1235.6737343554123,85
0.6343093362160326,1.0616056127226632,0.4272962765066306,True,classical,1149.0,1116.4074695342292,85
0.5708733990234431,0.9554144516402656,0.3845410526168226,True,active,1072.0,1116.5083324075724,39
0.600092244097723,0.9682143565551816,0.3681221124574585,True,active+,1072.0,1293.9301217748823,39
0.6789583987694233,1.0279573410036054,0.348998942234182,True,spline,1072.0,1721.1794295843931,39
0.6876166666579925,1.0281536091655528,0.3405369425075603,True,spline+,1072.0,1829.6331014092816,39
0.7771455028668163,1.240027360827478,0.4628818579606618,True,uniform,1072.0,1356.187101600874,39
0.6158625072766903,1.0381853296562673,0.4223228223795769,True,classical,1072.0,1085.814007539746,39
0.5754309548666994,0.9461934389961192,0.3707624841294198,True,active,1149.0,1197.16351943843,91
0.6054238444430307,0.9640009796422226,0.358577135199192,True,active+,1149.0,1368.4458076203111,91
0.6169787009968594,0.9181531351412964,0.3011744341444369,True,spline,1149.0,1873.698812826555,91
0.6285051310770325,0.928242250475413,0.2997371193983804,True,spline+,1149.0,1947.2615621206824,91
0.620034878285928,1.010552077010083,0.3905171987241551,True,uniform,1149.0,1240.9430499616192,91
0.5894737420440598,0.9648073975149308,0.375333655470871,True,classical,1149.0,1219.7666598956282,91
0.6701623889453971,1.102605567371902,0.4324431784265048,True,active,919.0,1194.3591733960716,30
0.6840419948467006,1.0981006376275344,0.4140586427808338,True,active+,919.0,1321.7001685343266,30
0.6770386033486966,1.0540158877761026,0.3769772844274059,True,spline,919.0,1511.291968466774,30
0.6601553228241218,1.0081581784958515,0.3480028556717297,True,spline+,919.0,1651.6822883168938,30
0.672631640290822,1.133365277452849,0.4607336371620271,True,uniform,919.0,1087.7173414898798,30
0.5692465054533424,1.0090789718539768,0.4398324664006343,True,classical,919.0,903.480337399518,30
0.6085295696768298,1.025191082123318,0.4166615124464881,True,active,919.0,1088.3846751560236,18
0.5456820318653901,0.8855741714191273,0.3398921395537372,True,active+,919.0,1262.9604783435732,18
0.5941481988700186,0.9065317589551294,0.3123835600851108,True,spline,919.0,1658.7887277729128,18
0.6060692498412571,0.913227526903781,0.3071582770625238,True,spline+,919.0,1761.5325970304768,18
0.6098948757506777,1.055280004778182,0.4453851290275044,True,uniform,919.0,985.0138323363416,18
0.5277399680776611,0.9369181779563308,0.4091782098786697,True,classical,919.0,898.7249896894127,18
0.6922938412067858,1.1141668446156563,0.4218730034088704,True,active,1072.0,1307.6625521155238,11
0.6989316251315089,1.096363978907776,0.397432353776267,True,active+,1072.0,1460.9147239963104,11
0.6020134408255859,0.9021667099662788,0.3001532691406927,True,spline,1072.0,1809.5053762684304,11
0.6234291543187057,0.9260338129073676,0.3026046585886618,True,spline+,1072.0,1891.299647967468,11
0.6531852091197684,1.0713917606706391,0.4182065515508707,True,uniform,1072.0,1209.1672275894882,11
0.6388968404122212,1.0771619868262636,0.4382651464140424,True,classical,1072.0,1085.247779825801,11
0.6345159576909926,1.123395970515349,0.4888800128243561,True,active,766.0,907.3773307267192,18
0.5226710695721039,0.8916456016107605,0.3689745320386566,True,active+,766.0,1037.92763179301,18
0.5589004701042807,0.8809500475096911,0.3220495774054104,True,spline,766.0,1430.0781690310362,18
0.5531265161491546,0.8570014057597495,0.3038748896105948,True,spline+,766.0,1544.4812827345197,18
0.5101274904842428,0.9601958232936972,0.4500683328094546,True,uniform,766.0,740.201621550681,18
0.5832201767426536,1.0707601206396873,0.4875399438970337,True,classical,766.0,802.1610716020775,18
0.65578267513695,1.248915412116648,0.5931327369796979,True,active,536.0,713.5027845946864,69
0.555249458650398,1.0077706394635242,0.4525211808131262,True,active+,536.0,833.3590473661291,69
0.7280342082713362,1.3411324425468916,0.6130982342755553,True,spline,536.0,793.3557009212271,69
0.7292176188273428,1.292199696193726,0.5629820773663831,True,spline+,536.0,904.5882550929068,69
0.5420687843436238,1.0430982292298716,0.5010294448862478,True,uniform,536.0,691.1033633055222,69
0.4884098097358442,1.0091723788504987,0.5207625691146545,True,classical,536.0,562.1957312605654,69
0.4911779610644367,0.8938494633421068,0.4026715022776701,True,active,689.0,825.9915782668843,49
0.4616140312684347,0.8010320606978188,0.3394180294293841,True,active+,689.0,974.6862568339352,49
0.5242495951694032,0.8592672036201726,0.3350176084507694,True,spline,689.0,1212.7968046880137,49
0.5499883090199733,0.8820480918332732,0.3320597828132998,True,spline+,689.0,1327.1251771973675,49
0.8230567938397468,1.4320346908062838,0.6089778969665369,False,uniform,689.0,965.3652499133084,49
0.7429424773503079,1.4175157942629628,0.6745733169126549,True,classical,689.0,709.4416204705357,49
0.6307375448437582,1.01940398176292,0.3886664369191617,True,active,1149.0,1284.7104068993597,9
0.6418428311914022,1.0085725011978857,0.3667296700064835,True,active+,1149.0,1449.64745255548,9
0.6039780271914049,0.8981206442352361,0.2941426170438311,True,spline,1149.0,1880.9130931598015,9
0.6265943809967008,0.9247177849345992,0.2981234039378985,True,spline+,1149.0,1954.8678087210128,9
0.7299591680006221,1.1516683054808654,0.4217091374802433,True,uniform,1149.0,1424.1332265112928,9
0.6673049987028874,1.1170659408942871,0.4497609421913999,True,classical,1149.0,1115.4863104432554,9
0.6834896356016829,1.136693877872656,0.4532042422709732,True,active,766.0,1144.3807542697932,24
0.7005011845038471,1.1489286766544466,0.4484274921505995,True,active+,766.0,1209.4797179459028,24
0.6223159311989392,1.0022591937127343,0.379943262513795,True,spline,766.0,1303.7562155344954,24
0.6154151374399818,0.9676816496618236,0.3522665122218417,True,spline+,766.0,1445.4334915130617,24
0.4992153949191161,0.9364379384731608,0.4372225435540447,True,uniform,766.0,748.298141084254,24
0.6438160016258848,1.1804129594183572,0.5365969577924724,True,classical,766.0,805.7448276268806,24
0.6407844643569621,1.1416908367734524,0.5009063724164903,True,active,689.0,887.6176519170322,61
0.6302036139331577,1.0771865731516086,0.4469829592184509,True,active+,689.0,1030.3958959770468,61
0.6304259057873847,1.0061698467564113,0.3757439409690266,True,spline,689.0,1354.7404762106316,61
0.7407987616838179,1.1639172053346865,0.4231184436508686,True,spline+,689.0,1450.4836893574047,61
0.4722187715753672,0.8980378407604318,0.4258190691850645,True,uniform,689.0,716.6843975563283,61
0.4096486589767608,0.7956074426552079,0.3859587836784471,False,classical,689.0,671.9802646804168,61
0.4228658574756069,0.9106171360545672,0.4877512785789601,True,active,536.0,503.23601275912085,55
0.4654593061956438,0.9591530305564778,0.493693724360834,True,active+,536.0,566.4102872963717,55
0.5680439435151065,1.0400709737016198,0.4720270301865134,True,spline,536.0,809.3755418394236,55
0.58755186175824,1.0219235398685291,0.4343716781102891,True,spline+,536.0,966.582827414304,55
0.4771234643549548,1.0638026662350195,0.586679201880065,True,uniform,536.0,460.54749735214654,55
0.4330137889940087,0.895092265288685,0.4620784762946763,True,classical,536.0,561.5359751590538,55
0.6744077489256546,1.2112694846378085,0.5368617357121539,True,active,689.0,863.4805766044601,75
0.6507491407866525,1.1200995157075968,0.4693503749209443,True,active+,689.0,1004.0643219635268,75
0.6571740192293904,1.0604241699172596,0.4032501506878692,True,spline,689.0,1293.360703819261,75
0.660833207818999,1.0409137865852782,0.3800805787662792,True,spline+,689.0,1434.3414584161562,75
0.4029506668728068,0.8147210253524346,0.4117703584796278,True,uniform,689.0,597.3853843613593,75
0.4551005704601661,0.8802845755282105,0.4251840050680443,True,classical,689.0,680.3159488139037,75
0.3814683739629598,0.8599198248648166,0.4784514509018567,True,active,536.0,448.1873011866238,41
0.4024879883844799,0.802922710386943,0.400434722002463,True,active+,536.0,620.8609075915323,41
0.749494976253101,1.3917264811271868,0.6422315048740858,True,spline,536.0,773.0310701035094,41
0.7364874384351235,1.290804011545808,0.5543165731106846,True,spline+,536.0,940.4039294057028,41
0.4820106301425439,1.01993546924222,0.537924839099676,True,uniform,536.0,527.0631436426577,41
0.6270012532010127,1.263545675566598,0.6365444223655852,True,classical,536.0,603.0305407167057,41
0.5627971476086187,1.0563383044781522,0.4935411568695336,True,active,766.0,746.8752370066804,30
0.6182162039384997,1.0765324888387005,0.4583162849002007,True,active+,766.0,962.4577844753284,30
0.679710021976735,1.0970146422681937,0.4173046202914586,True,spline,766.0,1292.2470796649966,30
0.6632991510029922,1.0441332048730896,0.3808340538700974,True,spline+,766.0,1438.3687519375542,30
0.4684809360117294,0.9507831739352564,0.4823022379235269,True,uniform,766.0,591.0569103035406,30
0.5883642404119538,1.0924368929709345,0.5040726525589805,True,classical,766.0,773.2328658301321,30
0.6825006370570016,1.321199857484983,0.6386992204279814,True,active,536.0,678.6580849971297,96
0.5586609204732844,1.0234617845869003,0.4648008641136161,True,active+,536.0,807.8844757778068,96
0.4801506143617853,0.8508545231649468,0.3707039088031615,True,spline,536.0,904.5493627362456,96
0.5074796023121267,0.8829417762463917,0.3754621739342649,True,spline+,536.0,965.4476116628906,96
0.6694484714096556,1.2785122324155842,0.6090637610059286,True,uniform,536.0,707.3474903165084,96
0.4026076920687412,0.9340927885547188,0.5314850964859774,True,classical,536.0,418.03619023238355,96
0.6664135582557641,1.1753135110508877,0.5088999527951236,True,active,536.0,919.7953682574838,82
0.538546192528996,0.9515797433906176,0.4130335508616214,True,active+,536.0,913.7607609817644,82
0.4782495286524889,0.8467690565340835,0.3685195278815946,True,spline,536.0,907.2302052702656,82
0.5498375087037896,0.9340839374875866,0.384246428783797,True,spline+,536.0,1054.3377710746695,82
0.5655731964637712,1.1192495407328886,0.5536763442691174,True,uniform,536.0,635.5350111877077,82
0.4326265614763058,0.9437282308640436,0.5111016693877378,True,classical,536.0,486.7327346035583,82
0.4950769018216085,0.966697641912355,0.4716207400907464,True,active,613.0,661.2452042385457,43
0.5294106424789999,0.9682730621377386,0.4388624196587386,True,active+,613.0,812.3159805325606,43
0.5733752240250546,0.9477757485503158,0.3744005245252612,True,spline,613.0,1172.2836215840423,43
0.6257947084519966,1.0062985703347116,0.380503861882715,True,spline+,613.0,1312.2913458245018,43
0.6959783663531519,1.2304459859248775,0.5344676195717258,True,uniform,613.0,911.955415173335,43
0.7335770658616438,1.4467354279567262,0.7131583620950823,True,classical,613.0,641.9929495609936,43
0.6230210206667187,1.190595518237388,0.5675744975706692,True,active,613.0,705.9709450595649,57
0.6277338283877815,1.1202200829570652,0.4924862545692837,True,active+,613.0,882.7454380067722,57
0.6134431750895357,1.0207064495574574,0.4072632744679216,True,spline,613.0,1142.1571867207897,57
0.613677653637851,1.0002486110171127,0.3865709573792617,True,spline+,613.0,1240.6498174847848,57
0.80317913841676,1.4280124279525437,0.6248332895357837,False,uniform,613.0,894.1430761711456,57
0.6618506144976491,1.2791921059401148,0.6173414914424656,True,classical,613.0,681.9330596815063,57
0.5428571213311586,0.9067772865883036,0.363920165257145,True,active,1072.0,1124.91141702415,7
0.5778052669960818,0.9279731564735052,0.3501678894774233,True,active+,1072.0,1319.2020410353005,7
0.6725122531140029,1.017270164451444,0.3447579113374412,True,spline,1072.0,1728.7686707574014,7
0.6765944899769334,1.010529523561259,0.3339350335843256,True,spline+,1072.0,1839.9616858409229,7
0.5954030760058041,0.988156642391376,0.3927535663855718,True,uniform,1072.0,1153.729670213812,7
0.612412505469491,1.0393399538245696,0.4269274483550785,True,classical,1072.0,1058.3619755046002,7
0.6143082834470548,1.1430864340782263,0.5287781506311715,True,active,613.0,767.8372180689079,80
0.6449211149311014,1.1503004750516008,0.5053793601204994,True,active+,613.0,884.3136045831911,80
0.6341463724494474,1.0600606598756743,0.4259142874262269,True,spline,613.0,1121.62579946439,80
0.631983459906886,1.02371048885171,0.3917270289448239,True,spline+,613.0,1272.793353754426,80
0.5941510546900781,1.09193388792465,0.4977828332345719,True,uniform,613.0,799.4935192994743,80
0.5616848938465148,1.1123947590192529,0.5507098651727381,True,classical,613.0,634.1305794030975,80
0.5393192029394309,1.0103729847506449,0.4710537818112139,True,active,613.0,751.3488757935133,94
0.5489930827127566,0.9814820884817286,0.432489005768972,True,active+,613.0,877.2424867967301,94
0.5478914256122562,0.9165868629947276,0.3686954373824712,True,spline,613.0,1118.2363771755247,94
0.5496155871409856,0.8904948161496582,0.3408792290086726,True,spline+,613.0,1271.567890015899,94
0.6861761617486277,1.2269517663462437,0.5407756045976158,True,uniform,613.0,876.7117701730288,94
0.5941324380872951,1.1934121017113195,0.5992796636240246,True,classical,613.0,608.679146689943,94
0.6387225971181508,1.089804889922509,0.4510822928043582,True,active,842.0,1037.2776853619775,97
0.6639119926412065,1.0915421073045044,0.4276301146632979,True,active+,842.0,1197.7926659712905,97
0.7349102546275624,1.1778480054399665,0.4429377508124038,True,spline,842.0,1330.805667446948,97
0.6558045439170505,1.0223619254397094,0.3665573815226589,True,spline+,842.0,1501.9560666902762,97
0.5949299410983807,1.0318234870488077,0.4368935459504269,True,uniform,842.0,976.572753757819,97
0.6533442882303517,1.180005974436498,0.5266616862061464,True,classical,842.0,847.2534292416685,97
0.5801136446987006,1.006000601152189,0.4258869564534883,True,active,842.0,977.0174022172404,83
0.580838279691416,0.9627551031681568,0.3819168234767408,True,active+,842.0,1159.563186536564,83
0.6339193925427252,0.9898796319501652,0.35596023940744,True,spline,842.0,1490.8316018695054,83
0.6518393865345711,0.999700679350646,0.3478612928160749,True,spline+,842.0,1618.997881762504,83
0.749221159249109,1.2634462509535025,0.5142250917043932,True,uniform,842.0,1084.3254549845112,83
0.6724075897200184,1.191113166556424,0.5187055768364055,True,classical,842.0,905.6964716287142,83
0.6202500956016147,1.2587788472020285,0.6385287516004138,True,active,459.0,591.0837084992392,74
0.4980493310158079,0.9804670278799408,0.4824176968641329,True,active+,459.0,645.4140840398787,74
0.6881899322319145,1.2283411375731677,0.5401512053412532,True,spline,459.0,882.1641192719945,74
0.7076276344169141,1.2140261081490396,0.5063984737321254,True,spline+,459.0,1016.2632103886943,74
0.5924579915603582,1.2245281801778682,0.6320701886175101,True,uniform,459.0,561.7313772381509,74
0.6894966164347897,1.542183659738175,0.8526870433033854,True,classical,459.0,456.9354548991459,74
0.7036611659767773,1.1683534565236695,0.4646922905468924,True,active,842.0,1151.6774026957278,54
0.6860401084624385,1.1009385860347976,0.4148984775723591,True,active+,842.0,1323.5769908519894,54
0.6340813826360607,0.9857678171319278,0.3516864344958671,True,spline,842.0,1520.8353591374996,54
0.6669566010937836,1.020981961175979,0.3540253600821953,True,spline+,842.0,1633.1927761613676,54
0.6487109368482299,1.0946731817769244,0.4459622449286945,True,uniform,842.0,1081.5926966295372,54
0.6709066811893781,1.2034362265040517,0.5325295453146733,True,classical,842.0,867.2771579309683,54
0.3790832931712853,0.7988354434134696,0.4197521502421842,True,active,842.0,532.9190953192931,40
0.4529754437648169,0.8340484346299819,0.381072990865165,True,active+,842.0,794.5727286213242,40
0.5827467546700513,0.910594524392681,0.3278477697226296,True,spline,842.0,1486.269502974582,40
0.608419807307452,0.933775612509127,0.3253558052016749,True,spline+,842.0,1613.6104268301087,40
0.5389615837525548,0.9667674500921428,0.4278058663395879,True,uniform,842.0,867.2549751819802,40
0.5975205359187685,1.0525793437270254,0.4550588078082569,True,classical,842.0,923.5988682136702,40
0.4745752021771445,1.0668774536203958,0.5923022514432512,True,active,459.0,451.2242418632364,60
0.5431661381713461,1.1085732997830935,0.5654071616117474,True,active+,459.0,581.7759498967534,60
0.5211504868077443,0.9400548794083344,0.4189043926005902,True,spline,459.0,850.9087456721256,60
0.543353061788523,0.9294628141461612,0.3861097523576381,True,spline+,459.0,1027.3941053634594,60
0.4626833148207143,0.9886462525300046,0.5259629377092903,True,uniform,459.0,513.5932001779531,60
0.4976598450052433,1.1324157119550602,0.6347558669498168,True,classical,459.0,438.0188668415291,60
0.7136922968372185,1.2040691872230775,0.4903768903858591,True,active,842.0,1082.4769030857565,68
0.6657728010946987,1.088286310301957,0.4225135092072586,True,active+,842.0,1226.1653524164044,68
0.5837670617527203,0.902418878623802,0.3186518168710816,True,spline,842.0,1560.6643390588815,68
0.6423285810922704,0.9810390418728924,0.338710460780622,True,spline+,842.0,1650.847325888035,68
0.6680434542965051,1.144129745618722,0.4760862913222169,True,uniform,842.0,1022.8207412298304,68
0.5302041683277602,1.0040757070531567,0.4738715387253965,True,classical,842.0,726.1640608320783,68
0.6171402417690255,1.2149197798163718,0.5977795380473463,True,active,459.0,645.4004625911507,48
0.6113884761053969,1.1406824580166075,0.5292939819112108,True,active+,459.0,761.3035075278017,48
0.5070453718548459,0.955253643998614,0.4482082721437682,True,spline,459.0,738.0999013167052,48
0.5477562456998728,0.9665616263648976,0.4188053806650247,True,spline+,459.0,918.0635172113411,48
0.5440080235856896,1.1830889242297828,0.6390809006440933,True,uniform,459.0,490.55338378859136,48
0.4019609526593531,0.9296168558564148,0.5276559031970617,True,classical,459.0,421.2289170918141,48
0.7143892525712219,1.163058273902899,0.4486690213316771,True,active,996.0,1246.530828531898,17
0.7185602559359318,1.1364535625945444,0.4178933066586127,True,active+,996.0,1409.013587477676,17
0.6139972025953542,0.9309254149464784,0.3169282123511243,True,spline,996.0,1709.456923134023,17
0.6423918889637266,0.963220037054088,0.3208281480903614,True,spline+,996.0,1804.4720138970597,17
0.6460807405083134,1.0702985825493814,0.4242178420410679,True,uniform,996.0,1162.1294351127851,17
0.5418812977396861,0.9448199260820024,0.4029386283423162,True,classical,996.0,958.013286384999,17
0.6987093790114122,1.1136627892352489,0.4149534102238367,True,active,996.0,1362.5152179201175,16
0.662821661670672,1.0369912336923397,0.3741695720216677,True,active+,996.0,1478.126384407708,16
0.6273625744162268,0.9590694387982676,0.3317068643820408,True,spline,996.0,1643.647498973393,16
0.6349927911183405,0.9577180708818828,0.3227252797635423,True,spline+,996.0,1753.4060781162643,16
0.572045968074972,0.9738247935056632,0.4017788254306912,True,uniform,996.0,1046.1548545438511,16
0.6440578843242007,1.1078685528937071,0.4638106685695066,True,classical,996.0,1006.4498846302688,16
0.3547912035987721,0.8658707864294211,0.5110795828306489,True,active,459.0,371.9704250136892,49
0.4434445751516774,0.9250231691634764,0.481578594011799,True,active+,459.0,547.738943401073,49
0.5660294995525901,1.0477560688137846,0.4817265692611945,True,spline,459.0,780.9372422908048,49
0.5903178766911208,1.044906781328916,0.4545889046377953,True,spline+,459.0,908.0997455629902,49
0.5250033348096088,1.0738919015539758,0.548888566744367,True,uniform,459.0,578.1622023631677,49
0.5616889640005084,1.2862990842016009,0.7246101202010925,True,classical,459.0,431.2945917432912,49
0.4994864265107399,0.9163360425528284,0.4168496160420883,True,active,842.0,804.1625808042469,69
0.5300364501906685,0.9022104273611808,0.3721739771705122,True,active+,842.0,1046.5877866701876,69
0.6251562307082466,0.9682243856406672,0.3430681549324207,True,spline,842.0,1547.2400544656157,69
0.628355417961541,0.9587767768962804,0.3304213589347394,True,spline+,842.0,1658.3566235310773,69
0.5662075972435011,0.9906942718535304,0.4244866746100292,True,uniform,842.0,946.071207620205,69
0.7483354686079143,1.337779336009529,0.5894438674016146,True,classical,842.0,877.4327139899091,69
0.6687841823232971,1.4140585982327556,0.7452744159094585,True,active,459.0,528.1485703377924,61
0.7209691469417017,1.4089994444421374,0.6880302975004358,True,active+,459.0,659.5368210504012,61
0.5187061565190915,0.9074295000649912,0.3887233435458997,True,spline,459.0,946.6358260387594,61
0.5756364921038134,0.9762879617480344,0.400651469644221,True,spline+,459.0,1060.9833814551284,61
0.6671363557863177,1.283530244844143,0.6163938890578253,True,uniform,459.0,691.4891578992937,61
0.8043674948767728,1.719242857943657,0.914875363066884,False,classical,459.0,513.2020869223144,61
0.5884971812445308,1.0253160833916268,0.436818902147096,True,active,842.0,960.649378791232,41
0.5958160134166917,1.0284787602561554,0.4326627468394637,True,active+,842.0,993.587546654775,41
0.5283710615100414,0.8162567736909027,0.2878857121808612,True,spline,842.0,1565.3081218892746,41
0.5319452570818121,0.8134308459220895,0.2814855888402774,True,spline+,842.0,1641.4694882471665,41
0.586349370717182,1.0339359100418974,0.4475865393247155,True,uniform,842.0,920.338718688037,41
0.6515515494790999,1.1662755760480836,0.5147240265689838,True,classical,842.0,873.521064949631,41
0.6223667508683844,1.102431620523568,0.4800648696551836,True,active,842.0,905.806922366084,55
0.5992940159490939,1.007752384462883,0.4084583685137891,True,active+,842.0,1096.202922259708,55
0.608282789639083,0.930029781268924,0.3217469916298409,True,spline,842.0,1642.5801141254472,55
0.6043217064025705,0.9144253509915844,0.3101036445890137,True,spline+,842.0,1726.0027073649123,55
0.5147004544096022,0.920376142900042,0.4056756884904398,True,uniform,842.0,876.5802238529039,55
0.5852338064487842,1.0384869145565276,0.4532531081077434,True,classical,842.0,900.2415160274898,55
0.212374420536906,0.7245071945716589,0.5121327740347529,False,active,459.0,196.63014342951936,75
0.3172579871166441,0.7829250396679945,0.4656670525513504,False,active+,459.0,362.87249826510725,75
0.4965635588562077,0.8925935527835642,0.3960299939273565,True,spline,459.0,861.0365872448045,75
0.5653598313680098,0.9700128712316608,0.404653039863651,True,spline+,459.0,1016.0091615334372,75
0.3628803493189538,0.8415539064322843,0.4786735571133305,True,uniform,459.0,418.4699072101185,75
0.434158970385345,1.008854672279066,0.5746957018937209,True,classical,459.0,416.5035419622328,75
0.5199253834503624,0.916144831515338,0.3962194480649754,True,active,842.0,922.6897852773058,82
0.5620475246662343,0.9422767175703408,0.3802291929041066,True,active+,842.0,1109.0237610044635,82
0.7245139809647927,1.145411048093433,0.4208970671286403,True,spline,842.0,1411.4783758668775,82
0.7049500223867473,1.0909958765393413,0.3860458541525939,True,spline+,842.0,1552.5090962971997,82
0.4946977814040372,0.8911067094496227,0.3964089280455854,True,uniform,842.0,854.9105357266019,82
0.4639329097219073,0.8545586517002254,0.390625741978318,True,classical,842.0,793.5542136571295,82
0.5703011606810072,0.97968960598642,0.4093884453054126,True,active,842.0,1011.4165338897908,96
0.6048898306495163,1.0015860341894365,0.3966962035399199,True,active+,842.0,1164.3185263016412,96
0.6172985549493162,0.9678766468033126,0.3505780918539964,True,spline,842.0,1463.8378780666856,96
0.6226642994265135,0.9608265752914,0.3381622758648865,True,spline+,842.0,1573.5735580548428,96
0.644926747098074,1.1230864997993797,0.4781597527013055,True,uniform,842.0,962.3294543283342,96
0.5266420585114001,0.9768603848127274,0.4502183263013273,True,classical,842.0,775.7312647142553,96
0.5294246999527337,1.0728759857913863,0.5434512858386527,True,active,613.0,593.5422417907863,95
0.6170456146533712,1.1432821542287646,0.5262365395753934,True,active+,613.0,778.5188588641147,95
0.6075398640155213,1.020357657160495,0.412817793144974,True,spline,613.0,1101.4302010497595,95
0.6293250676171388,1.0216983395533716,0.3923732719362328,True,spline+,613.0,1261.0123832511467,95
0.6451004688534657,1.195872162445644,0.5507716935921784,True,uniform,613.0,777.2342685911982,95
0.6314002812797512,1.2610976564583585,0.6296973751786072,True,classical,613.0,618.7007174628708,95
0.7095099876125326,1.330145643389916,0.6206356557773833,True,active,613.0,749.6714828389847,81
0.6071658597963091,1.0821167734347046,0.4749509136383955,True,active+,613.0,886.6966014099758,81
0.5739092907007388,0.9466564266879316,0.3727471359871928,True,spline,613.0,1182.202076098613,81
0.5412724224041958,0.8662779969981709,0.325005574593975,True,spline+,613.0,1338.8134079895144,81
0.4732065228385747,0.970619515039956,0.4974129922013813,True,uniform,613.0,573.7241002357832,81
0.6769887822577836,1.3364520129504742,0.6594632306926906,True,classical,613.0,640.1314936396758,81
0.527627589917914,0.8855138280358388,0.3578862381179247,True,active,1072.0,1104.4671465384615,6
0.4992838667072736,0.8008954797356355,0.3016116130283618,True,active+,1072.0,1325.967877790042,6
0.6669657413532079,1.011670509310344,0.3447047679571361,True,spline,1072.0,1705.9239454127166,6
0.6476849573143428,0.9712436846947612,0.3235587273804184,True,spline+,1072.0,1803.673505606206,6
0.6153717324256623,0.9882372193517736,0.3728654869261112,True,uniform,1072.0,1319.5900703512082,6
0.6175372871304532,1.04855526322164,0.4310179760911867,True,classical,1072.0,1056.387590038405,6
0.6676280776726532,1.222580146734349,0.5549520690616955,True,active,613.0,808.9954325006403,56
0.7341171199187405,1.28541336616105,0.5512962462423096,True,active+,613.0,943.6344668515546,56
0.6862732842099755,1.189681261973923,0.5034079777639475,True,spline,613.0,978.257857818535,56
0.6867812729865007,1.1509772866299572,0.4641960136434565,True,spline+,613.0,1110.5783052427182,56
0.6946575716734064,1.2327234885436131,0.5380659168702068,True,uniform,613.0,900.0732949833647,56
0.6056775183113261,1.2330610758576837,0.6273835575463576,True,classical,613.0,585.8857294600896,56
0.6698516638371483,1.2199270584503064,0.550075394613158,True,active,613.0,823.9008431227213,42
0.7646579779411727,1.3287490885403457,0.5640911105991727,True,active+,613.0,969.7790622244288,42
0.6107260884218371,1.0422094623992686,0.4314833739774315,True,spline,613.0,1036.6336454581185,42
0.6346615124210278,1.039653563095717,0.4049920506746896,True,spline+,613.0,1215.5555509483147,42
0.5534435966769017,1.1173570873250296,0.5639134906481279,True,uniform,613.0,599.8879152071137,42
0.7914995475520263,1.5318856635803206,0.7403861160282943,True,classical,613.0,679.0830646870963,42
0.5764421326328312,1.1782849299858371,0.6018427973530062,True,active,536.0,579.2945150876769,83
0.603556249668771,1.1351152844015835,0.5315590347328125,True,active+,536.0,742.139529782853,83
0.582013052985099,0.97691092577519,0.3948978727900909,True,spline,536.0,1103.9330390634198,83
0.5960369311393044,0.9756919940070008,0.3796550628676962,True,spline+,536.0,1219.0440339416673,83
0.6079901949250491,1.1551982807668717,0.5472080858418223,True,uniform,536.0,718.6985302688812,83
0.4471373955361671,0.9470668477362224,0.4999294522000551,True,classical,536.0,525.6941835692618,83
0.5885655912376277,1.1871497772079416,0.5985841859703138,True,active,536.0,601.4953599188805,97
0.5038738272249741,0.9509129130231232,0.4470390857981491,True,active+,536.0,734.1069810677786,97
0.6881167809946056,1.267622780233178,0.5795059992385725,True,spline,536.0,793.3078371706376,97
0.6298155223592674,1.0932906349552742,0.4634751125960068,True,spline+,536.0,973.4547046820016,97
0.785837712802216,1.5011267764117764,0.7152890636095603,True,uniform,536.0,706.8605247365886,97
0.3783064468221938,0.8443171649723299,0.4660107181501361,True,classical,536.0,459.4080628643366,97
0.7068312565671796,1.3397122776551778,0.6328810210879982,True,active,536.0,724.2173804776828,40
0.5752607228813253,1.0593280449800646,0.4840673220987392,True,active+,536.0,794.2782889445115,40
0.6917898235684484,1.274395114340296,0.5826052907718476,True,spline,536.0,793.2956232858379,40
0.7161824978186876,1.240607714204798,0.5244252163861104,True,spline+,536.0,980.906111516262,40
0.6762643594705362,1.2416373257119608,0.5653729662414246,True,uniform,536.0,802.0479179382593,40
0.7294623743399673,1.5231929976867966,0.7937306233468293,True,classical,536.0,546.2367239330756,40
0.5362073060294307,0.9793162184909432,0.4431089124615124,True,active,689.0,816.1397549997434,74
0.5742935762439043,1.0058558752055655,0.4315622989616614,True,active+,689.0,942.6706231930142,74
0.7393378538318427,1.2411347121019525,0.5017968582701098,True,spline,689.0,1103.4057318211935,74
0.7041078268687267,1.1403413846637849,0.4362335577950581,True,spline+,689.0,1273.7141203360993,74
0.6242981490187592,1.1395306835037846,0.5152325344850254,True,uniform,689.0,817.7410238706829,74
0.4144277316713136,0.8461213226862774,0.4316935910149637,True,classical,689.0,581.20515384067,74
0.7720284703584294,1.2994646061370851,0.5274361357786558,True,active,766.0,1092.1613399005828,31
0.7517132241330698,1.2300897695101911,0.4783765453771212,True,active+,766.0,1220.811022166988,31
0.7390184248482858,1.2122017829169836,0.4731833580686977,True,spline,766.0,1209.0806765899356,31
0.689769192449198,1.0957012214865367,0.4059320290373387,True,spline+,766.0,1382.5019687044953,31
0.7082940986030782,1.209051139715465,0.5007570411123868,True,uniform,766.0,1035.5402332097794,31
0.7623751681552368,1.3965536664127982,0.6341784982575615,True,classical,766.0,808.0962341961904,31
0.5372614927511244,1.012793392685931,0.4755318999348065,True,active,766.0,736.6890904759797,25
0.5262231824891449,0.9274924142456258,0.4012692317564809,True,active+,766.0,921.8107571467908,25
0.5833139940293103,0.9137554646929664,0.3304414706636562,True,spline,766.0,1469.809006862694,25
0.6647612280340702,1.0256685560769283,0.3609073280428583,True,spline+,766.0,1574.4038176659733,25
0.6655164143595854,1.152007912204155,0.4864914978445697,True,uniform,766.0,983.493552745238,25
0.6728451844429232,1.2248477741999724,0.5520025897570492,True,classical,766.0,825.0936120727816,25
0.6037566525981729,1.152182297536285,0.5484256449381121,True,active,536.0,709.0041200853764,54
0.5644705939039125,1.0339013668519268,0.4694307729480143,True,active+,536.0,808.4104789626301,54
0.5278064372781868,0.9055778727484212,0.3777714354702345,True,spline,536.0,1016.0215442611316,54
0.5569352828835265,0.9246179576126502,0.3676826747291237,True,spline+,536.0,1152.2327284034009,54
0.575735979528503,1.2102454149202313,0.6345094353917283,True,uniform,536.0,536.4682171220339,54
0.6857359056922119,1.4684055368052902,0.7826696311130783,True,classical,536.0,510.70218661184896,54
0.694036584326481,1.2363090535592898,0.5422724692328088,True,active,689.0,888.2680958168241,60
0.6677710056512368,1.1469508772788508,0.479179871627614,True,active+,689.0,1011.9934151420416,60
0.6318440773934318,1.0239221302682502,0.3920780528748183,True,spline,689.0,1270.5412234805158,60
0.6255741001141811,0.9894283356000376,0.3638542354858564,True,spline+,689.0,1408.7718315591196,60
0.7463329618133404,1.2952406604673528,0.5489076986540123,True,uniform,689.0,974.304027379477,60
0.6707991080920188,1.3003953563128705,0.6295962482208515,True,classical,689.0,675.7458751695001,60
0.7642742419876999,1.3614072620977151,0.5971330201100152,True,active,689.0,888.3095159478182,48
0.7961605512673784,1.3586683162192594,0.562507764951881,True,active+,689.0,1036.595656156011,48
0.5289412165406684,0.8833085323081409,0.3543673157674725,True,spline,689.0,1126.0237279747091,48
0.5642587589977556,0.9117929303232444,0.3475341713254889,True,spline+,689.0,1285.693537706869,48
0.6066506528556647,1.1329212998264049,0.52627064697074,True,uniform,689.0,758.9839452771954,48
0.6563622132067928,1.2385071685907634,0.5821449553839706,True,classical,689.0,734.4477292557133,48
0.5456223013608089,0.88093405880683,0.335311757446021,True,active,1149.0,1290.2287686476525,8
0.5551050960729145,0.8878284606241023,0.3327233645511878,True,active+,1149.0,1342.5909938129337,8
0.6248920908493796,0.9353363969851798,0.3104443061358002,True,spline,1149.0,1820.2194413241612,8
0.6081941159144196,0.904957645950618,0.2967635300361985,True,spline+,1149.0,1874.9781595124048,8
0.6422741866717421,1.0425243776657842,0.4002501909940421,True,uniform,1149.0,1261.994517146777,8
0.5618385147432012,0.9516378950382506,0.3897993802950493,True,classical,1149.0,1066.269324954436,8
0.6446405975092703,1.080038167233507,0.4353975697242368,True,active,919.0,1111.8358912591736,19
0.5708538089277869,0.9353888281213024,0.3645350191935156,True,active+,919.0,1214.186695525202,19
0.6670376632493521,1.0356495008016375,0.3686118375522854,True,spline,919.0,1529.878291822274,19
0.6664674594871113,1.015280641611542,0.3488131821244308,True,spline+,919.0,1671.1720173801918,19
0.6926018735301784,1.1538855509755208,0.4612836774453424,True,uniform,919.0,1136.4704427246693,19
0.5847783571474644,1.0478499241890524,0.463071567041588,True,classical,919.0,870.3830570383429,19
0.6140213817214114,1.0025447525355584,0.388523370814147,True,active,1072.0,1231.894476297579,10
0.6430781624188264,1.032673038866836,0.3895948764480097,True,active+,1072.0,1319.9055508238714,10
0.6697849750583168,1.0154996046042826,0.3457146295459657,True,spline,1072.0,1709.5351767939014,10
0.6722219961587387,1.00602563929757,0.3338036431388312,True,spline+,1072.0,1821.601822155278,10
0.6742431323051178,1.112786661513999,0.4385435292088812,True,uniform,1072.0,1179.5278496447838,10
0.6286973773777691,1.0553177604280708,0.4266203830503017,True,classical,1072.0,1103.743057765635,10
0.8075333294029986,1.2327914465532004,0.4252581171502018,False,active,1149.0,1654.4413534677983,90
0.7887992570795896,1.191203059692585,0.4024038026129957,True,active+,1149.0,1742.6404633307434,90
0.5900631947480026,0.8747881357351894,0.2847249409871868,True,spline,1149.0,1909.8232765771784,90
0.5982927667436213,0.8815333521316647,0.2832405853880434,True,spline+,1149.0,1971.1075173113516,90
0.5192562675312083,0.8848705141901991,0.3656142466589908,True,uniform,1149.0,1042.1089856110962,90
0.5966086436045593,0.979008220426898,0.3823995768223386,True,classical,1149.0,1207.0899961320672,90
0.489476586554866,0.80591984293979,0.316443256384924,True,active,1072.0,1190.8343394849303,38
0.5211315172111709,0.8432916880459382,0.3221601708347673,True,active+,1072.0,1278.1690641962773,38
0.6487166928992331,0.9742578636897664,0.3255411707905332,True,spline,1072.0,1790.3314921924111,38
0.6832646266950321,1.0163269309192515,0.3330623042242194,True,spline+,1072.0,1878.057403454295,38
0.6482112793408358,1.0584571448920417,0.4102458655512059,True,uniform,1072.0,1231.4731360457367,38
0.6587492134162162,1.11475869156817,0.4560094781519538,True,classical,1072.0,1070.001321440261,38
0.8105605168743925,1.3136755803658016,0.5031150634914091,False,active,919.0,1269.9878595782188,31
0.7750846124161122,1.2283614917345058,0.4532768793183936,True,active+,919.0,1396.5198132491903,31
0.6409172843441838,0.98412412197727,0.3432068376330861,True,spline,919.0,1609.996017200804,31
0.6429292003654986,0.9733055174787968,0.330376317113298,True,spline+,919.0,1722.0567885689045,31
0.5580348024723303,0.9755466858679313,0.4175118833956008,True,uniform,919.0,949.0154981572718,31
0.7252313551662103,1.271870234291943,0.5466388791257327,True,classical,919.0,938.3138018338308,31
0.5400200715317683,0.920715808127535,0.3806957365957666,True,active,919.0,1040.1515632847895,25
0.5922238858364038,0.9698588232696296,0.3776349374332257,True,active+,919.0,1216.9618404867783,25
0.6791779111176967,1.062997341897033,0.3838194307793366,True,spline,919.0,1475.5407391512583,25
0.6596402454570259,1.0132914649516889,0.3536512194946629,True,spline+,919.0,1606.899808949286,25
0.6168818612154022,1.0280961162714917,0.4112142550560894,True,uniform,919.0,1134.906943577517,25
0.6241610618693466,1.087872375402357,0.4637113135330103,True,classical,919.0,959.3129202519546,25
0.7555131867930642,1.1928921417568974,0.4373789549638331,True,active,1149.0,1419.394620681274,84
0.7256600658099892,1.1236157932472108,0.3979557274372216,True,active+,1149.0,1548.9164787943105,84
0.691187002372136,1.0391368474696598,0.3479498450975238,True,spline,1149.0,1781.0755151739777,84
0.6779329258268783,1.0088255445118233,0.330892618684945,True,spline+,1149.0,1874.0376087631455,84
0.6032956457850843,0.9967370736941704,0.393441427909086,True,uniform,1149.0,1174.6099587553251,84
0.5957895556689209,0.9881865249509209,0.3923969692819998,True,classical,1149.0,1156.552673074339,84
0.6505657569713994,1.0281150034492876,0.3775492464778882,True,active,1149.0,1413.810143118096,53
0.6695681414413945,1.0415771766165407,0.3720090351751461,True,active+,1149.0,1516.6055681088626,53
0.615176700744645,0.9162590351538528,0.3010823344092076,True,spline,1149.0,1865.6191798539512,53
0.6225554461048328,0.920275556290592,0.2977201101857593,True,spline+,1149.0,1938.3844197387536,53
0.7107824016768702,1.1284978598878888,0.4177154582110185,True,uniform,1149.0,1385.5925577911037,53
0.5807067264629403,0.994260758643314,0.4135540321803738,True,classical,1149.0,1023.9345182188404,53
0.607144998366971,0.985933065505651,0.3787880671386799,True,active,1149.0,1259.7268286966453,47
0.5987597878268878,0.9424893290474478,0.34372954122056,True,active+,1149.0,1438.6994793073568,47
0.6955328495189155,1.0466957644390196,0.3511629149201041,True,spline,1149.0,1772.5439902118762,47
0.6741778898978407,1.0036364988533182,0.3294586089554775,True,spline+,1149.0,1870.295826022497,47
0.6743066240476491,1.1001241769184398,0.4258175528707907,True,uniform,1149.0,1235.7915839153627,47
0.6371447600791904,1.059206942966772,0.4220621828875814,True,classical,1149.0,1146.1324963803877,47
0.5861505220201437,0.9445950342056348,0.358444512185491,True,active,1149.0,1300.394226251878,51
0.5987197591260695,0.9422004316855628,0.3434806725594934,True,active+,1149.0,1440.221114448062,51
0.6444823363956009,0.9652294340097732,0.3207470976141722,True,spline,1149.0,1814.895455549302,51
0.6417513847136087,0.9518928531862832,0.3101414684726745,True,spline+,1149.0,1904.9878214796504,51
0.5361114287481188,0.9012173527193076,0.3651059239711889,True,uniform,1149.0,1097.5583290601844,51
0.653601163120826,1.0725651050294682,0.4189639419086423,True,classical,1149.0,1206.9323218755544,51
0.63916032367597,1.0202804173692257,0.3811200936932557,True,active,1149.0,1353.773551280953,45
0.6098695922244569,0.9507477167143455,0.3408781244898886,True,active+,1149.0,1501.9862084414465,45
0.6032437624233172,0.8984510598530229,0.2952072974297056,True,spline,1149.0,1865.981668880863,45
0.6198959568494554,0.9160453608088204,0.2961494039593648,True,spline+,1149.0,1941.62423978214,45
0.7307889176102315,1.160637324548878,0.4298484069386467,True,uniform,1149.0,1383.6551489692622,45
0.5849142962423782,0.985100329148922,0.4001860329065437,True,classical,1149.0,1089.6822062922977,45
0.5145427365959786,0.8660464654632182,0.3515037288672396,True,active,1149.0,1092.2714394040445,79
0.5428462861607757,0.8761602318872183,0.3333139457264426,True,active+,1149.0,1292.0243849795977,79
0.6527030719349984,0.9744986643141516,0.3217955923791531,True,spline,1149.0,1843.2391174130928,79
0.6573058017517648,0.9732237793452636,0.3159179775934989,True,spline+,1149.0,1922.3734206519011,79
0.5667711851051792,0.9359150316588708,0.3691438465536915,True,uniform,1149.0,1177.0028076624285,79
0.5402249222698076,0.9059368835914092,0.3657119613216016,True,classical,1149.0,1107.8592938159172,79
0.6466047158658643,1.0528923561180703,0.4062876402522062,True,active,919.0,1245.606253714535,33
0.6403734558156258,1.0196685732025037,0.3792951173868777,True,active+,919.0,1368.3406974938923,33
0.6470682152257549,1.0003644446274536,0.3532962294016987,True,spline,919.0,1560.011218841774,33
0.6534360163905185,0.9953104151930532,0.3418743988025347,True,spline+,919.0,1672.1172269169308,33
0.5930035762218002,1.01529644642908,0.4222928702072799,True,uniform,919.0,1024.0036961528265,33
0.6759709664641752,1.1579866089511217,0.4820156424869465,True,classical,919.0,1021.9027583993828,33
0.6765611663470891,1.0647732999810142,0.3882121336339251,True,active,1149.0,1439.7768592747084,92
0.6373903353173196,0.9814704428462044,0.3440801075288849,True,active+,1149.0,1589.0437929980103,92
0.615912858036698,0.9178972244816468,0.3019843664449488,True,spline,1149.0,1860.1021588053743,92
0.6570502071980339,0.9713983930884088,0.314348185890375,True,spline+,1149.0,1937.0381851103944,92
0.5608404433226986,0.9256159429486674,0.3647754996259689,True,uniform,1149.0,1179.5698871607906,92
0.6334385075446421,1.055205573724724,0.421767066180082,True,classical,1149.0,1136.9469373707673,92
0.7569459000166314,1.1673777843965798,0.4104318843799484,True,active,1149.0,1577.6652755936527,86
0.7036707641038643,1.0721943427622456,0.3685235786583812,True,active+,1149.0,1669.4027073076495,86
0.6398702504819922,0.9568807648346744,0.3170105143526822,True,spline,1149.0,1828.4964256604887,86
0.665348074390968,0.9861469505318056,0.3207988761408376,True,spline+,1149.0,1912.3190639924132,86
0.6587353394685606,1.0661154280872995,0.407380088618739,True,uniform,1149.0,1277.4015801951489,86
0.6914733478035611,1.1531450431061545,0.4616716953025932,True,classical,1149.0,1132.080253140374,86
0.6337186914372029,1.1056818324828022,0.4719631410455992,True,active,919.0,955.7257660845617,27
0.6653568339512804,1.1154827570375851,0.4501259230863047,True,active+,919.0,1108.9959026584634,27
0.6599716423928195,1.0292315675740211,0.3692599251812016,True,spline,919.0,1499.504335343891,27
0.6469706599982601,0.99242119322185,0.34545053322359,True,spline+,919.0,1617.5682781420214,27
0.6450003450510221,1.0785249262749197,0.4335245812238973,True,uniform,919.0,1120.3297312294635,27
0.690800136200857,1.2146226200855137,0.5238224838846565,True,classical,919.0,929.7369163492416,27
0.4649210848681686,0.8975063091284744,0.4325852242603058,True,active,766.0,684.4062118509207,33
0.4943587290240862,0.9055199601868398,0.4111612311627536,True,active+,766.0,808.2995584200928,33
0.6759565309713078,1.087391005476109,0.4114344745048008,True,spline,766.0,1310.1058297183126,33
0.7565486462891796,1.1881704004846467,0.4316217541954671,True,spline+,766.0,1453.148049541442,33
0.6009477883135707,1.0649748289986454,0.4640270406850747,True,uniform,766.0,904.3689805180856,33
0.6816120478280608,1.25890452952164,0.577292481693579,True,classical,766.0,786.607416920525,33
0.5981005656767002,1.087570038155639,0.4894694724789388,True,active,689.0,828.1717802386083,76
0.6327337784804236,1.130500052504802,0.4977662740243785,True,active+,689.0,879.0946309562247,76
0.5182733515313755,0.8486097772938229,0.3303364257624473,True,spline,689.0,1217.7967758528348,76
0.5360221043642701,0.8554089315795051,0.319386827215235,True,spline+,689.0,1355.356758159803,76
0.5650582817877476,1.0405189599522544,0.4754606781645067,True,uniform,689.0,794.3321716682842,76
0.5135021941859368,0.991347200312482,0.4778450061265452,True,classical,689.0,684.2854121147527,76
0.5566746959759679,1.1127469664754512,0.5560722704994834,True,active,536.0,617.2576641994185,42
0.6072119518006077,1.1515090745026326,0.5442971227020249,True,active+,536.0,723.012644120555,42
0.5659856504958622,0.9511756951375292,0.385190044641667,True,spline,536.0,1098.7187821820366,42
0.6160612969245787,1.0083715856937268,0.3923102887691481,True,spline+,536.0,1219.532822328343,42
0.6426949596528658,1.2555133244994097,0.6128183648465438,True,uniform,536.0,660.3431159631779,42
0.5922062046322724,1.224698045855128,0.6324918412228556,True,classical,536.0,560.8599864554013,42
0.5444973178579822,1.037717345143226,0.4932200272852438,True,active,689.0,711.922982206321,62
0.5863646609744143,1.0700867128802605,0.4837220519058461,True,active+,689.0,818.2594073457233,62
0.5955186059218486,0.9629095484834416,0.3673909425615931,True,spline,689.0,1282.3412153071506,62
0.6304504111199252,0.9959463159844446,0.3654959048645194,True,spline+,689.0,1416.1676473661632,62
0.5098943812250881,0.9857220688773553,0.4758276876522671,True,uniform,689.0,681.4640608895627,62
0.6115477867917363,1.1491946156132835,0.5376468288215475,True,classical,689.0,744.0859941633576,62
0.589995985687482,1.1235524626797144,0.5335564769922324,True,active,536.0,713.6496362550332,56
0.588095055455926,1.1090251780654514,0.5209301226095254,True,active+,536.0,735.8404096299676,56
0.6378595375917528,1.1442102519610715,0.5063507143693189,True,spline,536.0,867.1417166855881,56
0.6219151939385767,1.0598758069332903,0.4379606129947138,True,spline+,536.0,1041.87642435248,56
0.6429433806935934,1.301806343663318,0.6588629629697247,True,uniform,536.0,594.9832043201407,56
0.7273229636828905,1.527877075886651,0.8005541122037602,True,classical,536.0,537.4304138656365,56
0.5963997845812674,1.0663005326508113,0.4699007480695438,True,active,766.0,877.0572582016897,27
0.5946986643197157,1.0070947463489377,0.4123960820292217,True,active+,766.0,1067.0790897107065,27
0.6583341404100447,1.065416577193649,0.4070824367836043,True,spline,766.0,1277.6483458843372,27
0.6506497865773919,1.0267715983010903,0.3761218117236984,True,spline+,766.0,1422.7289241830294,27
0.7877169108770141,1.315368877346317,0.5276519664693029,True,uniform,766.0,1126.303110178889,27
0.7955257766140905,1.4734781434345885,0.677952366820498,True,classical,766.0,779.3724575804214,27
0.4192660736433972,0.8580828016807569,0.4388167280373596,True,active,689.0,577.2667125286332,89
0.4510756718190555,0.8560857718341195,0.405010100015064,True,active+,689.0,721.242644996491,89
0.5358032754665185,0.8586504002117973,0.3228471247452787,True,spline,689.0,1331.376631602844,89
0.5445444900138867,0.8598821829375712,0.3153376929236845,True,spline+,689.0,1418.7300395005398,89
0.4844886394609851,0.9461436788510528,0.4616550393900675,True,uniform,689.0,660.9927196171018,89
0.7718586232822989,1.433551895056083,0.6616932717737841,True,classical,689.0,772.5108081373404,89
0.3311278506210033,0.7825429762359063,0.4514151256149029,False,active,536.0,400.31078101962856,81
0.3925267244490877,0.7981972624823747,0.4056705380332869,True,active+,536.0,587.7961245926889,81
0.4873730199722991,0.8174545738748992,0.3300815539026001,True,spline,536.0,1107.081879301882,81
0.615823988820695,1.018277967714956,0.402453978894261,True,spline+,536.0,1170.748247766702,81
0.5296970808734618,1.042304465928532,0.5126073850550703,True,uniform,536.0,646.2645323888413,81
0.6165878568636622,1.292732059834416,0.6761442029707538,True,classical,536.0,540.2676602109404,81
0.5094081336332178,1.0945344870741347,0.5851263534409169,True,active,536.0,506.17830429367814,95
0.5293496707158617,1.0213210820075458,0.4919714112916841,True,active+,536.0,685.5510529877185,95
0.6704184899353371,1.1580629288001696,0.4876444388648324,True,spline,536.0,991.0525650433276,95
0.6880764146835091,1.144698959440517,0.4566225447570079,True,spline+,536.0,1142.9003384970931,95
0.5713103819662795,1.1372207954423628,0.5659104134760833,True,uniform,536.0,624.8050631241188,95
0.6081733617349467,1.2928774283204425,0.6847040665854958,True,classical,536.0,520.6015729933808,95
0.6447900437457431,1.1622906003439328,0.5175005565981897,True,active,613.0,852.8628106454988,54
0.5889604393337504,1.0229142772331443,0.4339538378993941,True,active+,613.0,971.5810096805612,54
0.5155736815792363,0.8684064254854083,0.3528327439061719,True,spline,613.0,1089.258174225488,54
0.5406234721523723,0.8778755552910479,0.3372520831386756,True,spline+,613.0,1259.9296918022303,54
0.5014188456278056,0.974094526603959,0.4726756809761534,True,uniform,613.0,671.4530802340452,54
0.40545309814224,0.8559113453893752,0.4504582472471352,True,classical,613.0,530.4077117345172,54
0.7365996786030893,1.3209810464999678,0.5843813678968786,True,active,613.0,867.9330609048889,40
0.7518511482738285,1.2991052345183325,0.547254086244504,True,active+,613.0,989.998926597991,40
0.7445348293855718,1.2964667890575554,0.5519319596719836,True,spline,613.0,962.54073324605,40
0.7187780968936045,1.189341670031525,0.4705635731379204,True,spline+,613.0,1167.5167139330422,40
0.7298727310839279,1.324109187036996,0.5942364559530682,True,uniform,613.0,834.6281863831231,40
0.6663802504244638,1.3134241016422346,0.6470438512177707,True,classical,613.0,643.1285280529142,40
0.664240431677145,1.0847711035997465,0.4205306719226013,True,active,1072.0,1230.8245042234846,4
0.6856834452978252,1.0868651577433606,0.4011817124455353,True,active+,1072.0,1395.4739505207497,4
0.6363758268461277,0.9633749301281184,0.3269991032819905,True,spline,1072.0,1722.140334157329,4
0.617778231615067,0.9259628455691477,0.3081846139540807,True,spline+,1072.0,1807.8513103908624,4
0.559640627189274,0.928388271450238,0.368747644260964,True,uniform,1072.0,1155.770244418549,4
0.5415720316040148,0.9174165464512004,0.3758445148471856,True,classical,1072.0,1065.80245216932,4
0.4921398671068363,1.0253010055007865,0.53316113839395,True,active,613.0,549.6322101696513,97
0.5332109961947455,1.0110362351422804,0.4778252389475348,True,active+,613.0,723.3219506531038,97
0.5448291973035226,0.9292749273670134,0.3844457300634908,True,spline,613.0,1038.6435958966313,97
0.5725480141808802,0.9436810374553534,0.3711330232744732,True,spline+,613.0,1185.8636972339991,97
0.7038784975546138,1.280627117224274,0.5767486196696602,True,uniform,613.0,826.6305450852184,97
0.6356901671808827,1.2893319940222447,0.6536418268413621,True,classical,613.0,592.097759017968,97
0.5410280479549828,1.0968913505347768,0.555863302579794,True,active,613.0,592.7747811135606,83
0.5587586770178304,1.0284217771989592,0.4696631001811288,True,active+,613.0,795.5904815942015,83
0.5767543609399589,0.9721074003563724,0.3953530394164135,True,spline,613.0,1086.46312759863,83
0.6011770155370385,0.9793711202107916,0.3781941046737531,True,spline+,613.0,1243.2586629983548,83
0.5683288534133876,1.0964444143384025,0.5281155609250149,True,uniform,613.0,685.7083337324817,83
0.5734342671766472,1.1183966427891767,0.5449623756125295,True,classical,613.0,663.5528449373711,83
0.5855720107284854,1.0146853919009462,0.4291133811724608,True,active,842.0,979.7534105904324,80
0.6029155345744257,1.001259490162994,0.3983439555885684,True,active+,842.0,1150.8462231176268,80
0.6531850982251973,1.018970349513627,0.3657852512884297,True,spline,842.0,1497.370565958527,80
0.6420428349055449,0.9861592414792384,0.3441164065736933,True,spline+,842.0,1607.6619477064532,80
0.56190636569032,1.0259333311472536,0.4640269654569335,True,uniform,842.0,816.9829868419739,80
0.7159467439785022,1.2810848983185146,0.5651381543400124,True,classical,842.0,874.594420092606,80
0.6414615333306173,1.12238445118987,0.4809229178592527,True,active,842.0,946.0161976354927,94
0.6404317688438501,1.0703650000492595,0.4299332312054096,True,active+,842.0,1122.4523423020198,94
0.64207025846917,1.007262782083752,0.3651925236145821,True,spline,842.0,1460.3146515687004,94
0.6346486850766998,0.9767958268140966,0.3421471417373968,True,spline+,842.0,1592.4624921424668,94
0.7158351079704626,1.2265797851016451,0.5107446771311825,True,uniform,842.0,1020.9651981166307,94
0.6752510300514961,1.2090836503935225,0.5338326203420262,True,classical,842.0,872.5635671169006,94
0.5752599813845433,1.1238640312686214,0.5486040498840782,True,active,459.0,660.1924749645182,88
0.6124366557430634,1.143941724955041,0.5315050692119776,True,active+,459.0,758.527229225226,88
0.5214931343353861,0.9363898852079696,0.4148967508725836,True,spline,459.0,864.2287419722156,88
0.604072870365805,1.0497932538657393,0.4457203834999342,True,spline+,459.0,969.4664291031854,88
0.4680465880999561,0.9773175084185652,0.5092709203186091,True,uniform,459.0,546.2553219294493,88
0.3907319201977203,0.8992933911978163,0.508561471000096,True,classical,459.0,426.12438569988944,88
0.6989478839867523,1.138475417362376,0.4395275333756238,True,active,996.0,1244.0340605921915,28
0.7225474518506614,1.144511721315608,0.4219642694649466,True,active+,996.0,1399.642529627339,28
0.7387011409974346,1.137843169772914,0.3991420287754795,True,spline,996.0,1586.641222618941,28
0.7454998831338924,1.126392843923368,0.3808929607894757,True,spline+,996.0,1738.3071172630114,28
0.6089100198137604,1.0318732157689656,0.4229631959552052,True,uniform,996.0,1064.287352387675,28
0.6435731728793563,1.1145307095970267,0.4709575367176704,True,classical,996.0,981.8660276359826,28
0.6173621271166808,1.090814408472543,0.4734522813558622,True,active,842.0,913.844641912894,43
0.6026053126359906,1.0189284089252515,0.4163230962892611,True,active+,842.0,1073.287737965424,43
0.6454482786637595,1.0218118217842724,0.3763635431205129,True,spline,842.0,1403.0736966210395,43
0.6455363383887504,1.000536229351489,0.3549998909627386,True,spline+,842.0,1541.965382919858,43
0.6372503992392939,1.1457071427513137,0.5084567435120195,True,uniform,842.0,860.4648031587213,43
0.6233054630353929,1.1125860162671033,0.4892805532317104,True,classical,842.0,882.0099992620035,43
0.451210306153759,1.0119290747486327,0.5607187685948737,True,active,459.0,453.89983016129906,63
0.4725077478163939,0.9503149408903128,0.4778071930739188,True,active+,459.0,606.4689528206497,63
0.7571201909364413,1.380524439035401,0.6234042480989597,True,spline,459.0,820.5941076602911,63
0.7586655032847937,1.3090712519092145,0.5504057486244206,True,spline+,459.0,995.0157225767192,63
0.4567754629520251,0.9576299638358448,0.5008545008838197,True,uniform,459.0,540.3301491236132,63
0.4513857519583503,1.0782988320324904,0.62691308007414,True,classical,459.0,390.4671454835144,63
0.3928492910109193,0.8824072194982756,0.4895579284873563,True,active,459.0,452.16563105916833,77
0.5030731648573807,1.0308996409018516,0.5278264760444709,True,active+,459.0,575.2462480158155,77
0.579665809177015,1.072026832440782,0.4923610232637669,True,spline,459.0,783.2385011914494,77
0.587253531501034,1.032489095978292,0.445235564477258,True,spline+,459.0,929.9578385586652,77
0.6005268291166939,1.1888436665882416,0.5883168374715477,True,uniform,459.0,634.8742258014132,77
0.5556214811311923,1.3209005483315153,0.765279067200323,True,classical,459.0,394.840273051904,77
0.6972087473431082,1.1433193441283536,0.4461105967852453,True,active,842.0,1210.374823397911,57
0.670991361704337,1.080558426720333,0.4095670650159959,True,active+,842.0,1304.232625889736,57
0.6759771362085845,1.0618685853771577,0.3858914491685732,True,spline,842.0,1451.7126545706944,57
0.6544170260499486,1.0088609145733325,0.3544438885233839,True,spline+,842.0,1580.5180663877563,57
0.5630402401943163,1.0019347071368971,0.4388944669425808,True,uniform,842.0,891.4272130344589,57
0.5824225883577393,1.0474200200956014,0.4649974317378621,True,classical,842.0,859.6604667954338,57
0.6294616369615015,1.0279019384399928,0.3984403014784913,True,active,996.0,1231.175689318626,14
0.668458787006354,1.0639207759553082,0.3954619889489542,True,active+,996.0,1370.932503585137,14
0.6296690593295714,0.9497936894354574,0.320124630105886,True,spline,996.0,1752.462517835909,14
0.6288512075517072,0.9395710795085844,0.3107198719568771,True,spline+,996.0,1836.5616817588816,14
0.5678174641188627,0.9779333380890262,0.4101158739701634,True,uniform,996.0,1001.875378722977,14
0.6081239141601399,1.0423470543383462,0.4342231401782063,True,classical,996.0,1019.766213893248,14
0.5992629047480122,1.0077186445647612,0.408455739816749,True,active,996.0,1096.1251665503107,15
0.5949333339299597,0.9616463146003408,0.3667129806703809,True,active+,996.0,1284.1015190918486,15
0.7130395363083384,1.0951121809701994,0.3820726446618609,True,spline,996.0,1608.3184981300024,15
0.6867285622421894,1.0408573738585492,0.3541288116163598,True,spline+,996.0,1712.1533105187757,15
0.8574472293965553,1.369471495443708,0.5120242660471527,False,uniform,996.0,1350.634994107193,15
0.7267198194146597,1.2692464017318008,0.5425265823171411,True,classical,996.0,952.214530501826,15
0.4588775909500726,0.8372533115724885,0.3783757206224158,True,active,842.0,818.8307398367955,56
0.5052813174912585,0.8597840806308072,0.3545027631395487,True,active+,842.0,1047.9115039202827,56
0.6070714642865166,0.9396428360233248,0.3325713717368083,True,spline,842.0,1551.556616920925,56
0.6210019345002912,0.947089711094168,0.3260877765938769,True,spline+,842.0,1662.230710691388,56
0.5969638280401266,1.0123580927647438,0.4153942647246171,True,uniform,842.0,1061.385580953387,56
0.5909249139505759,1.0698401438449323,0.4789152298943564,True,classical,842.0,840.4016524126614,56
0.5083182398691002,1.084448879250767,0.5761306393816668,True,active,459.0,515.7295392102283,76
0.521736505576883,1.012458154795225,0.4907216492183419,True,active+,459.0,673.6684378848294,76
0.6121202347227733,1.1260663780589577,0.5139461433361844,True,spline,459.0,796.9117396380311,76
0.6000827373606357,1.0476529436106707,0.4475702062500351,True,spline+,459.0,953.5735161476782,76
0.4769207988649716,1.0569716359599637,0.5800508370949918,True,uniform,459.0,467.5382746551967,76
0.5435366329132794,1.2277514903677444,0.6842148574544651,True,classical,459.0,445.9554246543214,76
0.5439654517754775,1.1727859392362077,0.6288204874607302,True,active,459.0,501.6859793088092,62
0.5571139571255577,1.1042109246020586,0.5470969674765009,True,active+,459.0,632.6723357419771,62
0.5672271384009052,1.028432944679038,0.4612058062781329,True,spline,459.0,836.2935079692077,62
0.6500832970332258,1.130834377635504,0.4807510806022781,True,spline+,459.0,966.1181561898512,62
0.4611911396426464,1.0438781919962228,0.5826870523535763,True,uniform,459.0,443.7276896042437,62
0.4989247027695931,1.076344803484033,0.5774201007144399,True,classical,459.0,500.87806245862527,62
0.6305175976921834,1.056353485493922,0.4258358878017386,True,active,996.0,1111.9290936930504,29
0.6454136902377364,1.0494114685277285,0.403997778289992,True,active+,996.0,1253.1402135725702,29
0.5794581646631679,0.8794528356430551,0.2999946709798872,True,spline,996.0,1701.1274403716668,29
0.5710054764030928,0.8585513240720483,0.2875458476689554,True,spline+,996.0,1780.094110658751,29
0.643093351020146,1.0640105469645278,0.4209171959443818,True,uniform,996.0,1167.9426779856285,29
0.5220295846357677,0.9104126013269648,0.3883830166911971,True,classical,996.0,957.2339839274002,29
0.7450223714636899,1.411316224819238,0.6662938533555482,True,active,459.0,725.4748540164719,89
0.588580447968219,1.110902924742176,0.522322476773957,True,active+,459.0,733.833799213072,89
0.6094279168936932,1.1148882097429396,0.5054602928492463,True,spline,459.0,811.6732401668015,89
0.5498374266140355,0.962653676469014,0.4128162498549784,True,spline+,459.0,943.9579206182508,89
0.5585155846714727,1.1841796593865177,0.6256640747150448,True,uniform,459.0,524.2691940968015,89
0.5948743943772482,1.320343489329911,0.7254690949526629,True,classical,459.0,465.79920612199425,89
0.6343148387702682,1.0909218031477326,0.4566069643774644,True,active,842.0,1007.0875061862472,95
0.6194443019279074,1.0220875626531245,0.402643260725217,True,active+,842.0,1180.716307244399,95
0.6555505310471064,1.0221094349155049,0.3665589038683983,True,spline,842.0,1501.0066023734812,95
0.7094423428434966,1.089245081827842,0.3798027389843454,True,spline+,842.0,1610.677255632599,95
0.5264894229404082,0.9882942566784524,0.4618048337380442,True,uniform,842.0,746.6268594688659,95
0.5989727211594925,1.0713422165891755,0.472369495429683,True,classical,842.0,875.814107390319,95
0.6816645343625372,1.156323813788603,0.4746592794260658,True,active,842.0,1060.2516707683412,81
0.6885373281703476,1.124401175208991,0.4358638470386434,True,active+,842.0,1231.0441015231916,81
0.6069149867259674,0.9449880019766724,0.3380730152507051,True,spline,842.0,1510.2750557177126,81
0.6620051584050065,1.0160881759577207,0.3540830175527142,True,spline+,842.0,1613.0755604594565,81
0.5120589397903217,0.932306363957712,0.4202474241673903,True,uniform,842.0,824.6388485432561,81
0.6788632643849567,1.2309609833970687,0.552097719012112,True,classical,842.0,836.0152629214848,81
0.7831528500852307,1.4804236812979563,0.6972708312127258,True,active,613.0,730.2864139511375,82
0.7940972455341244,1.413385160734291,0.6192879152001667,True,active+,613.0,890.8089022305634,82
0.5951786799016906,1.0119964875109335,0.4168178076092429,True,spline,613.0,1050.8638724646144,82
0.6552837206088333,1.072747893009396,0.4174641724005627,True,spline+,613.0,1218.7169557276566,82
0.4265464079441448,0.9037358540425732,0.4771894460984285,True,uniform,613.0,525.2571075446482,82
0.5328716457560877,1.097710216002374,0.5648385702462863,True,classical,613.0,566.9196371950594,82
0.5813632720593804,1.072176790768529,0.4908135187091482,True,active,613.0,790.3803213197003,96
0.6154034744344179,1.0793033107817176,0.4638998363472997,True,active+,613.0,938.1804782799755,96
0.6554742314167347,1.125762417192306,0.4702881857755713,True,spline,613.0,1012.2186400891126,96
0.6479804678549009,1.0678725849764634,0.4198921171215625,True,spline+,613.0,1186.4736967317983,96
0.4906426544117078,0.956597097781772,0.4659544433700642,True,uniform,613.0,664.2324683088964,96
0.4644459625364781,0.9932231006827892,0.528777138146311,True,classical,613.0,512.4906129045239,96
0.667231360807544,1.0753017068471555,0.4080703460396115,True,active,1072.0,1300.1761048371814,5
0.6724383220278872,1.0610528116026692,0.3886144895747819,True,active+,1072.0,1423.3324657571063,5
0.6138106210358064,0.9216701539104456,0.3078595328746391,True,spline,1072.0,1791.908206677237,5
0.6528705879530718,0.9714630780534512,0.3185924901003792,True,spline+,1072.0,1874.6923438517624,5
0.5396185575503887,0.9029403161368128,0.3633217585864242,True,uniform,1072.0,1117.3058244036893,5
0.5096178154353466,0.8642253150332125,0.3546074995978659,True,classical,1072.0,1061.4203827236067,5
0.6788016782717495,1.217633671882891,0.5388319936111415,True,active,613.0,867.1898216447665,69
0.7459088826957536,1.2889819988592135,0.5430731161634599,True,active+,613.0,989.5938358145836,69
0.5505363678421025,0.9161732521610034,0.3656368843189009,True,spline,613.0,1141.4852345785046,69
0.543017682626881,0.8888319247395428,0.3458142421126617,True,spline+,613.0,1219.430257006569,69
0.6356227517632277,1.1709357972318029,0.5353130454685752,True,uniform,613.0,793.2733770826815,69
0.7065754589707861,1.4144630435635388,0.7078875845927527,True,classical,613.0,614.6470293150525,69
0.7442644679763385,1.2839789837296904,0.5397145157533519,True,active,613.0,995.7075505052828,41
0.6835937039035511,1.152079324277265,0.4684856203737135,True,active+,613.0,1086.8373253016384,41
0.4651283412564143,0.7737223438646906,0.3085940026082763,False,spline,613.0,1143.3376611773574,41
0.4871855494481482,0.7891100054690712,0.3019244560209229,False,spline+,613.0,1273.1372023845174,41
0.4783081453734785,0.9420848520284846,0.463776706655006,True,uniform,613.0,644.4427111248294,41
0.6527951673399339,1.3057742557197736,0.6529790883798396,True,classical,613.0,616.0436660897058,41
0.7161639496905526,1.2974265124291842,0.5812625627386315,True,active,613.0,838.5547879149823,55
0.7457436336267713,1.302186845885837,0.5564432122590657,True,active+,613.0,952.96349479743,55
0.5860045675955633,1.0249085642680078,0.4389039966724445,True,spline,613.0,947.4733017550848,55
0.6026249066282894,1.021817541453099,0.4191926348248096,True,spline+,613.0,1061.9398026419617,55
0.6230485514148897,1.1945673124259195,0.57151876101103,True,uniform,613.0,698.860557970953,55
0.4523107479976372,0.9145888400560186,0.4622780920583814,True,classical,613.0,597.2605776129577,55
0.750317847059182,1.407248630069588,0.6569307830104059,True,active,536.0,748.6569423797929,94
0.6945881847221452,1.24638536021701,0.5517971754948648,True,active+,536.0,866.1573507031206,94
0.6444427359305499,1.0908825411819825,0.4464398052514325,True,spline,536.0,1068.7575171349831,94
0.6380870232917154,1.0430279432598073,0.4049409199680919,True,spline+,536.0,1226.177834040057,94
0.5843917207020413,1.1303829499776454,0.5459912292756042,True,uniform,536.0,680.2882565366976,94
0.5038792483884097,1.0829007854701624,0.5790215370817527,True,classical,536.0,505.8778651084183,94
0.6128860215933832,1.2125789351150056,0.5996929135216224,True,active,536.0,635.9974997746843,80
0.5933993462214822,1.1061750829869808,0.5127757367654986,True,active+,536.0,763.3917699721791,80
0.6052229960181261,1.1169856719452316,0.5117626759271054,True,spline,536.0,788.5200706196472,80
0.650219041182722,1.1254539714554466,0.4752349302727245,True,spline+,536.0,983.729965605556,80
0.3784664253154601,0.8305453665192523,0.4520789412037921,True,uniform,536.0,479.3396400666319,80
0.5016558994794086,1.0394387132556089,0.5377828137762003,True,classical,536.0,557.8968446678259,80
0.6034200629778415,1.0787870609593002,0.4753669979814587,True,active,689.0,877.2391696650442,88
0.6505870561406093,1.109325531003229,0.4587384748626197,True,active+,689.0,1039.811457743108,88
0.7010549862853851,1.1151673632115884,0.4141123769262033,True,spline,689.0,1374.2898019611862,88
0.7020094138051394,1.0912791108070352,0.3892696970018958,True,spline+,689.0,1521.4184873349277,88
0.5976294334500337,1.086800506052476,0.4891710726024424,True,uniform,689.0,827.9496543760921,88
0.5205411937864628,0.9979948127179448,0.4774536189314821,True,classical,689.0,698.9374786137167,88
0.4185075011428211,0.9419254921920376,0.5234179910492165,True,active,536.0,449.93466219189895,57
0.4368846809496886,0.8743393748254317,0.437454693875743,True,active+,536.0,615.136030356507,57
0.5794403431811507,0.9989990625493184,0.4195587193681677,True,spline,536.0,998.0178597761036,57
0.5846851909091123,0.9693731278862332,0.3846879369771208,True,spline+,536.0,1158.419758069734,57
0.6114528652741289,1.192198708062623,0.5807458427884942,True,uniform,536.0,664.1321234287785,57
0.5402950464439222,1.128155795092706,0.5878607486487837,True,classical,536.0,546.2843748466822,57
0.5876622348756971,1.057630685994834,0.4699684511191367,True,active,689.0,857.4817608117155,63
0.5909214429302709,1.0104653196536388,0.4195438767233679,True,active+,689.0,1028.7901003506545,63
0.5929895809503908,0.9722789237997452,0.3792893428493543,True,spline,689.0,1211.061603598287,63
0.648365363756271,1.0351490985472105,0.3867837347909393,True,spline+,689.0,1352.7961751906196,63
0.6272664403459636,1.134138303444265,0.5068718630983013,True,uniform,689.0,844.1477148799305,63
0.5562963459554582,1.0934816452261988,0.5371852992707407,True,classical,689.0,648.2994778541672,63
0.5760345845074836,1.0065551998569406,0.430520615349457,True,active,766.0,950.564495527296,26
0.5302640963839709,0.8905680260244897,0.3603039296405188,True,active+,766.0,1101.457320896085,26
0.7499031030424299,1.227838900882874,0.4779357978404441,True,spline,766.0,1217.9436666146505,26
0.6999728878253224,1.1149500586869971,0.4149771708616747,True,spline+,766.0,1366.331527433067,26
0.5787375777091233,0.994820502347402,0.4160829246382787,True,uniform,766.0,1009.0207835465434,26
0.5005821498794915,0.9399433493828364,0.439361199503345,True,classical,766.0,745.9192221951292,26
0.5849376510624474,1.0424043303868449,0.4574666793243974,True,active,766.0,886.9804153469992,32
0.6038114216065881,1.0230839961676392,0.4192725745610511,True,active+,766.0,1064.8753383406329,32
0.6968412053573544,1.1271487966423968,0.4303075912850423,True,spline,766.0,1280.4106411305816,32
0.6905203668497032,1.086048067717624,0.3955277008679206,True,spline+,766.0,1443.8431634547612,32
0.6568102765784483,1.136839560915519,0.4800292843370708,True,uniform,766.0,983.80276385876,32
0.5975663579069349,1.14429142033059,0.5467250624236552,True,classical,766.0,701.5294112028414,32
0.5043073381960802,1.041068037711144,0.5367606995150637,True,active,536.0,563.6152309018245,43
0.5000075857540259,0.9441851436012936,0.4441775578472677,True,active+,536.0,732.7163027915519,43
0.5585268736423049,0.9439041357907167,0.3853772621484118,True,spline,536.0,1075.4261107779846,43
0.5465270131907431,0.891821890695076,0.3452948775043328,True,spline+,536.0,1234.8363043936642,43
0.6311436219745087,1.2277594971259136,0.5966158751514049,True,uniform,536.0,668.7389565026394,43
0.5258479097290713,1.0650144072735117,0.5391664975444402,True,classical,536.0,594.5108882111409,43
0.4414277305027975,0.8952019181398321,0.4537741876370346,True,active,689.0,592.3209725399477,77
0.499278989609707,0.9145710027797528,0.4152920131700458,True,active+,689.0,808.1869236515253,77
0.6958027705084735,1.1286017326116886,0.4327989621032151,True,spline,689.0,1265.7365326921824,77
0.7768976539460904,1.2308637652847572,0.4539661113386667,True,spline+,689.0,1398.349880622971,77
0.6662444349241458,1.1906224670702676,0.5243780321461219,True,uniform,689.0,878.4608106613553,77
0.7126429893212397,1.3887217693043372,0.6760787799830975,True,classical,689.0,665.2439832669476,77
0.663061566053696,1.0696642352001329,0.4066026691464368,True,active,1072.0,1294.6763847810464,13
0.6642707793214573,1.042829294375654,0.3785585150541968,True,active+,1072.0,1455.7279937612368,13
0.621374245557899,0.9336227108850966,0.3122484653271976,True,spline,1072.0,1786.297585193426,13
0.6213913581948424,0.925090732360359,0.3036993741655166,True,spline+,1072.0,1869.9239969476869,13
0.6402300631525295,1.0506999020302614,0.4104698388777319,True,uniform,1072.0,1206.5757671695822,13
0.6352256519314436,1.07870142216599,0.4434757702345462,True,classical,1072.0,1055.9734349225992,13
0.6066076697181348,0.970500661508428,0.3638929917902931,True,active,1149.0,1340.8273510178487,87
0.6344365626994048,0.9930022157142644,0.3585656530148596,True,active+,1149.0,1475.3376729089225,87
0.6364015713546081,0.9486541271190286,0.3122525557644205,True,spline,1149.0,1857.9169148510184,87
0.6252417334216412,0.925751144829969,0.3005094114083277,True,spline+,1149.0,1922.349663672679,87
0.5732479659250859,0.9452996204584247,0.372051654533339,True,uniform,1149.0,1183.532219788174,87
0.5763992272741993,0.9613208504802134,0.3849216232060141,True,classical,1149.0,1131.7084608066134,87
0.6231241111489265,1.0230553117829215,0.399931200633995,True,active,919.0,1204.5377307073986,26
0.6284801489499615,1.0076774461190177,0.3791972971690561,True,active+,919.0,1328.5344713044497,26
0.6055089470690365,0.929108730835096,0.3235997837660594,True,spline,919.0,1615.2284968145527,26
0.626962939696573,0.949747831968992,0.322784892272419,True,spline+,919.0,1716.7065665315597,26
0.6985632806394536,1.1572124781569866,0.4586491975175329,True,uniform,919.0,1162.2439596021925,26
0.7219044263499939,1.2621288765651395,0.5402244502151456,True,classical,919.0,948.7243066417268,26
0.5857895084662698,0.9715708410619206,0.3857813325956508,True,active,919.0,1156.6911984155522,32
0.6174098274767992,0.9996842844286618,0.3822744569518626,True,active+,919.0,1275.009370815045,32
0.6313040663722831,0.9720388914364196,0.3407348250641366,True,spline,919.0,1589.496458393943,32
0.6178658569800253,0.9392706677111522,0.3214048107311269,True,spline+,919.0,1687.9460139973817,32
0.6727018648363061,1.1567438205941152,0.484041955757809,True,uniform,919.0,1007.722399854848,32
0.6506490572815036,1.174863069546725,0.5242140122652215,True,classical,919.0,847.9247866913876,32
0.5243776544543625,0.8640267308116422,0.3396490763572797,True,active,1149.0,1187.2891714501193,93
0.5140174124399505,0.8193457279526197,0.3053283155126692,True,active+,1149.0,1362.0815564453237,93
0.6643051702387186,0.994080629687068,0.3297754594483494,True,spline,1149.0,1822.4833367438432,93
0.672305579048988,0.9969009625842734,0.3245953835352854,True,spline+,1149.0,1908.016591626593,93
0.6574633541912269,1.0681780268919638,0.4107146727007369,True,uniform,1149.0,1257.13332535586,93
0.5906861912449148,0.9944818466630144,0.4037956554180995,True,classical,1149.0,1091.1101476443328,93
0.6663297755701902,1.0786335542687149,0.4123037786985244,True,active,1149.0,1276.2850501108846,78
0.6019129610666392,0.9465136687146531,0.3446007076480141,True,active+,1149.0,1445.0090854739603,78
0.6251709041856276,0.9304350201143122,0.3052641159286846,True,spline,1149.0,1872.7801053925568,78
0.6403237821369197,0.946216707230774,0.3058929250938544,True,spline+,1149.0,1941.789014748764,78
0.7024934987211785,1.1214888595727674,0.4189953608515889,True,uniform,1149.0,1353.2017049482351,78
0.5617555661933243,0.9341312318626318,0.3723756656693074,True,classical,1149.0,1144.9101472451753,78
0.5500564025382135,0.8952209157991461,0.3451645132609325,True,active,1149.0,1248.2235135450642,44
0.4944621914911923,0.7848989114093079,0.2904367199181156,False,active+,1149.0,1386.7449575606838,44
0.667693090775011,0.996787151300224,0.3290940605252129,True,spline,1149.0,1844.0874564228184,44
0.6481062430686136,0.961341471110046,0.3132352280414322,True,spline+,1149.0,1904.7604066412189,44
0.7157857214885042,1.1415451309182247,0.4257594094297205,True,uniform,1149.0,1359.1173461212704,44
0.7220736982456056,1.194039235806143,0.471965537560537,True,classical,1149.0,1170.4553377440589,44
0.5970194002038497,0.964219663742474,0.3672002635386242,True,active,1149.0,1288.540493446453,50
0.6244931730437939,0.9811556539740606,0.3566624809302666,True,active+,1149.0,1450.6555636616474,50
0.6135693094404598,0.9123606416650994,0.2987913322246396,True,spline,1149.0,1881.145098809002,50
0.6395083315516817,0.9442714882174916,0.30476315666581,True,spline+,1149.0,1949.6055261430736,50
0.7656109773277656,1.2160493770435463,0.4504383997157809,True,uniform,1149.0,1383.1252989534453,50
0.5716487826959429,0.961562178662401,0.3899133959664581,True,classical,1149.0,1094.90060464842,50
